2026-05-28T22:35:10.158Z expo:telemetry Switching strategy from detached to instant
2026-05-28T22:35:10.205Z expo:telemetry Recording 1 event(s)
2026-05-28T22:35:10.212Z expo:env /Users/timothybarrett/Desktop/:Desktop:LiftFlow/.env does not exist, skipping this env file
2026-05-28T22:35:10.212Z expo:env /Users/timothybarrett/Desktop/:Desktop:LiftFlow/.env.development does not exist, skipping this env file
2026-05-28T22:35:10.212Z expo:env /Users/timothybarrett/Desktop/:Desktop:LiftFlow/.env.local does not exist, skipping this env file
2026-05-28T22:35:10.212Z expo:env /Users/timothybarrett/Desktop/:Desktop:LiftFlow/.env.development.local does not exist, skipping this env file
Starting project at /Users/timothybarrett/Desktop/:Desktop:LiftFlow
2026-05-28T22:35:10.274Z expo:prebuild-config:expo-splash-screen:ios config: { backgroundColor: '#0A0A0B', resizeMode: 'contain', dark: {} }
2026-05-28T22:35:10.291Z expo:prebuild-config:expo-splash-screen:ios config: { backgroundColor: '#0A0A0B', resizeMode: 'contain', dark: {} }
2026-05-28T22:35:10.363Z expo:start:server:devServer Stopping dev server (bundler: metro)
2026-05-28T22:35:10.363Z expo:start:server:devServer Stopped dev server (bundler: metro)
2026-05-28T22:35:10.378Z expo:prebuild-config:expo-splash-screen:ios config: { backgroundColor: '#0A0A0B', resizeMode: 'contain', dark: {} }
Using src/app as the root directory for Expo Router.
2026-05-28T22:35:10.623Z expo:metro:config react-native-reanimated package.json: /Users/timothybarrett/Desktop/:Desktop:LiftFlow/node_modules/react-native-reanimated/package.json
2026-05-28T22:35:10.623Z expo:metro:config react-native-worklets package.json: /Users/timothybarrett/Desktop/:Desktop:LiftFlow/node_modules/react-native-worklets/package.json

Expo Metro config:
- Version: 54.0.16
- Extensions: ts, tsx, mjs, js, jsx, json, cjs, scss, sass, css
- React Native: /Users/timothybarrett/Desktop/:Desktop:LiftFlow/node_modules/react-native
- Watch Folders: 
- Node Module Paths: 
- Sass: null
- Reanimated: 4.1.7
- Worklets: 0.5.1
- Babel Runtime: null

2026-05-28T22:35:10.761Z expo:metro:withMetroResolvers Appending 8 custom resolvers to Metro config. (has custom resolver: false)
2026-05-28T22:35:10.761Z expo:start:server:urlCreator URL: http://127.0.0.1:8081
Starting Metro Bundler
2026-05-28T22:35:10.864Z expo:prebuild-config:expo-splash-screen:ios config: { backgroundColor: '#0A0A0B', resizeMode: 'contain', dark: {} }
2026-05-28T22:35:10.866Z expo:start:server:middleware:serveStatic Serving static files from: /Users/timothybarrett/Desktop/:Desktop:LiftFlow/public
2026-05-28T22:35:10.870Z expo:start:server:devServer [tunnel] connect to port: 8081
2026-05-28T22:35:10.912Z expo:start:platforms:android:adbReverse Failed to resolve the Android SDK path, skipping ADB: Failed to resolve the Android SDK path. Default install location not found: /Users/timothybarrett/Library/Android/sdk. Use ANDROID_HOME to set the Android SDK location.
2026-05-28T22:35:10.912Z expo:start:server:ngrok Stopping Tunnel
2026-05-28T22:35:10.912Z expo:start:server:ngrok Global config path: /Users/timothybarrett/.expo/ngrok.yml
2026-05-28T22:35:10.935Z expo:start:server:ngrok Hostname: CpPOI2I-anonymous-8081.exp.direct
Tunnel connected.
2026-05-28T22:35:11.948Z expo:start:server:ngrok Tunnel URL: https://cppoi2i-anonymous-8081.exp.direct
Tunnel ready.
2026-05-28T22:35:11.948Z expo:start:server:urlCreator URL: exp://cppoi2i-anonymous-8081.exp.direct
2026-05-28T22:35:11.951Z expo:prebuild-config:expo-splash-screen:ios config: { backgroundColor: '#0A0A0B', resizeMode: 'contain', dark: {} }
2026-05-28T22:35:11.952Z expo:start:server:developmentSession Development session will not ping because the user is not authenticated and there are no devices.
2026-05-28T22:35:11.953Z expo:start:server:metro:waitForTypescript Watching file changes: [
  '/Users/timothybarrett/Desktop/:Desktop:LiftFlow/.env.development.local',
  '/Users/timothybarrett/Desktop/:Desktop:LiftFlow/.env.local',
  '/Users/timothybarrett/Desktop/:Desktop:LiftFlow/.env.development',
  '/Users/timothybarrett/Desktop/:Desktop:LiftFlow/.env'
]
2026-05-28T22:35:11.953Z expo:doctor:typescriptSupport Ensuring TypeScript support is setup
2026-05-28T22:35:11.955Z expo:prebuild-config:expo-splash-screen:ios config: { backgroundColor: '#0A0A0B', resizeMode: 'contain', dark: {} }
2026-05-28T22:35:11.956Z expo:doctor:dependencies:getMissingPackages Required package "typescript" found (no version constraint specified).
2026-05-28T22:35:11.957Z expo:doctor:dependencies:getMissingPackages Required package "@types/react" found (no version constraint specified).
2026-05-28T22:35:11.959Z expo:prebuild-config:expo-splash-screen:ios config: { backgroundColor: '#0A0A0B', resizeMode: 'contain', dark: {} }
2026-05-28T22:35:11.959Z expo:typed-routes Ensuring typed routes side-effects are setup (experiments.typedRoutes: true, typesDirectory: /Users/timothybarrett/Desktop/:Desktop:LiftFlow/.expo/types)
2026-05-28T22:35:11.966Z expo:start:server:metro:metroWatchTypeScriptFiles Waiting for TypeScript files to be added to the project...
2026-05-28T22:35:11.966Z expo:doctor:dependencies:bundledNativeModules Fetching bundled native modules from the server...
2026-05-28T22:35:12.203Z expo:doctor:dependencies:validate Checking dependencies for 54.0.0: {
  '@supabase/supabase-js': '^2.106.2',
  expo: '~54.0.0',
  'expo-constants': '~18.0.13',
  'expo-device': '~8.0.10',
  'expo-font': '~14.0.12',
  'expo-image': '~3.0.11',
  'expo-linking': '~8.0.12',
  'expo-router': '~6.0.24',
  'expo-secure-store': '~15.0.8',
  'expo-splash-screen': '~31.0.13',
  'expo-status-bar': '~3.0.9',
  'expo-symbols': '~1.0.8',
  'expo-system-ui': '~6.0.9',
  'expo-web-browser': '~15.0.11',
  react: '19.1.0',
  'react-dom': '19.1.0',
  'react-native': '0.81.5',
  'react-native-gesture-handler': '~2.28.0',
  'react-native-reanimated': '~4.1.1',
  'react-native-safe-area-context': '~5.6.0',
  'react-native-screens': '~4.16.0',
  'react-native-web': '~0.21.0',
  'react-native-worklets': '0.5.1',
  '@expo/ngrok': '^4.1.3',
  '@types/react': '~19.1.10',
  typescript: '~5.9.2'
}
2026-05-28T22:35:12.203Z expo:doctor:dependencies:validate Comparing known versions: [
  'expo',
  'expo-constants',
  'expo-device',
  'expo-font',
  'expo-image',
  'expo-linking',
  'expo-router',
  'expo-secure-store',
  'expo-splash-screen',
  'expo-status-bar',
  'expo-symbols',
  'expo-system-ui',
  'expo-web-browser',
  'react',
  'react-dom',
  'react-native',
  'react-native-gesture-handler',
  'react-native-reanimated',
  'react-native-safe-area-context',
  'react-native-screens',
  'react-native-web',
  'react-native-worklets',
  '@types/react',
  'typescript'
]
2026-05-28T22:35:12.203Z expo:doctor:dependencies:validate Skipping packages that cannot be versioned automatically: [ '@supabase/supabase-js', '@expo/ngrok' ]
2026-05-28T22:35:12.207Z expo:doctor:dependencies:validate Package versions: {
  expo: '54.0.35',
  'expo-constants': '18.0.13',
  'expo-device': '8.0.10',
  'expo-font': '14.0.12',
  'expo-image': '3.0.11',
  'expo-linking': '8.0.12',
  'expo-router': '6.0.24',
  'expo-secure-store': '15.0.8',
  'expo-splash-screen': '31.0.13',
  'expo-status-bar': '3.0.9',
  'expo-symbols': '1.0.8',
  'expo-system-ui': '6.0.9',
  'expo-web-browser': '15.0.11',
  react: '19.1.0',
  'react-dom': '19.1.0',
  'react-native': '0.81.5',
  'react-native-gesture-handler': '2.28.0',
  'react-native-reanimated': '4.1.7',
  'react-native-safe-area-context': '5.6.2',
  'react-native-screens': '4.16.0',
  'react-native-web': '0.21.2',
  'react-native-worklets': '0.5.1',
  '@types/react': '19.1.17',
  typescript: '5.9.3'
}
2026-05-28T22:35:12.209Z expo:doctor:dependencies:validate Incorrect dependencies: []
Waiting on http://localhost:8081
Logs for your project will appear below.
2026-05-28T22:35:23.208Z expo:prebuild-config:expo-splash-screen:ios config: { backgroundColor: '#0A0A0B', resizeMode: 'contain', dark: {} }
2026-05-28T22:35:23.213Z expo:start:server:middleware:manifest Resolved entry point: node_modules/expo-router/entry.js (project root: /Users/timothybarrett/Desktop/:Desktop:LiftFlow)
2026-05-28T22:35:23.214Z expo:start:server:urlCreator URL: cppoi2i-anonymous-8081.exp.direct
2026-05-28T22:35:23.214Z expo:start:server:urlCreator URL: cppoi2i-anonymous-8081.exp.direct
2026-05-28T22:35:23.214Z expo:start:server:urlCreator URL: http://cppoi2i-anonymous-8081.exp.direct
2026-05-28T22:35:23.393Z expo:start:server:middleware:resolveRuntimeVersion Using expo-updates runtimeversion:resolve CLI for runtime version resolution
2026-05-28T22:35:23.399Z expo:codesigning WARN: Expo Application Services (EAS) is not configured for your project. Configuring EAS enables a more secure development experience amongst many other benefits. Learn more: https://docs.expo.dev/eas/
2026-05-28T22:35:23.780Z expo:start:server:metro:multi-platform Enabling alias: react-native-vector-icons -> @expo/vector-icons
iOS node_modules/expo-router/entry.js ░░░░░░░░░░░░░░░░  0.0% (0/1)
| (node:3384) Warning: The 'NO_COLOR' env is ignored due to the 'FORCE_COLOR' env being set.
| (Use `node --trace-warnings ...` to show where the warning was created)
| 2026-05-28T22:35:24.393Z expo:babel:exports Found assignment to module.exports or exports at 10
2026-05-28T22:35:24.423Z expo:start:server:metro:multi-platform Skipping production module: ./cjs/react-jsx-dev-runtime.production.js
| (node:3385) Warning: The 'NO_COLOR' env is ignored due to the 'FORCE_COLOR' env being set.
| (Use `node --trace-warnings ...` to show where the warning was created)
| 2026-05-28T22:35:24.409Z expo:babel:exports Found assignment to module.exports or exports at 36
| (node:3390) Warning: The 'NO_COLOR' env is ignored due to the 'FORCE_COLOR' env being set.
| (Use `node --trace-warnings ...` to show where the warning was created)
| 2026-05-28T22:35:24.419Z expo:babel:exports Found assignment to module.exports or exports at 4
| (node:3388) Warning: The 'NO_COLOR' env is ignored due to the 'FORCE_COLOR' env being set.
| (Use `node --trace-warnings ...` to show where the warning was created)
| (node:3386) Warning: The 'NO_COLOR' env is ignored due to the 'FORCE_COLOR' env being set.
| (Use `node --trace-warnings ...` to show where the warning was created)
| 2026-05-28T22:35:24.421Z expo:babel:router getExpoRouterAppRoot /Users/timothybarrett/Desktop/:Desktop:LiftFlow/node_modules/expo-router/_ctx.ios.js /Users/timothybarrett/Desktop/:Desktop:LiftFlow/src/app ../../src/app
| (node:3387) Warning: The 'NO_COLOR' env is ignored due to the 'FORCE_COLOR' env being set.
| (Use `node --trace-warnings ...` to show where the warning was created)
| 2026-05-28T22:35:24.444Z expo:babel:exports Found assignment to module.exports or exports at 4
2026-05-28T22:35:24.464Z expo:start:server:metro:multi-platform Skipping production module: ./cjs/react.production.js
| 2026-05-28T22:35:24.453Z expo:babel:exports Found assignment to module.exports or exports at 37
| (node:3389) Warning: The 'NO_COLOR' env is ignored due to the 'FORCE_COLOR' env being set.
| (Use `node --trace-warnings ...` to show where the warning was created)
| 2026-05-28T22:35:24.470Z expo:babel:exports Found assignment to module.exports or exports at 35
| 2026-05-28T22:35:24.492Z expo:babel:exports Found assignment to module.exports or exports at 325
| 2026-05-28T22:35:24.501Z expo:babel:exports Found assignment to module.exports or exports at 6
| 2026-05-28T22:35:24.511Z expo:babel:exports Found assignment to module.exports or exports at 3
| 2026-05-28T22:35:24.537Z expo:babel:exports Found assignment to module.exports or exports at 518
| 2026-05-28T22:35:24.554Z expo:babel:exports Found assignment to module.exports or exports at 6
| 2026-05-28T22:35:24.584Z expo:babel:exports Found assignment to module.exports or exports at 32
2026-05-28T22:35:24.589Z expo:metro:tsconfig-paths @/components/auth/AuthFormContainer -> /Users/timothybarrett/Desktop/:Desktop:LiftFlow/src/components/auth/AuthFormContainer
2026-05-28T22:35:24.589Z expo:metro:tsconfig-paths @/components/layout/PrimaryButton -> /Users/timothybarrett/Desktop/:Desktop:LiftFlow/src/components/layout/PrimaryButton
2026-05-28T22:35:24.589Z expo:metro:tsconfig-paths @/components/layout/TextField -> /Users/timothybarrett/Desktop/:Desktop:LiftFlow/src/components/layout/TextField
2026-05-28T22:35:24.589Z expo:metro:tsconfig-paths @/components/ui/AppText -> /Users/timothybarrett/Desktop/:Desktop:LiftFlow/src/components/ui/AppText
2026-05-28T22:35:24.589Z expo:metro:tsconfig-paths @/constants/theme -> /Users/timothybarrett/Desktop/:Desktop:LiftFlow/src/constants/theme
2026-05-28T22:35:24.589Z expo:metro:tsconfig-paths @/hooks/useAuth -> /Users/timothybarrett/Desktop/:Desktop:LiftFlow/src/hooks/useAuth
2026-05-28T22:35:24.595Z expo:metro:tsconfig-paths @/constants/theme -> /Users/timothybarrett/Desktop/:Desktop:LiftFlow/src/constants/theme
2026-05-28T22:35:24.638Z expo:metro:tsconfig-paths @/components/auth/AuthFormContainer -> /Users/timothybarrett/Desktop/:Desktop:LiftFlow/src/components/auth/AuthFormContainer
2026-05-28T22:35:24.639Z expo:metro:tsconfig-paths @/components/layout/Card -> /Users/timothybarrett/Desktop/:Desktop:LiftFlow/src/components/layout/Card
2026-05-28T22:35:24.639Z expo:metro:tsconfig-paths @/components/layout/PrimaryButton -> /Users/timothybarrett/Desktop/:Desktop:LiftFlow/src/components/layout/PrimaryButton
2026-05-28T22:35:24.639Z expo:metro:tsconfig-paths @/components/ui/AppText -> /Users/timothybarrett/Desktop/:Desktop:LiftFlow/src/components/ui/AppText
2026-05-28T22:35:24.640Z expo:metro:tsconfig-paths @/constants/theme -> /Users/timothybarrett/Desktop/:Desktop:LiftFlow/src/constants/theme
2026-05-28T22:35:24.640Z expo:metro:tsconfig-paths @/components/layout/TextField -> /Users/timothybarrett/Desktop/:Desktop:LiftFlow/src/components/layout/TextField
2026-05-28T22:35:24.644Z expo:metro:tsconfig-paths @/components/ui/AppSymbol -> /Users/timothybarrett/Desktop/:Desktop:LiftFlow/src/components/ui/AppSymbol
2026-05-28T22:35:24.644Z expo:metro:tsconfig-paths @/constants/theme -> /Users/timothybarrett/Desktop/:Desktop:LiftFlow/src/constants/theme
2026-05-28T22:35:24.645Z expo:metro:tsconfig-paths @/components/features/FeaturePlaceholderScreen -> /Users/timothybarrett/Desktop/:Desktop:LiftFlow/src/components/features/FeaturePlaceholderScreen
2026-05-28T22:35:24.645Z expo:metro:tsconfig-paths @/components/ui/AppText -> /Users/timothybarrett/Desktop/:Desktop:LiftFlow/src/components/ui/AppText
2026-05-28T22:35:24.645Z expo:metro:tsconfig-paths @/constants/features -> /Users/timothybarrett/Desktop/:Desktop:LiftFlow/src/constants/features
| 2026-05-28T22:35:24.649Z expo:babel:exports Found assignment to module.exports or exports at 739
2026-05-28T22:35:24.658Z expo:metro:tsconfig-paths @/constants/theme -> /Users/timothybarrett/Desktop/:Desktop:LiftFlow/src/constants/theme
2026-05-28T22:35:24.658Z expo:metro:tsconfig-paths @/state/AppProviders -> /Users/timothybarrett/Desktop/:Desktop:LiftFlow/src/state/AppProviders
2026-05-28T22:35:24.661Z expo:metro:tsconfig-paths @/hooks/useAuth -> /Users/timothybarrett/Desktop/:Desktop:LiftFlow/src/hooks/useAuth
2026-05-28T22:35:24.672Z expo:metro:tsconfig-paths @/components/layout/ScreenContainer -> /Users/timothybarrett/Desktop/:Desktop:LiftFlow/src/components/layout/ScreenContainer
2026-05-28T22:35:24.672Z expo:metro:tsconfig-paths @/components/layout/SectionHeader -> /Users/timothybarrett/Desktop/:Desktop:LiftFlow/src/components/layout/SectionHeader
2026-05-28T22:35:24.675Z expo:metro:tsconfig-paths @/components/ui/AppText -> /Users/timothybarrett/Desktop/:Desktop:LiftFlow/src/components/ui/AppText
2026-05-28T22:35:24.675Z expo:metro:tsconfig-paths @/components/workout/MicrophoneButton -> /Users/timothybarrett/Desktop/:Desktop:LiftFlow/src/components/workout/MicrophoneButton
2026-05-28T22:35:24.675Z expo:metro:tsconfig-paths @/components/workout/QuickCorrectionButtons -> /Users/timothybarrett/Desktop/:Desktop:LiftFlow/src/components/workout/QuickCorrectionButtons
2026-05-28T22:35:24.675Z expo:metro:tsconfig-paths @/components/workout/RestTimerSection -> /Users/timothybarrett/Desktop/:Desktop:LiftFlow/src/components/workout/RestTimerSection
2026-05-28T22:35:24.675Z expo:metro:tsconfig-paths @/components/workout/WorkoutCard -> /Users/timothybarrett/Desktop/:Desktop:LiftFlow/src/components/workout/WorkoutCard
2026-05-28T22:35:24.675Z expo:metro:tsconfig-paths @/utils/placeholders -> /Users/timothybarrett/Desktop/:Desktop:LiftFlow/src/utils/placeholders
2026-05-28T22:35:24.678Z expo:metro:tsconfig-paths @/components/history/HistoryCard -> /Users/timothybarrett/Desktop/:Desktop:LiftFlow/src/components/history/HistoryCard
2026-05-28T22:35:24.678Z expo:metro:tsconfig-paths @/components/layout/Card -> /Users/timothybarrett/Desktop/:Desktop:LiftFlow/src/components/layout/Card
2026-05-28T22:35:24.679Z expo:metro:tsconfig-paths @/components/layout/PrimaryButton -> /Users/timothybarrett/Desktop/:Desktop:LiftFlow/src/components/layout/PrimaryButton
2026-05-28T22:35:24.680Z expo:metro:tsconfig-paths @/components/settings/SettingsRow -> /Users/timothybarrett/Desktop/:Desktop:LiftFlow/src/components/settings/SettingsRow
2026-05-28T22:35:24.680Z expo:metro:tsconfig-paths @/hooks/useAuth -> /Users/timothybarrett/Desktop/:Desktop:LiftFlow/src/hooks/useAuth
2026-05-28T22:35:24.684Z expo:metro:tsconfig-paths @/components/ui/AppSymbol -> /Users/timothybarrett/Desktop/:Desktop:LiftFlow/src/components/ui/AppSymbol
| 2026-05-28T22:35:24.691Z expo:babel:exports Found assignment to module.exports or exports at 7
2026-05-28T22:35:24.692Z expo:metro:tsconfig-paths @/constants/features -> /Users/timothybarrett/Desktop/:Desktop:LiftFlow/src/constants/features
| 2026-05-28T22:35:24.691Z expo:babel:exports Found assignment to module.exports or exports at 4
| 2026-05-28T22:35:24.694Z expo:babel:exports Found assignment to module.exports or exports at 14
| 2026-05-28T22:35:24.703Z expo:babel:exports Found assignment to module.exports or exports at 13
| 2026-05-28T22:35:24.710Z expo:babel:exports Found assignment to module.exports or exports at 6
| 2026-05-28T22:35:24.724Z expo:babel:exports Found assignment to module.exports or exports at 3
| 2026-05-28T22:35:24.724Z expo:babel:exports Found assignment to module.exports or exports at 6
| 2026-05-28T22:35:24.728Z expo:babel:exports Found assignment to module.exports or exports at 3
| 2026-05-28T22:35:24.732Z expo:babel:exports Found assignment to module.exports or exports at 6
| 2026-05-28T22:35:24.735Z expo:babel:exports Found assignment to module.exports or exports at 7
| 2026-05-28T22:35:24.737Z expo:babel:exports Found assignment to module.exports or exports at 5
| 2026-05-28T22:35:24.738Z expo:babel:exports Found assignment to module.exports or exports at 40
| 2026-05-28T22:35:24.741Z expo:babel:exports Found assignment to module.exports or exports at 3
| 2026-05-28T22:35:24.741Z expo:babel:exports Found assignment to module.exports or exports at 6
| 2026-05-28T22:35:24.755Z expo:babel:exports Found assignment to module.exports or exports at 8
| 2026-05-28T22:35:24.757Z expo:babel:exports Found assignment to module.exports or exports at 4
| 2026-05-28T22:35:24.758Z expo:babel:exports Found assignment to module.exports or exports at 6
| 2026-05-28T22:35:24.758Z expo:babel:router getExpoRouterAppRoot /Users/timothybarrett/Desktop/:Desktop:LiftFlow/node_modules/expo-router/build/onboard/Tutorial.js /Users/timothybarrett/Desktop/:Desktop:LiftFlow/src/app ../../../../src/app
| 2026-05-28T22:35:24.762Z expo:babel:router getExpoRouterAppRoot /Users/timothybarrett/Desktop/:Desktop:LiftFlow/node_modules/expo-router/build/onboard/Tutorial.js /Users/timothybarrett/Desktop/:Desktop:LiftFlow/src/app ../../../../src/app
| 2026-05-28T22:35:24.765Z expo:babel:exports Found assignment to module.exports or exports at 8
| 2026-05-28T22:35:24.766Z expo:babel:exports Found assignment to module.exports or exports at 13
| 2026-05-28T22:35:24.772Z expo:babel:exports Found assignment to module.exports or exports at 26
| 2026-05-28T22:35:24.782Z expo:babel:exports Found assignment to module.exports or exports at 6
| 2026-05-28T22:35:24.788Z expo:babel:exports Found assignment to module.exports or exports at 6
| 2026-05-28T22:35:24.792Z expo:babel:exports Found assignment to module.exports or exports at 6
| 2026-05-28T22:35:24.792Z expo:babel:exports Found assignment to module.exports or exports at 6
| 2026-05-28T22:35:24.797Z expo:babel:exports Found assignment to module.exports or exports at 6
2026-05-28T22:35:24.823Z expo:metro:tsconfig-paths @/contexts/AuthContext -> /Users/timothybarrett/Desktop/:Desktop:LiftFlow/src/contexts/AuthContext
2026-05-28T22:35:24.826Z expo:metro:tsconfig-paths @/constants/theme -> /Users/timothybarrett/Desktop/:Desktop:LiftFlow/src/constants/theme
2026-05-28T22:35:24.829Z expo:metro:tsconfig-paths @/components/ui/AppText -> /Users/timothybarrett/Desktop/:Desktop:LiftFlow/src/components/ui/AppText
2026-05-28T22:35:24.829Z expo:metro:tsconfig-paths @/constants/theme -> /Users/timothybarrett/Desktop/:Desktop:LiftFlow/src/constants/theme
2026-05-28T22:35:24.830Z expo:metro:tsconfig-paths @/components/ui/AppText -> /Users/timothybarrett/Desktop/:Desktop:LiftFlow/src/components/ui/AppText
2026-05-28T22:35:24.830Z expo:metro:tsconfig-paths @/constants/theme -> /Users/timothybarrett/Desktop/:Desktop:LiftFlow/src/constants/theme
| 2026-05-28T22:35:24.802Z expo:babel:exports Found assignment to module.exports or exports at 6
| 2026-05-28T22:35:24.802Z expo:babel:exports Found assignment to module.exports or exports at 6
| 2026-05-28T22:35:24.803Z expo:babel:exports Found assignment to module.exports or exports at 6
| 2026-05-28T22:35:24.809Z expo:babel:exports Found assignment to module.exports or exports at 5
| 2026-05-28T22:35:24.812Z expo:babel:exports Found assignment to module.exports or exports at 7
| 2026-05-28T22:35:24.813Z expo:babel:exports Found assignment to module.exports or exports at 17
| 2026-05-28T22:35:24.816Z expo:babel:exports Found assignment to module.exports or exports at 8
| 2026-05-28T22:35:24.829Z expo:babel:exports Found assignment to module.exports or exports at 49
2026-05-28T22:35:25.171Z expo:metro:tsconfig-paths @/components/layout/Card -> /Users/timothybarrett/Desktop/:Desktop:LiftFlow/src/components/layout/Card
2026-05-28T22:35:25.171Z expo:metro:tsconfig-paths @/components/layout/PrimaryButton -> /Users/timothybarrett/Desktop/:Desktop:LiftFlow/src/components/layout/PrimaryButton
2026-05-28T22:35:25.171Z expo:metro:tsconfig-paths @/components/layout/ScreenContainer -> /Users/timothybarrett/Desktop/:Desktop:LiftFlow/src/components/layout/ScreenContainer
2026-05-28T22:35:25.171Z expo:metro:tsconfig-paths @/components/ui/AppSymbol -> /Users/timothybarrett/Desktop/:Desktop:LiftFlow/src/components/ui/AppSymbol
2026-05-28T22:35:25.171Z expo:metro:tsconfig-paths @/components/ui/AppText -> /Users/timothybarrett/Desktop/:Desktop:LiftFlow/src/components/ui/AppText
2026-05-28T22:35:25.171Z expo:metro:tsconfig-paths @/constants/features -> /Users/timothybarrett/Desktop/:Desktop:LiftFlow/src/constants/features
2026-05-28T22:35:25.171Z expo:metro:tsconfig-paths @/constants/theme -> /Users/timothybarrett/Desktop/:Desktop:LiftFlow/src/constants/theme
2026-05-28T22:35:25.176Z expo:metro:tsconfig-paths @/components/layout/Card -> /Users/timothybarrett/Desktop/:Desktop:LiftFlow/src/components/layout/Card
2026-05-28T22:35:25.176Z expo:metro:tsconfig-paths @/components/ui/AppText -> /Users/timothybarrett/Desktop/:Desktop:LiftFlow/src/components/ui/AppText
2026-05-28T22:35:25.176Z expo:metro:tsconfig-paths @/constants/theme -> /Users/timothybarrett/Desktop/:Desktop:LiftFlow/src/constants/theme
2026-05-28T22:35:25.176Z expo:metro:tsconfig-paths @/utils/placeholders -> /Users/timothybarrett/Desktop/:Desktop:LiftFlow/src/utils/placeholders
2026-05-28T22:35:25.183Z expo:metro:tsconfig-paths @/contexts/AuthContext -> /Users/timothybarrett/Desktop/:Desktop:LiftFlow/src/contexts/AuthContext
2026-05-28T22:35:25.183Z expo:metro:tsconfig-paths @/state/workout/WorkoutSessionContext -> /Users/timothybarrett/Desktop/:Desktop:LiftFlow/src/state/workout/WorkoutSessionContext
2026-05-28T22:35:25.189Z expo:metro:tsconfig-paths @/components/ui/AppSymbol -> /Users/timothybarrett/Desktop/:Desktop:LiftFlow/src/components/ui/AppSymbol
2026-05-28T22:35:25.190Z expo:metro:tsconfig-paths @/components/layout/Card -> /Users/timothybarrett/Desktop/:Desktop:LiftFlow/src/components/layout/Card
2026-05-28T22:35:25.190Z expo:metro:tsconfig-paths @/components/ui/AppText -> /Users/timothybarrett/Desktop/:Desktop:LiftFlow/src/components/ui/AppText
2026-05-28T22:35:25.190Z expo:metro:tsconfig-paths @/constants/theme -> /Users/timothybarrett/Desktop/:Desktop:LiftFlow/src/constants/theme
| 2026-05-28T22:35:25.193Z expo:babel:exports Found assignment to module.exports or exports at 8
2026-05-28T22:35:25.204Z expo:metro:tsconfig-paths @/components/ui/AppSymbol -> /Users/timothybarrett/Desktop/:Desktop:LiftFlow/src/components/ui/AppSymbol
2026-05-28T22:35:25.204Z expo:metro:tsconfig-paths @/components/layout/Card -> /Users/timothybarrett/Desktop/:Desktop:LiftFlow/src/components/layout/Card
2026-05-28T22:35:25.204Z expo:metro:tsconfig-paths @/components/ui/AppText -> /Users/timothybarrett/Desktop/:Desktop:LiftFlow/src/components/ui/AppText
2026-05-28T22:35:25.204Z expo:metro:tsconfig-paths @/constants/theme -> /Users/timothybarrett/Desktop/:Desktop:LiftFlow/src/constants/theme
| 2026-05-28T22:35:25.196Z expo:babel:exports Found assignment to module.exports or exports at 2
| 2026-05-28T22:35:25.199Z expo:babel:exports Found assignment to module.exports or exports at 5
| 2026-05-28T22:35:25.226Z expo:babel:exports Found assignment to module.exports or exports at 2
| 2026-05-28T22:35:25.228Z expo:babel:exports Found assignment to module.exports or exports at 3
| 2026-05-28T22:35:25.228Z expo:babel:exports Found assignment to module.exports or exports at 7
| 2026-05-28T22:35:25.250Z expo:babel:exports Found assignment to module.exports or exports at 160
| 2026-05-28T22:35:25.255Z expo:babel:exports Found assignment to module.exports or exports at 36
| 2026-05-28T22:35:25.265Z expo:babel:exports Found assignment to module.exports or exports at 8
| 2026-05-28T22:35:25.266Z expo:babel:exports Found assignment to module.exports or exports at 10
| 2026-05-28T22:35:25.269Z expo:babel:exports Found assignment to module.exports or exports at 28
| 2026-05-28T22:35:25.271Z expo:babel:exports Found assignment to module.exports or exports at 3
| 2026-05-28T22:35:25.283Z expo:babel:exports Found assignment to module.exports or exports at 36
| 2026-05-28T22:35:25.284Z expo:babel:exports Found assignment to module.exports or exports at 3
| 2026-05-28T22:35:25.284Z expo:babel:exports Found assignment to module.exports or exports at 36
| 2026-05-28T22:35:25.286Z expo:babel:exports Found assignment to module.exports or exports at 3
| 2026-05-28T22:35:25.291Z expo:babel:exports Found assignment to module.exports or exports at 3
| 2026-05-28T22:35:25.298Z expo:babel:exports Found assignment to module.exports or exports at 3
| 2026-05-28T22:35:25.299Z expo:babel:exports Found assignment to module.exports or exports at 3
| 2026-05-28T22:35:25.299Z expo:babel:exports Found assignment to module.exports or exports at 36
| 2026-05-28T22:35:25.304Z expo:babel:exports Found assignment to module.exports or exports at 3
| 2026-05-28T22:35:25.305Z expo:babel:exports Found assignment to module.exports or exports at 6
| 2026-05-28T22:35:25.310Z expo:babel:exports Found assignment to module.exports or exports at 3
| 2026-05-28T22:35:25.320Z expo:babel:exports Found assignment to module.exports or exports at 3
| 2026-05-28T22:35:25.324Z expo:babel:exports Found assignment to module.exports or exports at 4
| 2026-05-28T22:35:25.327Z expo:babel:exports Found assignment to module.exports or exports at 40
| 2026-05-28T22:35:25.355Z expo:babel:exports Found assignment to module.exports or exports at 6
| 2026-05-28T22:35:25.356Z expo:babel:exports Found assignment to module.exports or exports at 3
| 2026-05-28T22:35:25.356Z expo:babel:exports Found assignment to module.exports or exports at 3
| 2026-05-28T22:35:25.360Z expo:babel:exports Found assignment to module.exports or exports at 3
2026-05-28T22:35:25.388Z expo:start:server:metro:multi-platform Skipping production module: ./cjs/react-is.production.min.js
| 2026-05-28T22:35:25.370Z expo:babel:exports Found assignment to module.exports or exports at 3
| 2026-05-28T22:35:25.361Z expo:babel:exports Found assignment to module.exports or exports at 4
| 2026-05-28T22:35:25.371Z expo:babel:exports Found assignment to module.exports or exports at 10
| 2026-05-28T22:35:25.374Z expo:babel:exports Found assignment to module.exports or exports at 3
| 2026-05-28T22:35:25.376Z expo:babel:exports Found assignment to module.exports or exports at 39
| 2026-05-28T22:35:25.381Z expo:babel:exports Found assignment to module.exports or exports at 3
| 2026-05-28T22:35:25.381Z expo:babel:exports Found assignment to module.exports or exports at 6
| 2026-05-28T22:35:25.387Z expo:babel:exports Found assignment to module.exports or exports at 4
| 2026-05-28T22:35:25.389Z expo:babel:exports Found assignment to module.exports or exports at 5
| 2026-05-28T22:35:25.390Z expo:babel:exports Found assignment to module.exports or exports at 6
| 2026-05-28T22:35:25.391Z expo:babel:exports Found assignment to module.exports or exports at 6
| 2026-05-28T22:35:25.391Z expo:babel:exports Found assignment to module.exports or exports at 9
| 2026-05-28T22:35:25.393Z expo:babel:exports Found assignment to module.exports or exports at 4
| 2026-05-28T22:35:25.393Z expo:babel:exports Found assignment to module.exports or exports at 28
| 2026-05-28T22:35:25.394Z expo:babel:exports Found assignment to module.exports or exports at 4
| 2026-05-28T22:35:25.395Z expo:babel:exports Found assignment to module.exports or exports at 4
2026-05-28T22:35:25.411Z expo:metro:tsconfig-paths @/services/authService -> /Users/timothybarrett/Desktop/:Desktop:LiftFlow/src/services/authService
| 2026-05-28T22:35:25.409Z expo:babel:exports Found assignment to module.exports or exports at 51
| 2026-05-28T22:35:25.443Z expo:babel:exports Found assignment to module.exports or exports at 12
| 2026-05-28T22:35:25.477Z expo:babel:exports Found assignment to module.exports or exports at 9
| 2026-05-28T22:35:25.558Z expo:babel:exports Found assignment to module.exports or exports at 140
2026-05-28T22:35:25.619Z expo:metro:tsconfig-paths @/services/workoutService -> /Users/timothybarrett/Desktop/:Desktop:LiftFlow/src/services/workoutService
| 2026-05-28T22:35:25.619Z expo:babel:exports Found assignment to module.exports or exports at 5
| 2026-05-28T22:35:25.621Z expo:babel:exports Found assignment to module.exports or exports at 4
| 2026-05-28T22:35:25.641Z expo:babel:exports Found assignment to module.exports or exports at 12
| 2026-05-28T22:35:25.692Z expo:babel:exports Found assignment to module.exports or exports at 182
| 2026-05-28T22:35:25.705Z expo:babel:exports Found assignment to module.exports or exports at 50
| 2026-05-28T22:35:25.745Z expo:babel:exports Found assignment to module.exports or exports at 3
2026-05-28T22:35:25.778Z expo:start:server:metro:multi-platform Skipping production module: ./cjs/react-jsx-runtime.production.js
| 2026-05-28T22:35:25.746Z expo:babel:exports Found assignment to module.exports or exports at 3
| 2026-05-28T22:35:25.746Z expo:babel:exports Found assignment to module.exports or exports at 3
| 2026-05-28T22:35:25.748Z expo:babel:exports Found assignment to module.exports or exports at 36
| 2026-05-28T22:35:25.757Z expo:babel:exports Found assignment to module.exports or exports at 38
| 2026-05-28T22:35:25.760Z expo:babel:exports Found assignment to module.exports or exports at 36
| 2026-05-28T22:35:25.767Z expo:babel:exports Found assignment to module.exports or exports at 3
| 2026-05-28T22:35:25.768Z expo:babel:exports Found assignment to module.exports or exports at 3
| 2026-05-28T22:35:25.768Z expo:babel:exports Found assignment to module.exports or exports at 36
| 2026-05-28T22:35:25.776Z expo:babel:exports Found assignment to module.exports or exports at 4
| 2026-05-28T22:35:25.861Z expo:babel:exports Found assignment to module.exports or exports at 4
| 2026-05-28T22:35:25.862Z expo:babel:exports Found assignment to module.exports or exports at 40
| 2026-05-28T22:35:25.867Z expo:babel:exports Found assignment to module.exports or exports at 3
| 2026-05-28T22:35:25.868Z expo:babel:exports Found assignment to module.exports or exports at 37
| 2026-05-28T22:35:25.870Z expo:babel:exports Found assignment to module.exports or exports at 7
| 2026-05-28T22:35:25.872Z expo:babel:exports Found assignment to module.exports or exports at 6
| 2026-05-28T22:35:25.873Z expo:babel:exports Found assignment to module.exports or exports at 37
| 2026-05-28T22:35:25.879Z expo:babel:exports Found assignment to module.exports or exports at 1
| 2026-05-28T22:35:25.886Z expo:babel:exports Found assignment to module.exports or exports at 4
| 2026-05-28T22:35:25.888Z expo:babel:exports Found assignment to module.exports or exports at 6
| 2026-05-28T22:35:25.891Z expo:babel:exports Found assignment to module.exports or exports at 37
| 2026-05-28T22:35:25.892Z expo:babel:exports Found assignment to module.exports or exports at 36
| 2026-05-28T22:35:25.895Z expo:babel:exports Found assignment to module.exports or exports at 192
| 2026-05-28T22:35:25.896Z expo:babel:exports Found assignment to module.exports or exports at 51
| 2026-05-28T22:35:25.902Z expo:babel:exports Found assignment to module.exports or exports at 4
| 2026-05-28T22:35:25.908Z expo:babel:exports Found assignment to module.exports or exports at 4
| 2026-05-28T22:35:25.910Z expo:babel:exports Found assignment to module.exports or exports at 6
| 2026-05-28T22:35:25.917Z expo:babel:exports Found assignment to module.exports or exports at 3
2026-05-28T22:35:25.962Z expo:metro:tsconfig-paths @/supabase/client -> /Users/timothybarrett/Desktop/:Desktop:LiftFlow/src/supabase/client
| 2026-05-28T22:35:26.029Z expo:babel:exports Found assignment to module.exports or exports at 5
2026-05-28T22:35:26.052Z expo:start:server:metro:multi-platform Skipping production module: ../implementations/ReactFabric-prod
2026-05-28T22:35:26.055Z expo:start:server:metro:multi-platform Skipping production module: ../implementations/ReactNativeRenderer-prod
| 2026-05-28T22:35:26.034Z expo:babel:exports Found assignment to module.exports or exports at 5
| 2026-05-28T22:35:26.037Z expo:babel:exports Found assignment to module.exports or exports at 3
| 2026-05-28T22:35:26.150Z expo:babel:exports Found assignment to module.exports or exports at 3
| 2026-05-28T22:35:26.158Z expo:babel:exports Found assignment to module.exports or exports at 484
| 2026-05-28T22:35:26.160Z expo:babel:exports Found assignment to module.exports or exports at 55
| 2026-05-28T22:35:26.162Z expo:babel:exports Found assignment to module.exports or exports at 3
| 2026-05-28T22:35:26.187Z expo:babel:exports Found assignment to module.exports or exports at 103
| 2026-05-28T22:35:26.269Z expo:babel:exports Found assignment to module.exports or exports at 26
2026-05-28T22:35:26.301Z expo:metro:tsconfig-paths @/utils/placeholders -> /Users/timothybarrett/Desktop/:Desktop:LiftFlow/src/utils/placeholders
| 2026-05-28T22:35:26.317Z expo:babel:exports Found assignment to module.exports or exports at 5
| 2026-05-28T22:35:26.319Z expo:babel:exports Found assignment to module.exports or exports at 12
| 2026-05-28T22:35:26.321Z expo:babel:exports Found assignment to module.exports or exports at 7
| 2026-05-28T22:35:26.339Z expo:babel:exports Found assignment to module.exports or exports at 4
| 2026-05-28T22:35:26.362Z expo:babel:exports Found assignment to module.exports or exports at 3
2026-05-28T22:35:26.390Z expo:start:server:metro:multi-platform Skipping production module: ./cjs/react-refresh-runtime.production.min.js
| 2026-05-28T22:35:26.389Z expo:babel:exports Found assignment to module.exports or exports at 4
| 2026-05-28T22:35:26.404Z expo:babel:exports Found assignment to module.exports or exports at 325
| 2026-05-28T22:35:26.407Z expo:babel:exports Found assignment to module.exports or exports at 39
| 2026-05-28T22:35:26.407Z expo:babel:exports Found assignment to module.exports or exports at 360
| 2026-05-28T22:35:26.408Z expo:babel:exports Found assignment to module.exports or exports at 36
| 2026-05-28T22:35:26.448Z expo:babel:exports Found assignment to module.exports or exports at 4
2026-05-28T22:35:26.457Z expo:start:server:metro:multi-platform Skipping production module: ./cjs/react-is.production.js
| 2026-05-28T22:35:26.454Z expo:babel:exports Found assignment to module.exports or exports at 4
| 2026-05-28T22:35:26.466Z expo:babel:exports Found assignment to module.exports or exports at 37
| 2026-05-28T22:35:26.468Z expo:babel:exports Found assignment to module.exports or exports at 40
| 2026-05-28T22:35:26.470Z expo:babel:exports Found assignment to module.exports or exports at 7
| 2026-05-28T22:35:26.472Z expo:babel:exports Found assignment to module.exports or exports at 4
| 2026-05-28T22:35:26.477Z expo:babel:exports Found assignment to module.exports or exports at 4
| 2026-05-28T22:35:26.484Z expo:babel:exports Found assignment to module.exports or exports at 3
| 2026-05-28T22:35:26.485Z expo:babel:exports Found assignment to module.exports or exports at 3
| 2026-05-28T22:35:26.486Z expo:babel:exports Found assignment to module.exports or exports at 9
| 2026-05-28T22:35:26.491Z expo:babel:exports Found assignment to module.exports or exports at 3
| 2026-05-28T22:35:26.491Z expo:babel:exports Found assignment to module.exports or exports at 8
| 2026-05-28T22:35:26.491Z expo:babel:exports Found assignment to module.exports or exports at 3
| 2026-05-28T22:35:26.493Z expo:babel:exports Found assignment to module.exports or exports at 4
| 2026-05-28T22:35:26.496Z expo:babel:exports Found assignment to module.exports or exports at 7
| 2026-05-28T22:35:26.501Z expo:babel:exports Found assignment to module.exports or exports at 4
| 2026-05-28T22:35:26.519Z expo:babel:exports Found assignment to module.exports or exports at 36
| 2026-05-28T22:35:26.530Z expo:babel:env-vars Referencing environment variable in /Users/timothybarrett/Desktop/:Desktop:LiftFlow/src/supabase/client.ts: EXPO_PUBLIC_SUPABASE_URL
| 2026-05-28T22:35:26.531Z expo:babel:env-vars Referencing environment variable in /Users/timothybarrett/Desktop/:Desktop:LiftFlow/src/supabase/client.ts: EXPO_PUBLIC_SUPABASE_ANON_KEY
| 2026-05-28T22:35:26.540Z expo:babel:exports Found assignment to module.exports or exports at 90
| 2026-05-28T22:35:26.551Z expo:babel:exports Found assignment to module.exports or exports at 6
| 2026-05-28T22:35:26.633Z expo:babel:exports Found assignment to module.exports or exports at 4
2026-05-28T22:35:26.634Z expo:start:server:metro:multi-platform Skipping production module: ./cjs/react-is.production.min.js
| 2026-05-28T22:35:26.677Z expo:babel:exports Found assignment to module.exports or exports at 97
| 2026-05-28T22:35:26.679Z expo:babel:exports Found assignment to module.exports or exports at 11
| 2026-05-28T22:35:26.683Z expo:babel:exports Found assignment to module.exports or exports at 170
| 2026-05-28T22:35:26.688Z expo:babel:exports Found assignment to module.exports or exports at 52
| 2026-05-28T22:35:26.716Z expo:babel:exports Found assignment to module.exports or exports at 2
| 2026-05-28T22:35:26.718Z expo:babel:exports Found assignment to module.exports or exports at 3
| 2026-05-28T22:35:26.720Z expo:babel:exports Found assignment to module.exports or exports at 80
| 2026-05-28T22:35:26.721Z expo:babel:exports Found assignment to module.exports or exports at 2
| 2026-05-28T22:35:26.721Z expo:babel:exports Found assignment to module.exports or exports at 4
| 2026-05-28T22:35:26.723Z expo:babel:exports Found assignment to module.exports or exports at 59
| 2026-05-28T22:35:26.724Z expo:babel:exports Found assignment to module.exports or exports at 22
| 2026-05-28T22:35:26.725Z expo:babel:exports Found assignment to module.exports or exports at 4
| 2026-05-28T22:35:26.725Z expo:babel:exports Found assignment to module.exports or exports at 645
| 2026-05-28T22:35:26.725Z expo:babel:exports Found assignment to module.exports or exports at 28
| 2026-05-28T22:35:26.729Z expo:babel:exports Found assignment to module.exports or exports at 3
| 2026-05-28T22:35:26.729Z expo:babel:exports Found assignment to module.exports or exports at 3
| 2026-05-28T22:35:26.733Z expo:babel:exports Found assignment to module.exports or exports at 3
| 2026-05-28T22:35:26.738Z expo:babel:exports Found assignment to module.exports or exports at 39
| 2026-05-28T22:35:26.738Z expo:babel:exports Found assignment to module.exports or exports at 4
| 2026-05-28T22:35:26.759Z expo:babel:exports Found assignment to module.exports or exports at 3
| 2026-05-28T22:35:26.764Z expo:babel:exports Found assignment to module.exports or exports at 3
| 2026-05-28T22:35:26.768Z expo:babel:exports Found assignment to module.exports or exports at 6
| 2026-05-28T22:35:26.863Z expo:babel:exports Found assignment to module.exports or exports at 621
| 2026-05-28T22:35:26.867Z expo:babel:exports Found assignment to module.exports or exports at 152
| 2026-05-28T22:35:26.876Z expo:babel:exports Found assignment to module.exports or exports at 3
| 2026-05-28T22:35:26.881Z expo:babel:exports Found assignment to module.exports or exports at 6
| 2026-05-28T22:35:26.892Z expo:babel:exports Found assignment to module.exports or exports at 129
| 2026-05-28T22:35:26.904Z expo:babel:exports Found assignment to module.exports or exports at 3
| 2026-05-28T22:35:26.910Z expo:babel:exports Found assignment to module.exports or exports at 36
| 2026-05-28T22:35:26.937Z expo:babel:exports Found assignment to module.exports or exports at 1217
| 2026-05-28T22:35:26.941Z expo:babel:exports Found assignment to module.exports or exports at 16
| 2026-05-28T22:35:26.999Z expo:babel:exports Found assignment to module.exports or exports at 362
| 2026-05-28T22:35:27.004Z expo:babel:exports Found assignment to module.exports or exports at 460
| 2026-05-28T22:35:27.082Z expo:babel:exports Found assignment to module.exports or exports at 16925
| 2026-05-28T22:35:27.086Z expo:babel:exports Found assignment to module.exports or exports at 16643
| 2026-05-28T22:35:27.198Z expo:babel:exports Found assignment to module.exports or exports at 19
| 2026-05-28T22:35:27.212Z expo:babel:exports Found assignment to module.exports or exports at 18
iOS node_modules/expo-router/entry.js ▓▓▓▓▓▓▓▓▓▓▓▓▓▓░░ 91.3% (1131/1239)
| 2026-05-28T22:35:27.293Z expo:babel:exports Found assignment to module.exports or exports at 3
| 2026-05-28T22:35:27.293Z expo:babel:exports Found assignment to module.exports or exports at 3
| 2026-05-28T22:35:27.293Z expo:babel:exports Found assignment to module.exports or exports at 3
| 2026-05-28T22:35:27.329Z expo:babel:exports Found assignment to module.exports or exports at 496
| 2026-05-28T22:35:27.336Z expo:babel:exports Found assignment to module.exports or exports at 443
| 2026-05-28T22:35:27.388Z expo:babel:exports Found assignment to module.exports or exports at 5021
| 2026-05-28T22:35:27.401Z expo:babel:exports Found assignment to module.exports or exports at 625
| 2026-05-28T22:35:27.410Z expo:babel:exports Found assignment to module.exports or exports at 89
| 2026-05-28T22:35:27.416Z expo:babel:exports Found assignment to module.exports or exports at 6
| 2026-05-28T22:35:27.420Z expo:babel:exports Found assignment to module.exports or exports at 144
| 2026-05-28T22:35:27.428Z expo:babel:exports Found assignment to module.exports or exports at 11
| 2026-05-28T22:35:27.488Z expo:babel:exports Found assignment to module.exports or exports at 2992
| 2026-05-28T22:35:27.602Z expo:babel:exports Found assignment to module.exports or exports at 2
| 2026-05-28T22:35:27.610Z expo:babel:exports Found assignment to module.exports or exports at 3
| 2026-05-28T22:35:27.611Z expo:babel:exports Found assignment to module.exports or exports at 3
| 2026-05-28T22:35:27.635Z expo:babel:exports Found assignment to module.exports or exports at 3
| 2026-05-28T22:35:27.637Z expo:babel:exports Found assignment to module.exports or exports at 3
| 2026-05-28T22:35:27.637Z expo:babel:exports Found assignment to module.exports or exports at 7
| 2026-05-28T22:35:27.638Z expo:babel:exports Found assignment to module.exports or exports at 65
| 2026-05-28T22:35:27.646Z expo:babel:exports Found assignment to module.exports or exports at 6
| 2026-05-28T22:35:27.647Z expo:babel:exports Found assignment to module.exports or exports at 6
| 2026-05-28T22:35:27.649Z expo:babel:exports Found assignment to module.exports or exports at 3
| 2026-05-28T22:35:27.654Z expo:babel:exports Found assignment to module.exports or exports at 696
| 2026-05-28T22:35:27.655Z expo:babel:exports Found assignment to module.exports or exports at 3
| 2026-05-28T22:35:27.663Z expo:babel:exports Found assignment to module.exports or exports at 3
| 2026-05-28T22:35:27.679Z expo:babel:exports Found assignment to module.exports or exports at 1120
| 2026-05-28T22:35:27.717Z expo:babel:exports Found assignment to module.exports or exports at 4
2026-05-28T22:35:27.721Z expo:start:server:metro:multi-platform Skipping production module: ./cjs/scheduler.native.production.js
| 2026-05-28T22:35:27.721Z expo:babel:exports Found assignment to module.exports or exports at 81
| 2026-05-28T22:35:27.723Z expo:babel:exports Found assignment to module.exports or exports at 15
| 2026-05-28T22:35:27.734Z expo:babel:exports Found assignment to module.exports or exports at 170
| 2026-05-28T22:35:27.873Z expo:babel:exports Found assignment to module.exports or exports at 587
| 2026-05-28T22:35:27.943Z expo:babel:exports Found assignment to module.exports or exports at 5216
2026-05-28T22:35:28.086Z expo:metro:withMetroResolvers Custom resolver (requestPostRewrites) threw: FailedToResolveNameError. (module: @react-native-masked-view/masked-view, platform: ios, env: undefined, origin: /Users/timothybarrett/Desktop/:Desktop:LiftFlow/node_modules/@react-navigation/elements/lib/module/MaskedViewNative.js)
2026-05-28T22:35:28.088Z expo:metro:withMetroResolvers Custom resolver (requestPostRewrites) threw: FailedToResolveNameError. (module: @react-native-masked-view/masked-view, platform: ios, env: undefined, origin: /Users/timothybarrett/Desktop/:Desktop:LiftFlow/node_modules/@react-navigation/elements/lib/module/MaskedViewNative.js)
2026-05-28T22:35:28.092Z expo:metro:withMetroResolvers Number of explored stacks: 2
2026-05-28T22:35:28.092Z expo:metro:withMetroResolvers Found inverse graph: {
  "frames": [
    {
      "origin": "/Users/timothybarrett/Desktop/:Desktop:LiftFlow/node_modules/@react-navigation/elements/lib/module/MaskedViewNative.js",
      "request": "@react-native-masked-view/masked-view"
    },
    {
      "origin": "/Users/timothybarrett/Desktop/:Desktop:LiftFlow/node_modules/@react-navigation/elements/lib/module/MaskedView.ios.js",
      "request": "./MaskedViewNative.js"
    },
    {
      "origin": "/Users/timothybarrett/Desktop/:Desktop:LiftFlow/node_modules/@react-navigation/elements/lib/module/Header/HeaderBackButton.js",
      "request": "../MaskedView"
    },
    {
      "origin": "/Users/timothybarrett/Desktop/:Desktop:LiftFlow/node_modules/@react-navigation/elements/lib/module/index.js",
      "request": "./Header/HeaderBackButton.js"
    },
    {
      "origin": "/Users/timothybarrett/Desktop/:Desktop:LiftFlow/node_modules/@react-navigation/bottom-tabs/lib/module/views/BottomTabView.js",
      "request": "@react-navigation/elements"
    },
    {
      "origin": "/Users/timothybarrett/Desktop/:Desktop:LiftFlow/node_modules/@react-navigation/bottom-tabs/lib/module/index.js",
      "request": "./views/BottomTabView.js"
    },
    {
      "origin": "/Users/timothybarrett/Desktop/:Desktop:LiftFlow/node_modules/expo-router/build/views/ErrorBoundary.js",
      "request": "@react-navigation/bottom-tabs"
    },
    {
      "origin": "/Users/timothybarrett/Desktop/:Desktop:LiftFlow/node_modules/expo-router/build/exports.js",
      "request": "./views/ErrorBoundary"
    },
    {
      "origin": "/Users/timothybarrett/Desktop/:Desktop:LiftFlow/node_modules/expo-router/build/index.js",
      "request": "./exports"
    },
    {
      "origin": "/Users/timothybarrett/Desktop/:Desktop:LiftFlow/src/app/(auth)/login.tsx",
      "request": "expo-router"
    },
    {
      "origin": "/Users/timothybarrett/Desktop/:Desktop:LiftFlow/src/app?ctx=3ab07f305c4346b25020dd398f4d6d4dc9229acb",
      "request": "/Users/timothybarrett/Desktop/:Desktop:LiftFlow/src/app/(auth)/login.tsx"
    }
  ],
  "serverRoot": true
}
| 2026-05-28T22:35:28.098Z expo:babel:exports Found assignment to module.exports or exports at 3
| 2026-05-28T22:35:28.105Z expo:babel:exports Found assignment to module.exports or exports at 3
| 2026-05-28T22:35:28.106Z expo:babel:exports Found assignment to module.exports or exports at 75
| 2026-05-28T22:35:28.111Z expo:babel:exports Found assignment to module.exports or exports at 3
| 2026-05-28T22:35:28.116Z expo:babel:exports Found assignment to module.exports or exports at 93
| 2026-05-28T22:35:28.119Z expo:babel:exports Found assignment to module.exports or exports at 113
| 2026-05-28T22:35:28.120Z expo:babel:exports Found assignment to module.exports or exports at 6
| 2026-05-28T22:35:28.123Z expo:babel:exports Found assignment to module.exports or exports at 3
| 2026-05-28T22:35:28.125Z expo:babel:exports Found assignment to module.exports or exports at 154
| 2026-05-28T22:35:28.197Z expo:babel:exports Found assignment to module.exports or exports at 18
| 2026-05-28T22:35:28.244Z expo:babel:exports Found assignment to module.exports or exports at 3
| 2026-05-28T22:35:28.286Z expo:babel:exports Found assignment to module.exports or exports at 331
| 2026-05-28T22:35:28.289Z expo:babel:exports Found assignment to module.exports or exports at 78
| 2026-05-28T22:35:28.304Z expo:babel:exports Found assignment to module.exports or exports at 3
| 2026-05-28T22:35:28.309Z expo:babel:exports Found assignment to module.exports or exports at 8
| 2026-05-28T22:35:28.311Z expo:babel:exports Found assignment to module.exports or exports at 32
| 2026-05-28T22:35:28.351Z expo:babel:exports Found assignment to module.exports or exports at 3
| 2026-05-28T22:35:28.351Z expo:babel:exports Found assignment to module.exports or exports at 3
| 2026-05-28T22:35:28.354Z expo:babel:exports Found assignment to module.exports or exports at 3
| 2026-05-28T22:35:28.354Z expo:babel:exports Found assignment to module.exports or exports at 3
| 2026-05-28T22:35:28.358Z expo:babel:exports Found assignment to module.exports or exports at 4
| 2026-05-28T22:35:28.362Z expo:babel:exports Found assignment to module.exports or exports at 8
| 2026-05-28T22:35:28.369Z expo:babel:exports Found assignment to module.exports or exports at 3
| 2026-05-28T22:35:28.371Z expo:babel:exports Found assignment to module.exports or exports at 3
| 2026-05-28T22:35:28.384Z expo:babel:exports Found assignment to module.exports or exports at 1
| 2026-05-28T22:35:28.401Z expo:babel:exports Found assignment to module.exports or exports at 63
| 2026-05-28T22:35:28.404Z expo:babel:exports Found assignment to module.exports or exports at 31
| 2026-05-28T22:35:28.459Z expo:babel:exports Found assignment to module.exports or exports at 8
| 2026-05-28T22:35:28.462Z expo:babel:exports Found assignment to module.exports or exports at 12
| 2026-05-28T22:35:28.467Z expo:babel:exports Found assignment to module.exports or exports at 4
| 2026-05-28T22:35:28.500Z expo:babel:exports Found assignment to module.exports or exports at 18
| 2026-05-28T22:35:28.521Z expo:babel:exports Found assignment to module.exports or exports at 218
| 2026-05-28T22:35:28.540Z expo:babel:exports Found assignment to module.exports or exports at 333
| 2026-05-28T22:35:28.542Z expo:babel:exports Found assignment to module.exports or exports at 28
| 2026-05-28T22:35:28.543Z expo:babel:exports Found assignment to module.exports or exports at 42
| 2026-05-28T22:35:28.545Z expo:babel:exports Found assignment to module.exports or exports at 11
| 2026-05-28T22:35:28.547Z expo:babel:exports Found assignment to module.exports or exports at 17
| 2026-05-28T22:35:28.548Z expo:babel:exports Found assignment to module.exports or exports at 136
| 2026-05-28T22:35:28.549Z expo:babel:exports Found assignment to module.exports or exports at 26
| 2026-05-28T22:35:28.549Z expo:babel:exports Found assignment to exports at 9
| 2026-05-28T22:35:28.555Z expo:babel:exports Found assignment to module.exports or exports at 54
| 2026-05-28T22:35:28.559Z expo:babel:exports Found assignment to module.exports or exports at 5
| 2026-05-28T22:35:28.559Z expo:babel:exports Found assignment to module.exports or exports at 5
| 2026-05-28T22:35:28.559Z expo:babel:exports Found assignment to module.exports or exports at 5
| 2026-05-28T22:35:28.559Z expo:babel:exports Found assignment to module.exports or exports at 5
| 2026-05-28T22:35:28.559Z expo:babel:exports Found assignment to module.exports or exports at 5
| 2026-05-28T22:35:28.559Z expo:babel:exports Found assignment to module.exports or exports at 5
| 2026-05-28T22:35:28.561Z expo:babel:exports Found assignment to module.exports or exports at 7
2026-05-28T22:35:28.713Z expo:metro-config:serializer:env-var Injecting environment variables in virtual module.
iOS Bundled 5003ms node_modules/expo-router/entry.js (1566 modules)
2026-05-28T22:39:22.234Z expo:start:server:metro:multi-platform Skipping production module: ./cjs/react.production.js
2026-05-28T22:39:22.240Z expo:start:server:metro:multi-platform Skipping production module: ./cjs/react-jsx-dev-runtime.production.js
2026-05-28T22:39:22.240Z expo:start:server:metro:multi-platform Skipping production module: ../implementations/ReactFabric-prod
2026-05-28T22:39:22.258Z expo:start:server:metro:multi-platform Skipping production module: ./cjs/scheduler.native.production.js
2026-05-28T22:39:22.259Z expo:start:server:metro:multi-platform Skipping production module: ../implementations/ReactNativeRenderer-prod
2026-05-28T22:39:22.266Z expo:start:server:metro:multi-platform Skipping production module: ./cjs/react-is.production.min.js
2026-05-28T22:39:22.289Z expo:start:server:metro:multi-platform Skipping production module: ./cjs/react-refresh-runtime.production.min.js
2026-05-28T22:39:22.395Z expo:metro:tsconfig-paths @/constants/theme -> /Users/timothybarrett/Desktop/:Desktop:LiftFlow/src/constants/theme
2026-05-28T22:39:22.400Z expo:start:server:metro:multi-platform Skipping production module: ./cjs/react-jsx-runtime.production.js
2026-05-28T22:39:22.402Z expo:start:server:metro:multi-platform Skipping production module: ./cjs/react-is.production.js
2026-05-28T22:39:22.425Z expo:metro:withMetroResolvers Custom resolver (requestPostRewrites) threw: FailedToResolveNameError. (module: @react-native-masked-view/masked-view, platform: ios, env: undefined, origin: /Users/timothybarrett/Desktop/:Desktop:LiftFlow/node_modules/@react-navigation/elements/lib/module/MaskedViewNative.js)
2026-05-28T22:39:22.425Z expo:metro:withMetroResolvers Custom resolver (requestPostRewrites) threw: FailedToResolveNameError. (module: @react-native-masked-view/masked-view, platform: ios, env: undefined, origin: /Users/timothybarrett/Desktop/:Desktop:LiftFlow/node_modules/@react-navigation/elements/lib/module/MaskedViewNative.js)
2026-05-28T22:39:22.437Z expo:metro:withMetroResolvers Number of explored stacks: 2
2026-05-28T22:39:22.437Z expo:metro:withMetroResolvers Found inverse graph: {
  "frames": [
    {
      "origin": "/Users/timothybarrett/Desktop/:Desktop:LiftFlow/node_modules/@react-navigation/elements/lib/module/MaskedViewNative.js",
      "request": "@react-native-masked-view/masked-view"
    },
    {
      "origin": "/Users/timothybarrett/Desktop/:Desktop:LiftFlow/node_modules/@react-navigation/elements/lib/module/MaskedView.ios.js",
      "request": "./MaskedViewNative.js"
    },
    {
      "origin": "/Users/timothybarrett/Desktop/:Desktop:LiftFlow/node_modules/@react-navigation/elements/lib/module/Header/HeaderBackButton.js",
      "request": "../MaskedView"
    },
    {
      "origin": "/Users/timothybarrett/Desktop/:Desktop:LiftFlow/node_modules/@react-navigation/elements/lib/module/index.js",
      "request": "./Header/HeaderBackButton.js"
    },
    {
      "origin": "/Users/timothybarrett/Desktop/:Desktop:LiftFlow/node_modules/@react-navigation/bottom-tabs/lib/module/views/BottomTabView.js",
      "request": "@react-navigation/elements"
    },
    {
      "origin": "/Users/timothybarrett/Desktop/:Desktop:LiftFlow/node_modules/@react-navigation/bottom-tabs/lib/module/index.js",
      "request": "./views/BottomTabView.js"
    },
    {
      "origin": "/Users/timothybarrett/Desktop/:Desktop:LiftFlow/node_modules/expo-router/build/views/ErrorBoundary.js",
      "request": "@react-navigation/bottom-tabs"
    },
    {
      "origin": "/Users/timothybarrett/Desktop/:Desktop:LiftFlow/node_modules/expo-router/build/exports.js",
      "request": "./views/ErrorBoundary"
    },
    {
      "origin": "/Users/timothybarrett/Desktop/:Desktop:LiftFlow/node_modules/expo-router/build/index.js",
      "request": "./exports"
    },
    {
      "origin": "/Users/timothybarrett/Desktop/:Desktop:LiftFlow/src/app/(auth)/login.tsx",
      "request": "expo-router"
    },
    {
      "origin": "/Users/timothybarrett/Desktop/:Desktop:LiftFlow/src/app?ctx=3ab07f305c4346b25020dd398f4d6d4dc9229acb",
      "request": "/Users/timothybarrett/Desktop/:Desktop:LiftFlow/src/app/(auth)/login.tsx"
    }
  ],
  "serverRoot": true
}
2026-05-28T22:39:22.478Z expo:metro:tsconfig-paths @/components/auth/AuthFormContainer -> /Users/timothybarrett/Desktop/:Desktop:LiftFlow/src/components/auth/AuthFormContainer
2026-05-28T22:39:22.478Z expo:metro:tsconfig-paths @/components/layout/PrimaryButton -> /Users/timothybarrett/Desktop/:Desktop:LiftFlow/src/components/layout/PrimaryButton
2026-05-28T22:39:22.478Z expo:metro:tsconfig-paths @/components/layout/TextField -> /Users/timothybarrett/Desktop/:Desktop:LiftFlow/src/components/layout/TextField
2026-05-28T22:39:22.478Z expo:metro:tsconfig-paths @/components/ui/AppSymbol -> /Users/timothybarrett/Desktop/:Desktop:LiftFlow/src/components/ui/AppSymbol
2026-05-28T22:39:22.478Z expo:metro:tsconfig-paths @/components/ui/AppText -> /Users/timothybarrett/Desktop/:Desktop:LiftFlow/src/components/ui/AppText
2026-05-28T22:39:22.479Z expo:metro:tsconfig-paths @/hooks/useAuth -> /Users/timothybarrett/Desktop/:Desktop:LiftFlow/src/hooks/useAuth
2026-05-28T22:39:22.480Z expo:metro:tsconfig-paths @/components/ui/AppText -> /Users/timothybarrett/Desktop/:Desktop:LiftFlow/src/components/ui/AppText
2026-05-28T22:39:22.480Z expo:metro:tsconfig-paths @/constants/theme -> /Users/timothybarrett/Desktop/:Desktop:LiftFlow/src/constants/theme
2026-05-28T22:39:22.480Z expo:metro:tsconfig-paths @/components/ui/AppText -> /Users/timothybarrett/Desktop/:Desktop:LiftFlow/src/components/ui/AppText
2026-05-28T22:39:22.480Z expo:metro:tsconfig-paths @/constants/theme -> /Users/timothybarrett/Desktop/:Desktop:LiftFlow/src/constants/theme
2026-05-28T22:39:22.480Z expo:metro:tsconfig-paths @/constants/theme -> /Users/timothybarrett/Desktop/:Desktop:LiftFlow/src/constants/theme
2026-05-28T22:39:22.481Z expo:metro:tsconfig-paths @/contexts/AuthContext -> /Users/timothybarrett/Desktop/:Desktop:LiftFlow/src/contexts/AuthContext
2026-05-28T22:39:22.481Z expo:metro:tsconfig-paths @/services/authService -> /Users/timothybarrett/Desktop/:Desktop:LiftFlow/src/services/authService
2026-05-28T22:39:22.482Z expo:metro:tsconfig-paths @/supabase/client -> /Users/timothybarrett/Desktop/:Desktop:LiftFlow/src/supabase/client
2026-05-28T22:39:22.510Z expo:metro:tsconfig-paths @/components/features/FeaturePlaceholderScreen -> /Users/timothybarrett/Desktop/:Desktop:LiftFlow/src/components/features/FeaturePlaceholderScreen
2026-05-28T22:39:22.511Z expo:metro:tsconfig-paths @/components/ui/AppText -> /Users/timothybarrett/Desktop/:Desktop:LiftFlow/src/components/ui/AppText
2026-05-28T22:39:22.511Z expo:metro:tsconfig-paths @/constants/features -> /Users/timothybarrett/Desktop/:Desktop:LiftFlow/src/constants/features
2026-05-28T22:39:22.511Z expo:metro:tsconfig-paths @/constants/theme -> /Users/timothybarrett/Desktop/:Desktop:LiftFlow/src/constants/theme
2026-05-28T22:39:22.511Z expo:metro:tsconfig-paths @/components/layout/Card -> /Users/timothybarrett/Desktop/:Desktop:LiftFlow/src/components/layout/Card
2026-05-28T22:39:22.511Z expo:metro:tsconfig-paths @/components/layout/PrimaryButton -> /Users/timothybarrett/Desktop/:Desktop:LiftFlow/src/components/layout/PrimaryButton
2026-05-28T22:39:22.511Z expo:metro:tsconfig-paths @/components/layout/ScreenContainer -> /Users/timothybarrett/Desktop/:Desktop:LiftFlow/src/components/layout/ScreenContainer
2026-05-28T22:39:22.511Z expo:metro:tsconfig-paths @/components/ui/AppSymbol -> /Users/timothybarrett/Desktop/:Desktop:LiftFlow/src/components/ui/AppSymbol
2026-05-28T22:39:22.511Z expo:metro:tsconfig-paths @/components/ui/AppText -> /Users/timothybarrett/Desktop/:Desktop:LiftFlow/src/components/ui/AppText
2026-05-28T22:39:22.511Z expo:metro:tsconfig-paths @/constants/features -> /Users/timothybarrett/Desktop/:Desktop:LiftFlow/src/constants/features
2026-05-28T22:39:22.511Z expo:metro:tsconfig-paths @/constants/theme -> /Users/timothybarrett/Desktop/:Desktop:LiftFlow/src/constants/theme
2026-05-28T22:39:22.512Z expo:metro:tsconfig-paths @/constants/theme -> /Users/timothybarrett/Desktop/:Desktop:LiftFlow/src/constants/theme
2026-05-28T22:39:22.512Z expo:metro:tsconfig-paths @/components/ui/AppSymbol -> /Users/timothybarrett/Desktop/:Desktop:LiftFlow/src/components/ui/AppSymbol
2026-05-28T22:39:22.512Z expo:metro:tsconfig-paths @/constants/theme -> /Users/timothybarrett/Desktop/:Desktop:LiftFlow/src/constants/theme
2026-05-28T22:39:22.513Z expo:metro:tsconfig-paths @/components/auth/AuthFormContainer -> /Users/timothybarrett/Desktop/:Desktop:LiftFlow/src/components/auth/AuthFormContainer
2026-05-28T22:39:22.513Z expo:metro:tsconfig-paths @/components/layout/Card -> /Users/timothybarrett/Desktop/:Desktop:LiftFlow/src/components/layout/Card
2026-05-28T22:39:22.513Z expo:metro:tsconfig-paths @/components/layout/PrimaryButton -> /Users/timothybarrett/Desktop/:Desktop:LiftFlow/src/components/layout/PrimaryButton
2026-05-28T22:39:22.513Z expo:metro:tsconfig-paths @/components/ui/AppText -> /Users/timothybarrett/Desktop/:Desktop:LiftFlow/src/components/ui/AppText
2026-05-28T22:39:22.513Z expo:metro:tsconfig-paths @/components/layout/TextField -> /Users/timothybarrett/Desktop/:Desktop:LiftFlow/src/components/layout/TextField
2026-05-28T22:39:22.513Z expo:metro:tsconfig-paths @/components/layout/Card -> /Users/timothybarrett/Desktop/:Desktop:LiftFlow/src/components/layout/Card
2026-05-28T22:39:22.513Z expo:metro:tsconfig-paths @/components/layout/ScreenContainer -> /Users/timothybarrett/Desktop/:Desktop:LiftFlow/src/components/layout/ScreenContainer
2026-05-28T22:39:22.513Z expo:metro:tsconfig-paths @/components/layout/SectionHeader -> /Users/timothybarrett/Desktop/:Desktop:LiftFlow/src/components/layout/SectionHeader
2026-05-28T22:39:22.513Z expo:metro:tsconfig-paths @/components/ui/AppText -> /Users/timothybarrett/Desktop/:Desktop:LiftFlow/src/components/ui/AppText
2026-05-28T22:39:22.513Z expo:metro:tsconfig-paths @/constants/features -> /Users/timothybarrett/Desktop/:Desktop:LiftFlow/src/constants/features
2026-05-28T22:39:22.514Z expo:metro:tsconfig-paths @/components/layout/Card -> /Users/timothybarrett/Desktop/:Desktop:LiftFlow/src/components/layout/Card
2026-05-28T22:39:22.514Z expo:metro:tsconfig-paths @/components/ui/AppText -> /Users/timothybarrett/Desktop/:Desktop:LiftFlow/src/components/ui/AppText
2026-05-28T22:39:22.514Z expo:metro:tsconfig-paths @/constants/theme -> /Users/timothybarrett/Desktop/:Desktop:LiftFlow/src/constants/theme
2026-05-28T22:39:22.514Z expo:metro:tsconfig-paths @/components/layout/PrimaryButton -> /Users/timothybarrett/Desktop/:Desktop:LiftFlow/src/components/layout/PrimaryButton
2026-05-28T22:39:22.514Z expo:metro:tsconfig-paths @/components/settings/SettingsRow -> /Users/timothybarrett/Desktop/:Desktop:LiftFlow/src/components/settings/SettingsRow
2026-05-28T22:39:22.514Z expo:metro:tsconfig-paths @/hooks/useAuth -> /Users/timothybarrett/Desktop/:Desktop:LiftFlow/src/hooks/useAuth
2026-05-28T22:39:22.514Z expo:metro:tsconfig-paths @/components/ui/AppText -> /Users/timothybarrett/Desktop/:Desktop:LiftFlow/src/components/ui/AppText
2026-05-28T22:39:22.514Z expo:metro:tsconfig-paths @/constants/theme -> /Users/timothybarrett/Desktop/:Desktop:LiftFlow/src/constants/theme
2026-05-28T22:39:22.514Z expo:metro:tsconfig-paths @/utils/placeholders -> /Users/timothybarrett/Desktop/:Desktop:LiftFlow/src/utils/placeholders
2026-05-28T22:39:22.515Z expo:metro:tsconfig-paths @/components/workout/MicrophoneButton -> /Users/timothybarrett/Desktop/:Desktop:LiftFlow/src/components/workout/MicrophoneButton
2026-05-28T22:39:22.515Z expo:metro:tsconfig-paths @/components/workout/QuickCorrectionButtons -> /Users/timothybarrett/Desktop/:Desktop:LiftFlow/src/components/workout/QuickCorrectionButtons
2026-05-28T22:39:22.515Z expo:metro:tsconfig-paths @/components/workout/RestTimerSection -> /Users/timothybarrett/Desktop/:Desktop:LiftFlow/src/components/workout/RestTimerSection
2026-05-28T22:39:22.515Z expo:metro:tsconfig-paths @/components/workout/WorkoutCard -> /Users/timothybarrett/Desktop/:Desktop:LiftFlow/src/components/workout/WorkoutCard
2026-05-28T22:39:22.515Z expo:metro:tsconfig-paths @/utils/placeholders -> /Users/timothybarrett/Desktop/:Desktop:LiftFlow/src/utils/placeholders
2026-05-28T22:39:22.515Z expo:metro:tsconfig-paths @/components/ui/AppSymbol -> /Users/timothybarrett/Desktop/:Desktop:LiftFlow/src/components/ui/AppSymbol
2026-05-28T22:39:22.515Z expo:metro:tsconfig-paths @/components/layout/Card -> /Users/timothybarrett/Desktop/:Desktop:LiftFlow/src/components/layout/Card
2026-05-28T22:39:22.515Z expo:metro:tsconfig-paths @/components/ui/AppText -> /Users/timothybarrett/Desktop/:Desktop:LiftFlow/src/components/ui/AppText
2026-05-28T22:39:22.515Z expo:metro:tsconfig-paths @/constants/theme -> /Users/timothybarrett/Desktop/:Desktop:LiftFlow/src/constants/theme
2026-05-28T22:39:22.515Z expo:metro:tsconfig-paths @/components/layout/Card -> /Users/timothybarrett/Desktop/:Desktop:LiftFlow/src/components/layout/Card
2026-05-28T22:39:22.515Z expo:metro:tsconfig-paths @/components/history/HistoryCard -> /Users/timothybarrett/Desktop/:Desktop:LiftFlow/src/components/history/HistoryCard
2026-05-28T22:39:22.516Z expo:metro:tsconfig-paths @/constants/theme -> /Users/timothybarrett/Desktop/:Desktop:LiftFlow/src/constants/theme
2026-05-28T22:39:22.516Z expo:metro:tsconfig-paths @/state/AppProviders -> /Users/timothybarrett/Desktop/:Desktop:LiftFlow/src/state/AppProviders
2026-05-28T22:39:22.516Z expo:metro:tsconfig-paths @/components/ui/AppSymbol -> /Users/timothybarrett/Desktop/:Desktop:LiftFlow/src/components/ui/AppSymbol
2026-05-28T22:39:22.590Z expo:start:server:metro:multi-platform Skipping production module: ./cjs/react-is.production.min.js
2026-05-28T22:39:22.599Z expo:metro:tsconfig-paths @/utils/placeholders -> /Users/timothybarrett/Desktop/:Desktop:LiftFlow/src/utils/placeholders
2026-05-28T22:39:22.599Z expo:metro:tsconfig-paths @/hooks/useAuth -> /Users/timothybarrett/Desktop/:Desktop:LiftFlow/src/hooks/useAuth
2026-05-28T22:39:22.599Z expo:metro:tsconfig-paths @/services/workoutService -> /Users/timothybarrett/Desktop/:Desktop:LiftFlow/src/services/workoutService
2026-05-28T22:39:22.599Z expo:metro:tsconfig-paths @/contexts/AuthContext -> /Users/timothybarrett/Desktop/:Desktop:LiftFlow/src/contexts/AuthContext
2026-05-28T22:39:22.599Z expo:metro:tsconfig-paths @/state/workout/WorkoutSessionContext -> /Users/timothybarrett/Desktop/:Desktop:LiftFlow/src/state/workout/WorkoutSessionContext
2026-05-28T22:39:24.081Z expo:start:server:metro:multi-platform Skipping production module: ./cjs/react.production.js
2026-05-28T22:39:24.086Z expo:start:server:metro:multi-platform Skipping production module: ./cjs/react-jsx-dev-runtime.production.js
2026-05-28T22:39:24.088Z expo:start:server:metro:multi-platform Skipping production module: ../implementations/ReactFabric-prod
2026-05-28T22:39:24.106Z expo:start:server:metro:multi-platform Skipping production module: ./cjs/scheduler.native.production.js
2026-05-28T22:39:24.107Z expo:start:server:metro:multi-platform Skipping production module: ../implementations/ReactNativeRenderer-prod
2026-05-28T22:39:24.113Z expo:start:server:metro:multi-platform Skipping production module: ./cjs/react-is.production.min.js
2026-05-28T22:39:24.131Z expo:start:server:metro:multi-platform Skipping production module: ./cjs/react-refresh-runtime.production.min.js
2026-05-28T22:39:24.233Z expo:metro:tsconfig-paths @/constants/theme -> /Users/timothybarrett/Desktop/:Desktop:LiftFlow/src/constants/theme
2026-05-28T22:39:24.246Z expo:start:server:metro:multi-platform Skipping production module: ./cjs/react-jsx-runtime.production.js
2026-05-28T22:39:24.247Z expo:start:server:metro:multi-platform Skipping production module: ./cjs/react-is.production.js
2026-05-28T22:39:24.268Z expo:metro:withMetroResolvers Custom resolver (requestPostRewrites) threw: FailedToResolveNameError. (module: @react-native-masked-view/masked-view, platform: ios, env: undefined, origin: /Users/timothybarrett/Desktop/:Desktop:LiftFlow/node_modules/@react-navigation/elements/lib/module/MaskedViewNative.js)
2026-05-28T22:39:24.268Z expo:metro:withMetroResolvers Custom resolver (requestPostRewrites) threw: FailedToResolveNameError. (module: @react-native-masked-view/masked-view, platform: ios, env: undefined, origin: /Users/timothybarrett/Desktop/:Desktop:LiftFlow/node_modules/@react-navigation/elements/lib/module/MaskedViewNative.js)
2026-05-28T22:39:24.274Z expo:metro:withMetroResolvers Number of explored stacks: 2
2026-05-28T22:39:24.274Z expo:metro:withMetroResolvers Found inverse graph: {
  "frames": [
    {
      "origin": "/Users/timothybarrett/Desktop/:Desktop:LiftFlow/node_modules/@react-navigation/elements/lib/module/MaskedViewNative.js",
      "request": "@react-native-masked-view/masked-view"
    },
    {
      "origin": "/Users/timothybarrett/Desktop/:Desktop:LiftFlow/node_modules/@react-navigation/elements/lib/module/MaskedView.ios.js",
      "request": "./MaskedViewNative.js"
    },
    {
      "origin": "/Users/timothybarrett/Desktop/:Desktop:LiftFlow/node_modules/@react-navigation/elements/lib/module/Header/HeaderBackButton.js",
      "request": "../MaskedView"
    },
    {
      "origin": "/Users/timothybarrett/Desktop/:Desktop:LiftFlow/node_modules/@react-navigation/elements/lib/module/index.js",
      "request": "./Header/HeaderBackButton.js"
    },
    {
      "origin": "/Users/timothybarrett/Desktop/:Desktop:LiftFlow/node_modules/@react-navigation/bottom-tabs/lib/module/views/BottomTabView.js",
      "request": "@react-navigation/elements"
    },
    {
      "origin": "/Users/timothybarrett/Desktop/:Desktop:LiftFlow/node_modules/@react-navigation/bottom-tabs/lib/module/index.js",
      "request": "./views/BottomTabView.js"
    },
    {
      "origin": "/Users/timothybarrett/Desktop/:Desktop:LiftFlow/node_modules/expo-router/build/views/ErrorBoundary.js",
      "request": "@react-navigation/bottom-tabs"
    },
    {
      "origin": "/Users/timothybarrett/Desktop/:Desktop:LiftFlow/node_modules/expo-router/build/exports.js",
      "request": "./views/ErrorBoundary"
    },
    {
      "origin": "/Users/timothybarrett/Desktop/:Desktop:LiftFlow/node_modules/expo-router/build/index.js",
      "request": "./exports"
    },
    {
      "origin": "/Users/timothybarrett/Desktop/:Desktop:LiftFlow/src/app/(auth)/login.tsx",
      "request": "expo-router"
    },
    {
      "origin": "/Users/timothybarrett/Desktop/:Desktop:LiftFlow/src/app?ctx=3ab07f305c4346b25020dd398f4d6d4dc9229acb",
      "request": "/Users/timothybarrett/Desktop/:Desktop:LiftFlow/src/app/(auth)/login.tsx"
    }
  ],
  "serverRoot": true
}
2026-05-28T22:39:24.319Z expo:metro:tsconfig-paths @/components/auth/AuthFormContainer -> /Users/timothybarrett/Desktop/:Desktop:LiftFlow/src/components/auth/AuthFormContainer
2026-05-28T22:39:24.320Z expo:metro:tsconfig-paths @/components/layout/PrimaryButton -> /Users/timothybarrett/Desktop/:Desktop:LiftFlow/src/components/layout/PrimaryButton
2026-05-28T22:39:24.320Z expo:metro:tsconfig-paths @/components/layout/TextField -> /Users/timothybarrett/Desktop/:Desktop:LiftFlow/src/components/layout/TextField
2026-05-28T22:39:24.320Z expo:metro:tsconfig-paths @/components/ui/AppSymbol -> /Users/timothybarrett/Desktop/:Desktop:LiftFlow/src/components/ui/AppSymbol
2026-05-28T22:39:24.320Z expo:metro:tsconfig-paths @/components/ui/AppText -> /Users/timothybarrett/Desktop/:Desktop:LiftFlow/src/components/ui/AppText
2026-05-28T22:39:24.320Z expo:metro:tsconfig-paths @/hooks/useAuth -> /Users/timothybarrett/Desktop/:Desktop:LiftFlow/src/hooks/useAuth
2026-05-28T22:39:24.321Z expo:metro:tsconfig-paths @/constants/theme -> /Users/timothybarrett/Desktop/:Desktop:LiftFlow/src/constants/theme
2026-05-28T22:39:24.321Z expo:metro:tsconfig-paths @/components/ui/AppText -> /Users/timothybarrett/Desktop/:Desktop:LiftFlow/src/components/ui/AppText
2026-05-28T22:39:24.321Z expo:metro:tsconfig-paths @/constants/theme -> /Users/timothybarrett/Desktop/:Desktop:LiftFlow/src/constants/theme
2026-05-28T22:39:24.322Z expo:metro:tsconfig-paths @/components/ui/AppText -> /Users/timothybarrett/Desktop/:Desktop:LiftFlow/src/components/ui/AppText
2026-05-28T22:39:24.322Z expo:metro:tsconfig-paths @/constants/theme -> /Users/timothybarrett/Desktop/:Desktop:LiftFlow/src/constants/theme
2026-05-28T22:39:24.322Z expo:metro:tsconfig-paths @/contexts/AuthContext -> /Users/timothybarrett/Desktop/:Desktop:LiftFlow/src/contexts/AuthContext
2026-05-28T22:39:24.323Z expo:metro:tsconfig-paths @/services/authService -> /Users/timothybarrett/Desktop/:Desktop:LiftFlow/src/services/authService
2026-05-28T22:39:24.323Z expo:metro:tsconfig-paths @/supabase/client -> /Users/timothybarrett/Desktop/:Desktop:LiftFlow/src/supabase/client
2026-05-28T22:39:24.363Z expo:metro:tsconfig-paths @/components/layout/Card -> /Users/timothybarrett/Desktop/:Desktop:LiftFlow/src/components/layout/Card
2026-05-28T22:39:24.363Z expo:metro:tsconfig-paths @/components/layout/PrimaryButton -> /Users/timothybarrett/Desktop/:Desktop:LiftFlow/src/components/layout/PrimaryButton
2026-05-28T22:39:24.363Z expo:metro:tsconfig-paths @/components/layout/ScreenContainer -> /Users/timothybarrett/Desktop/:Desktop:LiftFlow/src/components/layout/ScreenContainer
2026-05-28T22:39:24.364Z expo:metro:tsconfig-paths @/components/ui/AppSymbol -> /Users/timothybarrett/Desktop/:Desktop:LiftFlow/src/components/ui/AppSymbol
2026-05-28T22:39:24.364Z expo:metro:tsconfig-paths @/components/ui/AppText -> /Users/timothybarrett/Desktop/:Desktop:LiftFlow/src/components/ui/AppText
2026-05-28T22:39:24.364Z expo:metro:tsconfig-paths @/constants/features -> /Users/timothybarrett/Desktop/:Desktop:LiftFlow/src/constants/features
2026-05-28T22:39:24.364Z expo:metro:tsconfig-paths @/constants/theme -> /Users/timothybarrett/Desktop/:Desktop:LiftFlow/src/constants/theme
2026-05-28T22:39:24.364Z expo:metro:tsconfig-paths @/constants/theme -> /Users/timothybarrett/Desktop/:Desktop:LiftFlow/src/constants/theme
2026-05-28T22:39:24.364Z expo:metro:tsconfig-paths @/components/features/FeaturePlaceholderScreen -> /Users/timothybarrett/Desktop/:Desktop:LiftFlow/src/components/features/FeaturePlaceholderScreen
2026-05-28T22:39:24.364Z expo:metro:tsconfig-paths @/components/ui/AppText -> /Users/timothybarrett/Desktop/:Desktop:LiftFlow/src/components/ui/AppText
2026-05-28T22:39:24.364Z expo:metro:tsconfig-paths @/constants/features -> /Users/timothybarrett/Desktop/:Desktop:LiftFlow/src/constants/features
2026-05-28T22:39:24.364Z expo:metro:tsconfig-paths @/constants/theme -> /Users/timothybarrett/Desktop/:Desktop:LiftFlow/src/constants/theme
2026-05-28T22:39:24.366Z expo:metro:tsconfig-paths @/components/auth/AuthFormContainer -> /Users/timothybarrett/Desktop/:Desktop:LiftFlow/src/components/auth/AuthFormContainer
2026-05-28T22:39:24.366Z expo:metro:tsconfig-paths @/components/layout/PrimaryButton -> /Users/timothybarrett/Desktop/:Desktop:LiftFlow/src/components/layout/PrimaryButton
2026-05-28T22:39:24.366Z expo:metro:tsconfig-paths @/components/layout/TextField -> /Users/timothybarrett/Desktop/:Desktop:LiftFlow/src/components/layout/TextField
2026-05-28T22:39:24.366Z expo:metro:tsconfig-paths @/components/ui/AppText -> /Users/timothybarrett/Desktop/:Desktop:LiftFlow/src/components/ui/AppText
2026-05-28T22:39:24.366Z expo:metro:tsconfig-paths @/components/ui/AppSymbol -> /Users/timothybarrett/Desktop/:Desktop:LiftFlow/src/components/ui/AppSymbol
2026-05-28T22:39:24.366Z expo:metro:tsconfig-paths @/constants/theme -> /Users/timothybarrett/Desktop/:Desktop:LiftFlow/src/constants/theme
2026-05-28T22:39:24.367Z expo:metro:tsconfig-paths @/components/layout/Card -> /Users/timothybarrett/Desktop/:Desktop:LiftFlow/src/components/layout/Card
2026-05-28T22:39:24.369Z expo:metro:tsconfig-paths @/components/history/HistoryCard -> /Users/timothybarrett/Desktop/:Desktop:LiftFlow/src/components/history/HistoryCard
2026-05-28T22:39:24.370Z expo:metro:tsconfig-paths @/components/layout/Card -> /Users/timothybarrett/Desktop/:Desktop:LiftFlow/src/components/layout/Card
2026-05-28T22:39:24.371Z expo:metro:tsconfig-paths @/components/layout/ScreenContainer -> /Users/timothybarrett/Desktop/:Desktop:LiftFlow/src/components/layout/ScreenContainer
2026-05-28T22:39:24.371Z expo:metro:tsconfig-paths @/components/layout/SectionHeader -> /Users/timothybarrett/Desktop/:Desktop:LiftFlow/src/components/layout/SectionHeader
2026-05-28T22:39:24.371Z expo:metro:tsconfig-paths @/components/ui/AppText -> /Users/timothybarrett/Desktop/:Desktop:LiftFlow/src/components/ui/AppText
2026-05-28T22:39:24.371Z expo:metro:tsconfig-paths @/utils/placeholders -> /Users/timothybarrett/Desktop/:Desktop:LiftFlow/src/utils/placeholders
2026-05-28T22:39:24.371Z expo:metro:tsconfig-paths @/components/layout/Card -> /Users/timothybarrett/Desktop/:Desktop:LiftFlow/src/components/layout/Card
2026-05-28T22:39:24.371Z expo:metro:tsconfig-paths @/components/ui/AppText -> /Users/timothybarrett/Desktop/:Desktop:LiftFlow/src/components/ui/AppText
2026-05-28T22:39:24.371Z expo:metro:tsconfig-paths @/constants/theme -> /Users/timothybarrett/Desktop/:Desktop:LiftFlow/src/constants/theme
2026-05-28T22:39:24.372Z expo:metro:tsconfig-paths @/components/layout/PrimaryButton -> /Users/timothybarrett/Desktop/:Desktop:LiftFlow/src/components/layout/PrimaryButton
2026-05-28T22:39:24.372Z expo:metro:tsconfig-paths @/components/settings/SettingsRow -> /Users/timothybarrett/Desktop/:Desktop:LiftFlow/src/components/settings/SettingsRow
2026-05-28T22:39:24.372Z expo:metro:tsconfig-paths @/hooks/useAuth -> /Users/timothybarrett/Desktop/:Desktop:LiftFlow/src/hooks/useAuth
2026-05-28T22:39:24.372Z expo:metro:tsconfig-paths @/components/ui/AppSymbol -> /Users/timothybarrett/Desktop/:Desktop:LiftFlow/src/components/ui/AppSymbol
2026-05-28T22:39:24.372Z expo:metro:tsconfig-paths @/components/layout/Card -> /Users/timothybarrett/Desktop/:Desktop:LiftFlow/src/components/layout/Card
2026-05-28T22:39:24.372Z expo:metro:tsconfig-paths @/components/ui/AppText -> /Users/timothybarrett/Desktop/:Desktop:LiftFlow/src/components/ui/AppText
2026-05-28T22:39:24.372Z expo:metro:tsconfig-paths @/constants/theme -> /Users/timothybarrett/Desktop/:Desktop:LiftFlow/src/constants/theme
2026-05-28T22:39:24.372Z expo:metro:tsconfig-paths @/constants/features -> /Users/timothybarrett/Desktop/:Desktop:LiftFlow/src/constants/features
2026-05-28T22:39:24.372Z expo:metro:tsconfig-paths @/components/ui/AppSymbol -> /Users/timothybarrett/Desktop/:Desktop:LiftFlow/src/components/ui/AppSymbol
2026-05-28T22:39:24.372Z expo:metro:tsconfig-paths @/components/ui/AppText -> /Users/timothybarrett/Desktop/:Desktop:LiftFlow/src/components/ui/AppText
2026-05-28T22:39:24.372Z expo:metro:tsconfig-paths @/constants/theme -> /Users/timothybarrett/Desktop/:Desktop:LiftFlow/src/constants/theme
2026-05-28T22:39:24.373Z expo:metro:tsconfig-paths @/utils/placeholders -> /Users/timothybarrett/Desktop/:Desktop:LiftFlow/src/utils/placeholders
2026-05-28T22:39:24.373Z expo:metro:tsconfig-paths @/constants/theme -> /Users/timothybarrett/Desktop/:Desktop:LiftFlow/src/constants/theme
2026-05-28T22:39:24.373Z expo:metro:tsconfig-paths @/state/AppProviders -> /Users/timothybarrett/Desktop/:Desktop:LiftFlow/src/state/AppProviders
2026-05-28T22:39:24.373Z expo:metro:tsconfig-paths @/components/workout/MicrophoneButton -> /Users/timothybarrett/Desktop/:Desktop:LiftFlow/src/components/workout/MicrophoneButton
2026-05-28T22:39:24.374Z expo:metro:tsconfig-paths @/components/workout/QuickCorrectionButtons -> /Users/timothybarrett/Desktop/:Desktop:LiftFlow/src/components/workout/QuickCorrectionButtons
2026-05-28T22:39:24.374Z expo:metro:tsconfig-paths @/components/workout/RestTimerSection -> /Users/timothybarrett/Desktop/:Desktop:LiftFlow/src/components/workout/RestTimerSection
2026-05-28T22:39:24.374Z expo:metro:tsconfig-paths @/components/workout/WorkoutCard -> /Users/timothybarrett/Desktop/:Desktop:LiftFlow/src/components/workout/WorkoutCard
2026-05-28T22:39:24.374Z expo:metro:tsconfig-paths @/components/layout/Card -> /Users/timothybarrett/Desktop/:Desktop:LiftFlow/src/components/layout/Card
2026-05-28T22:39:24.464Z expo:start:server:metro:multi-platform Skipping production module: ./cjs/react-is.production.min.js
2026-05-28T22:39:24.474Z expo:metro:tsconfig-paths @/contexts/AuthContext -> /Users/timothybarrett/Desktop/:Desktop:LiftFlow/src/contexts/AuthContext
2026-05-28T22:39:24.475Z expo:metro:tsconfig-paths @/state/workout/WorkoutSessionContext -> /Users/timothybarrett/Desktop/:Desktop:LiftFlow/src/state/workout/WorkoutSessionContext
2026-05-28T22:39:24.475Z expo:metro:tsconfig-paths @/hooks/useAuth -> /Users/timothybarrett/Desktop/:Desktop:LiftFlow/src/hooks/useAuth
2026-05-28T22:39:24.475Z expo:metro:tsconfig-paths @/services/workoutService -> /Users/timothybarrett/Desktop/:Desktop:LiftFlow/src/services/workoutService
2026-05-28T22:39:24.476Z expo:metro:tsconfig-paths @/utils/placeholders -> /Users/timothybarrett/Desktop/:Desktop:LiftFlow/src/utils/placeholders
2026-05-28T22:39:24.652Z expo:start:server:metro:multi-platform Skipping production module: ./cjs/react.production.js
2026-05-28T22:39:24.656Z expo:start:server:metro:multi-platform Skipping production module: ./cjs/react-jsx-dev-runtime.production.js
2026-05-28T22:39:24.657Z expo:start:server:metro:multi-platform Skipping production module: ../implementations/ReactFabric-prod
2026-05-28T22:39:24.671Z expo:start:server:metro:multi-platform Skipping production module: ./cjs/scheduler.native.production.js
2026-05-28T22:39:24.671Z expo:start:server:metro:multi-platform Skipping production module: ../implementations/ReactNativeRenderer-prod
2026-05-28T22:39:24.676Z expo:start:server:metro:multi-platform Skipping production module: ./cjs/react-is.production.min.js
2026-05-28T22:39:24.693Z expo:start:server:metro:multi-platform Skipping production module: ./cjs/react-refresh-runtime.production.min.js
2026-05-28T22:39:24.787Z expo:metro:tsconfig-paths @/constants/theme -> /Users/timothybarrett/Desktop/:Desktop:LiftFlow/src/constants/theme
2026-05-28T22:39:24.791Z expo:start:server:metro:multi-platform Skipping production module: ./cjs/react-jsx-runtime.production.js
2026-05-28T22:39:24.793Z expo:start:server:metro:multi-platform Skipping production module: ./cjs/react-is.production.js
2026-05-28T22:39:24.813Z expo:metro:withMetroResolvers Custom resolver (requestPostRewrites) threw: FailedToResolveNameError. (module: @react-native-masked-view/masked-view, platform: ios, env: undefined, origin: /Users/timothybarrett/Desktop/:Desktop:LiftFlow/node_modules/@react-navigation/elements/lib/module/MaskedViewNative.js)
2026-05-28T22:39:24.813Z expo:metro:withMetroResolvers Custom resolver (requestPostRewrites) threw: FailedToResolveNameError. (module: @react-native-masked-view/masked-view, platform: ios, env: undefined, origin: /Users/timothybarrett/Desktop/:Desktop:LiftFlow/node_modules/@react-navigation/elements/lib/module/MaskedViewNative.js)
2026-05-28T22:39:24.819Z expo:metro:withMetroResolvers Number of explored stacks: 2
2026-05-28T22:39:24.819Z expo:metro:withMetroResolvers Found inverse graph: {
  "frames": [
    {
      "origin": "/Users/timothybarrett/Desktop/:Desktop:LiftFlow/node_modules/@react-navigation/elements/lib/module/MaskedViewNative.js",
      "request": "@react-native-masked-view/masked-view"
    },
    {
      "origin": "/Users/timothybarrett/Desktop/:Desktop:LiftFlow/node_modules/@react-navigation/elements/lib/module/MaskedView.ios.js",
      "request": "./MaskedViewNative.js"
    },
    {
      "origin": "/Users/timothybarrett/Desktop/:Desktop:LiftFlow/node_modules/@react-navigation/elements/lib/module/Header/HeaderBackButton.js",
      "request": "../MaskedView"
    },
    {
      "origin": "/Users/timothybarrett/Desktop/:Desktop:LiftFlow/node_modules/@react-navigation/elements/lib/module/index.js",
      "request": "./Header/HeaderBackButton.js"
    },
    {
      "origin": "/Users/timothybarrett/Desktop/:Desktop:LiftFlow/node_modules/@react-navigation/bottom-tabs/lib/module/views/BottomTabView.js",
      "request": "@react-navigation/elements"
    },
    {
      "origin": "/Users/timothybarrett/Desktop/:Desktop:LiftFlow/node_modules/@react-navigation/bottom-tabs/lib/module/index.js",
      "request": "./views/BottomTabView.js"
    },
    {
      "origin": "/Users/timothybarrett/Desktop/:Desktop:LiftFlow/node_modules/expo-router/build/views/ErrorBoundary.js",
      "request": "@react-navigation/bottom-tabs"
    },
    {
      "origin": "/Users/timothybarrett/Desktop/:Desktop:LiftFlow/node_modules/expo-router/build/exports.js",
      "request": "./views/ErrorBoundary"
    },
    {
      "origin": "/Users/timothybarrett/Desktop/:Desktop:LiftFlow/node_modules/expo-router/build/index.js",
      "request": "./exports"
    },
    {
      "origin": "/Users/timothybarrett/Desktop/:Desktop:LiftFlow/src/app/(auth)/login.tsx",
      "request": "expo-router"
    },
    {
      "origin": "/Users/timothybarrett/Desktop/:Desktop:LiftFlow/src/app?ctx=3ab07f305c4346b25020dd398f4d6d4dc9229acb",
      "request": "/Users/timothybarrett/Desktop/:Desktop:LiftFlow/src/app/(auth)/login.tsx"
    }
  ],
  "serverRoot": true
}
2026-05-28T22:39:24.860Z expo:metro:tsconfig-paths @/components/auth/AuthFormContainer -> /Users/timothybarrett/Desktop/:Desktop:LiftFlow/src/components/auth/AuthFormContainer
2026-05-28T22:39:24.860Z expo:metro:tsconfig-paths @/components/layout/PrimaryButton -> /Users/timothybarrett/Desktop/:Desktop:LiftFlow/src/components/layout/PrimaryButton
2026-05-28T22:39:24.860Z expo:metro:tsconfig-paths @/components/layout/TextField -> /Users/timothybarrett/Desktop/:Desktop:LiftFlow/src/components/layout/TextField
2026-05-28T22:39:24.860Z expo:metro:tsconfig-paths @/components/ui/AppSymbol -> /Users/timothybarrett/Desktop/:Desktop:LiftFlow/src/components/ui/AppSymbol
2026-05-28T22:39:24.860Z expo:metro:tsconfig-paths @/components/ui/AppText -> /Users/timothybarrett/Desktop/:Desktop:LiftFlow/src/components/ui/AppText
2026-05-28T22:39:24.860Z expo:metro:tsconfig-paths @/hooks/useAuth -> /Users/timothybarrett/Desktop/:Desktop:LiftFlow/src/hooks/useAuth
2026-05-28T22:39:24.861Z expo:metro:tsconfig-paths @/components/ui/AppText -> /Users/timothybarrett/Desktop/:Desktop:LiftFlow/src/components/ui/AppText
2026-05-28T22:39:24.861Z expo:metro:tsconfig-paths @/constants/theme -> /Users/timothybarrett/Desktop/:Desktop:LiftFlow/src/constants/theme
2026-05-28T22:39:24.861Z expo:metro:tsconfig-paths @/components/ui/AppText -> /Users/timothybarrett/Desktop/:Desktop:LiftFlow/src/components/ui/AppText
2026-05-28T22:39:24.861Z expo:metro:tsconfig-paths @/constants/theme -> /Users/timothybarrett/Desktop/:Desktop:LiftFlow/src/constants/theme
2026-05-28T22:39:24.861Z expo:metro:tsconfig-paths @/constants/theme -> /Users/timothybarrett/Desktop/:Desktop:LiftFlow/src/constants/theme
2026-05-28T22:39:24.862Z expo:metro:tsconfig-paths @/contexts/AuthContext -> /Users/timothybarrett/Desktop/:Desktop:LiftFlow/src/contexts/AuthContext
2026-05-28T22:39:24.862Z expo:metro:tsconfig-paths @/supabase/client -> /Users/timothybarrett/Desktop/:Desktop:LiftFlow/src/supabase/client
2026-05-28T22:39:24.862Z expo:metro:tsconfig-paths @/services/authService -> /Users/timothybarrett/Desktop/:Desktop:LiftFlow/src/services/authService
2026-05-28T22:39:24.880Z expo:metro:tsconfig-paths @/components/features/FeaturePlaceholderScreen -> /Users/timothybarrett/Desktop/:Desktop:LiftFlow/src/components/features/FeaturePlaceholderScreen
2026-05-28T22:39:24.880Z expo:metro:tsconfig-paths @/components/ui/AppText -> /Users/timothybarrett/Desktop/:Desktop:LiftFlow/src/components/ui/AppText
2026-05-28T22:39:24.880Z expo:metro:tsconfig-paths @/constants/features -> /Users/timothybarrett/Desktop/:Desktop:LiftFlow/src/constants/features
2026-05-28T22:39:24.880Z expo:metro:tsconfig-paths @/constants/theme -> /Users/timothybarrett/Desktop/:Desktop:LiftFlow/src/constants/theme
2026-05-28T22:39:24.880Z expo:metro:tsconfig-paths @/components/layout/Card -> /Users/timothybarrett/Desktop/:Desktop:LiftFlow/src/components/layout/Card
2026-05-28T22:39:24.880Z expo:metro:tsconfig-paths @/components/layout/PrimaryButton -> /Users/timothybarrett/Desktop/:Desktop:LiftFlow/src/components/layout/PrimaryButton
2026-05-28T22:39:24.880Z expo:metro:tsconfig-paths @/components/layout/ScreenContainer -> /Users/timothybarrett/Desktop/:Desktop:LiftFlow/src/components/layout/ScreenContainer
2026-05-28T22:39:24.880Z expo:metro:tsconfig-paths @/components/ui/AppSymbol -> /Users/timothybarrett/Desktop/:Desktop:LiftFlow/src/components/ui/AppSymbol
2026-05-28T22:39:24.880Z expo:metro:tsconfig-paths @/components/ui/AppText -> /Users/timothybarrett/Desktop/:Desktop:LiftFlow/src/components/ui/AppText
2026-05-28T22:39:24.880Z expo:metro:tsconfig-paths @/constants/features -> /Users/timothybarrett/Desktop/:Desktop:LiftFlow/src/constants/features
2026-05-28T22:39:24.880Z expo:metro:tsconfig-paths @/constants/theme -> /Users/timothybarrett/Desktop/:Desktop:LiftFlow/src/constants/theme
2026-05-28T22:39:24.882Z expo:metro:tsconfig-paths @/constants/theme -> /Users/timothybarrett/Desktop/:Desktop:LiftFlow/src/constants/theme
2026-05-28T22:39:24.882Z expo:metro:tsconfig-paths @/components/auth/AuthFormContainer -> /Users/timothybarrett/Desktop/:Desktop:LiftFlow/src/components/auth/AuthFormContainer
2026-05-28T22:39:24.882Z expo:metro:tsconfig-paths @/components/layout/Card -> /Users/timothybarrett/Desktop/:Desktop:LiftFlow/src/components/layout/Card
2026-05-28T22:39:24.882Z expo:metro:tsconfig-paths @/components/layout/PrimaryButton -> /Users/timothybarrett/Desktop/:Desktop:LiftFlow/src/components/layout/PrimaryButton
2026-05-28T22:39:24.882Z expo:metro:tsconfig-paths @/components/ui/AppText -> /Users/timothybarrett/Desktop/:Desktop:LiftFlow/src/components/ui/AppText
2026-05-28T22:39:24.882Z expo:metro:tsconfig-paths @/components/ui/AppSymbol -> /Users/timothybarrett/Desktop/:Desktop:LiftFlow/src/components/ui/AppSymbol
2026-05-28T22:39:24.882Z expo:metro:tsconfig-paths @/constants/theme -> /Users/timothybarrett/Desktop/:Desktop:LiftFlow/src/constants/theme
2026-05-28T22:39:24.882Z expo:metro:tsconfig-paths @/components/layout/TextField -> /Users/timothybarrett/Desktop/:Desktop:LiftFlow/src/components/layout/TextField
2026-05-28T22:39:24.882Z expo:metro:tsconfig-paths @/components/history/HistoryCard -> /Users/timothybarrett/Desktop/:Desktop:LiftFlow/src/components/history/HistoryCard
2026-05-28T22:39:24.882Z expo:metro:tsconfig-paths @/components/layout/Card -> /Users/timothybarrett/Desktop/:Desktop:LiftFlow/src/components/layout/Card
2026-05-28T22:39:24.883Z expo:metro:tsconfig-paths @/components/layout/ScreenContainer -> /Users/timothybarrett/Desktop/:Desktop:LiftFlow/src/components/layout/ScreenContainer
2026-05-28T22:39:24.883Z expo:metro:tsconfig-paths @/components/layout/SectionHeader -> /Users/timothybarrett/Desktop/:Desktop:LiftFlow/src/components/layout/SectionHeader
2026-05-28T22:39:24.883Z expo:metro:tsconfig-paths @/components/ui/AppText -> /Users/timothybarrett/Desktop/:Desktop:LiftFlow/src/components/ui/AppText
2026-05-28T22:39:24.883Z expo:metro:tsconfig-paths @/utils/placeholders -> /Users/timothybarrett/Desktop/:Desktop:LiftFlow/src/utils/placeholders
2026-05-28T22:39:24.883Z expo:metro:tsconfig-paths @/constants/features -> /Users/timothybarrett/Desktop/:Desktop:LiftFlow/src/constants/features
2026-05-28T22:39:24.883Z expo:metro:tsconfig-paths @/components/layout/PrimaryButton -> /Users/timothybarrett/Desktop/:Desktop:LiftFlow/src/components/layout/PrimaryButton
2026-05-28T22:39:24.883Z expo:metro:tsconfig-paths @/components/settings/SettingsRow -> /Users/timothybarrett/Desktop/:Desktop:LiftFlow/src/components/settings/SettingsRow
2026-05-28T22:39:24.883Z expo:metro:tsconfig-paths @/hooks/useAuth -> /Users/timothybarrett/Desktop/:Desktop:LiftFlow/src/hooks/useAuth
2026-05-28T22:39:24.884Z expo:metro:tsconfig-paths @/components/layout/Card -> /Users/timothybarrett/Desktop/:Desktop:LiftFlow/src/components/layout/Card
2026-05-28T22:39:24.884Z expo:metro:tsconfig-paths @/components/ui/AppText -> /Users/timothybarrett/Desktop/:Desktop:LiftFlow/src/components/ui/AppText
2026-05-28T22:39:24.884Z expo:metro:tsconfig-paths @/constants/theme -> /Users/timothybarrett/Desktop/:Desktop:LiftFlow/src/constants/theme
2026-05-28T22:39:24.884Z expo:metro:tsconfig-paths @/components/ui/AppSymbol -> /Users/timothybarrett/Desktop/:Desktop:LiftFlow/src/components/ui/AppSymbol
2026-05-28T22:39:24.884Z expo:metro:tsconfig-paths @/components/layout/Card -> /Users/timothybarrett/Desktop/:Desktop:LiftFlow/src/components/layout/Card
2026-05-28T22:39:24.884Z expo:metro:tsconfig-paths @/components/ui/AppText -> /Users/timothybarrett/Desktop/:Desktop:LiftFlow/src/components/ui/AppText
2026-05-28T22:39:24.884Z expo:metro:tsconfig-paths @/constants/theme -> /Users/timothybarrett/Desktop/:Desktop:LiftFlow/src/constants/theme
2026-05-28T22:39:24.884Z expo:metro:tsconfig-paths @/components/workout/MicrophoneButton -> /Users/timothybarrett/Desktop/:Desktop:LiftFlow/src/components/workout/MicrophoneButton
2026-05-28T22:39:24.884Z expo:metro:tsconfig-paths @/components/workout/QuickCorrectionButtons -> /Users/timothybarrett/Desktop/:Desktop:LiftFlow/src/components/workout/QuickCorrectionButtons
2026-05-28T22:39:24.884Z expo:metro:tsconfig-paths @/components/workout/RestTimerSection -> /Users/timothybarrett/Desktop/:Desktop:LiftFlow/src/components/workout/RestTimerSection
2026-05-28T22:39:24.884Z expo:metro:tsconfig-paths @/components/workout/WorkoutCard -> /Users/timothybarrett/Desktop/:Desktop:LiftFlow/src/components/workout/WorkoutCard
2026-05-28T22:39:24.884Z expo:metro:tsconfig-paths @/components/ui/AppSymbol -> /Users/timothybarrett/Desktop/:Desktop:LiftFlow/src/components/ui/AppSymbol
2026-05-28T22:39:24.884Z expo:metro:tsconfig-paths @/components/ui/AppText -> /Users/timothybarrett/Desktop/:Desktop:LiftFlow/src/components/ui/AppText
2026-05-28T22:39:24.884Z expo:metro:tsconfig-paths @/constants/theme -> /Users/timothybarrett/Desktop/:Desktop:LiftFlow/src/constants/theme
2026-05-28T22:39:24.885Z expo:metro:tsconfig-paths @/components/layout/Card -> /Users/timothybarrett/Desktop/:Desktop:LiftFlow/src/components/layout/Card
2026-05-28T22:39:24.885Z expo:metro:tsconfig-paths @/utils/placeholders -> /Users/timothybarrett/Desktop/:Desktop:LiftFlow/src/utils/placeholders
2026-05-28T22:39:24.885Z expo:metro:tsconfig-paths @/constants/theme -> /Users/timothybarrett/Desktop/:Desktop:LiftFlow/src/constants/theme
2026-05-28T22:39:24.885Z expo:metro:tsconfig-paths @/state/AppProviders -> /Users/timothybarrett/Desktop/:Desktop:LiftFlow/src/state/AppProviders
2026-05-28T22:39:24.951Z expo:start:server:metro:multi-platform Skipping production module: ./cjs/react-is.production.min.js
2026-05-28T22:39:24.961Z expo:metro:tsconfig-paths @/contexts/AuthContext -> /Users/timothybarrett/Desktop/:Desktop:LiftFlow/src/contexts/AuthContext
2026-05-28T22:39:24.961Z expo:metro:tsconfig-paths @/state/workout/WorkoutSessionContext -> /Users/timothybarrett/Desktop/:Desktop:LiftFlow/src/state/workout/WorkoutSessionContext
2026-05-28T22:39:24.962Z expo:metro:tsconfig-paths @/utils/placeholders -> /Users/timothybarrett/Desktop/:Desktop:LiftFlow/src/utils/placeholders
2026-05-28T22:39:24.962Z expo:metro:tsconfig-paths @/services/workoutService -> /Users/timothybarrett/Desktop/:Desktop:LiftFlow/src/services/workoutService
2026-05-28T22:39:24.969Z expo:metro:tsconfig-paths @/hooks/useAuth -> /Users/timothybarrett/Desktop/:Desktop:LiftFlow/src/hooks/useAuth
2026-05-28T22:39:32.504Z expo:start:server:metro:metroWatchTypeScriptFiles Detected TypeScript file changed in the project:  /Users/timothybarrett/Desktop/:Desktop:LiftFlow/src/lib/serviceResult.ts
2026-05-28T22:39:41.590Z expo:start:server:metro:metroWatchTypeScriptFiles Detected TypeScript file changed in the project:  /Users/timothybarrett/Desktop/:Desktop:LiftFlow/src/lib/db-mappers.ts
2026-05-28T22:39:41.745Z expo:start:server:metro:metroWatchTypeScriptFiles Detected TypeScript file changed in the project:  /Users/timothybarrett/Desktop/:Desktop:LiftFlow/src/supabase/authStorage.ts
2026-05-28T22:39:43.697Z expo:start:server:metro:metroWatchTypeScriptFiles Detected TypeScript file changed in the project:  /Users/timothybarrett/Desktop/:Desktop:LiftFlow/src/supabase/client.ts
| 2026-05-28T22:39:43.755Z expo:babel:env-vars Referencing environment variable in /Users/timothybarrett/Desktop/:Desktop:LiftFlow/src/supabase/client.ts: EXPO_PUBLIC_SUPABASE_URL
2026-05-28T22:39:43.761Z expo:metro:withMetroResolvers Custom resolver (requestPostRewrites) threw: FailedToResolveNameError. (module: react-native-url-polyfill/auto, platform: ios, env: undefined, origin: /Users/timothybarrett/Desktop/:Desktop:LiftFlow/src/supabase/client.ts)
2026-05-28T22:39:43.761Z expo:metro:withMetroResolvers Custom resolver (requestPostRewrites) threw: FailedToResolveNameError. (module: react-native-url-polyfill/auto, platform: ios, env: undefined, origin: /Users/timothybarrett/Desktop/:Desktop:LiftFlow/src/supabase/client.ts)
2026-05-28T22:39:43.764Z expo:metro:withMetroResolvers Number of explored stacks: 2
2026-05-28T22:39:43.764Z expo:metro:withMetroResolvers Found inverse graph: {
  "frames": [
    {
      "origin": "/Users/timothybarrett/Desktop/:Desktop:LiftFlow/src/supabase/client.ts",
      "request": "react-native-url-polyfill/auto"
    },
    {
      "origin": "/Users/timothybarrett/Desktop/:Desktop:LiftFlow/src/services/authService.ts",
      "request": "@/supabase/client"
    },
    {
      "origin": "/Users/timothybarrett/Desktop/:Desktop:LiftFlow/src/contexts/AuthContext.tsx",
      "request": "@/services/authService"
    },
    {
      "origin": "/Users/timothybarrett/Desktop/:Desktop:LiftFlow/src/hooks/useAuth.ts",
      "request": "@/contexts/AuthContext"
    },
    {
      "origin": "/Users/timothybarrett/Desktop/:Desktop:LiftFlow/src/app/index.tsx",
      "request": "@/hooks/useAuth"
    },
    {
      "origin": "/Users/timothybarrett/Desktop/:Desktop:LiftFlow/src/app?ctx=3ab07f305c4346b25020dd398f4d6d4dc9229acb",
      "request": "/Users/timothybarrett/Desktop/:Desktop:LiftFlow/src/app/index.tsx"
    }
  ],
  "serverRoot": true
}
| 2026-05-28T22:39:43.755Z expo:babel:env-vars Referencing environment variable in /Users/timothybarrett/Desktop/:Desktop:LiftFlow/src/supabase/client.ts: EXPO_PUBLIC_SUPABASE_ANON_KEY
Unable to resolve "react-native-url-polyfill/auto" from "src/supabase/client.ts"
[0m[31m[1m>[22m[39m[90m 1 |[39m [36mimport[39m [32m'react-native-url-polyfill/auto'[39m[33m;[39m
 [90m   |[39m         [31m[1m^[22m[39m
 [90m 2 |[39m [36mimport[39m [33mAsyncStorage[39m [36mfrom[39m [32m'@react-native-async-storage/async-storage'[39m[33m;[39m
 [90m 3 |[39m [36mimport[39m { createClient } [36mfrom[39m [32m'@supabase/supabase-js'[39m[33m;[39m
 [90m 4 |[39m[0m

Import stack:

 src/supabase/client.ts
 | import "react-native-url-polyfill/auto"

 src/services/authService.ts
 | import "@/supabase/client"

 src/contexts/AuthContext.tsx
 | import "@/services/authService"

 src/hooks/useAuth.ts
 | import "@/contexts/AuthContext"

 src/app/index.tsx
 | import "@/hooks/useAuth"

 src/app (require.context)

2026-05-28T22:39:46.282Z expo:start:server:metro:multi-platform Skipping production module: ./cjs/react.production.js
2026-05-28T22:39:46.288Z expo:start:server:metro:multi-platform Skipping production module: ../implementations/ReactFabric-prod
2026-05-28T22:39:46.288Z expo:start:server:metro:multi-platform Skipping production module: ./cjs/react-jsx-dev-runtime.production.js
2026-05-28T22:39:46.304Z expo:start:server:metro:multi-platform Skipping production module: ../implementations/ReactNativeRenderer-prod
2026-05-28T22:39:46.304Z expo:start:server:metro:multi-platform Skipping production module: ./cjs/scheduler.native.production.js
2026-05-28T22:39:46.309Z expo:start:server:metro:multi-platform Skipping production module: ./cjs/react-is.production.min.js
2026-05-28T22:39:46.325Z expo:start:server:metro:multi-platform Skipping production module: ./cjs/react-refresh-runtime.production.min.js
2026-05-28T22:39:46.426Z expo:metro:tsconfig-paths @/constants/theme -> /Users/timothybarrett/Desktop/:Desktop:LiftFlow/src/constants/theme
2026-05-28T22:39:46.431Z expo:start:server:metro:multi-platform Skipping production module: ./cjs/react-jsx-runtime.production.js
2026-05-28T22:39:46.432Z expo:start:server:metro:multi-platform Skipping production module: ./cjs/react-is.production.js
2026-05-28T22:39:46.451Z expo:metro:withMetroResolvers Custom resolver (requestPostRewrites) threw: FailedToResolveNameError. (module: @react-native-masked-view/masked-view, platform: ios, env: undefined, origin: /Users/timothybarrett/Desktop/:Desktop:LiftFlow/node_modules/@react-navigation/elements/lib/module/MaskedViewNative.js)
2026-05-28T22:39:46.452Z expo:metro:withMetroResolvers Custom resolver (requestPostRewrites) threw: FailedToResolveNameError. (module: @react-native-masked-view/masked-view, platform: ios, env: undefined, origin: /Users/timothybarrett/Desktop/:Desktop:LiftFlow/node_modules/@react-navigation/elements/lib/module/MaskedViewNative.js)
2026-05-28T22:39:46.459Z expo:metro:withMetroResolvers Number of explored stacks: 2
2026-05-28T22:39:46.459Z expo:metro:withMetroResolvers Found inverse graph: {
  "frames": [
    {
      "origin": "/Users/timothybarrett/Desktop/:Desktop:LiftFlow/node_modules/@react-navigation/elements/lib/module/MaskedViewNative.js",
      "request": "@react-native-masked-view/masked-view"
    },
    {
      "origin": "/Users/timothybarrett/Desktop/:Desktop:LiftFlow/node_modules/@react-navigation/elements/lib/module/MaskedView.ios.js",
      "request": "./MaskedViewNative.js"
    },
    {
      "origin": "/Users/timothybarrett/Desktop/:Desktop:LiftFlow/node_modules/@react-navigation/elements/lib/module/Header/HeaderBackButton.js",
      "request": "../MaskedView"
    },
    {
      "origin": "/Users/timothybarrett/Desktop/:Desktop:LiftFlow/node_modules/@react-navigation/elements/lib/module/index.js",
      "request": "./Header/HeaderBackButton.js"
    },
    {
      "origin": "/Users/timothybarrett/Desktop/:Desktop:LiftFlow/node_modules/@react-navigation/bottom-tabs/lib/module/views/BottomTabView.js",
      "request": "@react-navigation/elements"
    },
    {
      "origin": "/Users/timothybarrett/Desktop/:Desktop:LiftFlow/node_modules/@react-navigation/bottom-tabs/lib/module/index.js",
      "request": "./views/BottomTabView.js"
    },
    {
      "origin": "/Users/timothybarrett/Desktop/:Desktop:LiftFlow/node_modules/expo-router/build/views/ErrorBoundary.js",
      "request": "@react-navigation/bottom-tabs"
    },
    {
      "origin": "/Users/timothybarrett/Desktop/:Desktop:LiftFlow/node_modules/expo-router/build/exports.js",
      "request": "./views/ErrorBoundary"
    },
    {
      "origin": "/Users/timothybarrett/Desktop/:Desktop:LiftFlow/node_modules/expo-router/build/index.js",
      "request": "./exports"
    },
    {
      "origin": "/Users/timothybarrett/Desktop/:Desktop:LiftFlow/src/app/(auth)/login.tsx",
      "request": "expo-router"
    },
    {
      "origin": "/Users/timothybarrett/Desktop/:Desktop:LiftFlow/src/app?ctx=3ab07f305c4346b25020dd398f4d6d4dc9229acb",
      "request": "/Users/timothybarrett/Desktop/:Desktop:LiftFlow/src/app/(auth)/login.tsx"
    }
  ],
  "serverRoot": true
}
2026-05-28T22:39:46.501Z expo:metro:tsconfig-paths @/components/ui/AppText -> /Users/timothybarrett/Desktop/:Desktop:LiftFlow/src/components/ui/AppText
2026-05-28T22:39:46.501Z expo:metro:tsconfig-paths @/constants/theme -> /Users/timothybarrett/Desktop/:Desktop:LiftFlow/src/constants/theme
2026-05-28T22:39:46.501Z expo:metro:tsconfig-paths @/components/auth/AuthFormContainer -> /Users/timothybarrett/Desktop/:Desktop:LiftFlow/src/components/auth/AuthFormContainer
2026-05-28T22:39:46.502Z expo:metro:tsconfig-paths @/components/layout/PrimaryButton -> /Users/timothybarrett/Desktop/:Desktop:LiftFlow/src/components/layout/PrimaryButton
2026-05-28T22:39:46.502Z expo:metro:tsconfig-paths @/components/layout/TextField -> /Users/timothybarrett/Desktop/:Desktop:LiftFlow/src/components/layout/TextField
2026-05-28T22:39:46.502Z expo:metro:tsconfig-paths @/components/ui/AppSymbol -> /Users/timothybarrett/Desktop/:Desktop:LiftFlow/src/components/ui/AppSymbol
2026-05-28T22:39:46.502Z expo:metro:tsconfig-paths @/components/ui/AppText -> /Users/timothybarrett/Desktop/:Desktop:LiftFlow/src/components/ui/AppText
2026-05-28T22:39:46.502Z expo:metro:tsconfig-paths @/hooks/useAuth -> /Users/timothybarrett/Desktop/:Desktop:LiftFlow/src/hooks/useAuth
2026-05-28T22:39:46.502Z expo:metro:tsconfig-paths @/constants/theme -> /Users/timothybarrett/Desktop/:Desktop:LiftFlow/src/constants/theme
2026-05-28T22:39:46.502Z expo:metro:tsconfig-paths @/components/ui/AppText -> /Users/timothybarrett/Desktop/:Desktop:LiftFlow/src/components/ui/AppText
2026-05-28T22:39:46.502Z expo:metro:tsconfig-paths @/constants/theme -> /Users/timothybarrett/Desktop/:Desktop:LiftFlow/src/constants/theme
2026-05-28T22:39:46.503Z expo:metro:tsconfig-paths @/contexts/AuthContext -> /Users/timothybarrett/Desktop/:Desktop:LiftFlow/src/contexts/AuthContext
2026-05-28T22:39:46.504Z expo:metro:tsconfig-paths @/services/authService -> /Users/timothybarrett/Desktop/:Desktop:LiftFlow/src/services/authService
2026-05-28T22:39:46.504Z expo:metro:tsconfig-paths @/supabase/client -> /Users/timothybarrett/Desktop/:Desktop:LiftFlow/src/supabase/client
2026-05-28T22:39:46.522Z expo:metro:tsconfig-paths @/components/features/FeaturePlaceholderScreen -> /Users/timothybarrett/Desktop/:Desktop:LiftFlow/src/components/features/FeaturePlaceholderScreen
2026-05-28T22:39:46.522Z expo:metro:tsconfig-paths @/components/ui/AppText -> /Users/timothybarrett/Desktop/:Desktop:LiftFlow/src/components/ui/AppText
2026-05-28T22:39:46.522Z expo:metro:tsconfig-paths @/constants/features -> /Users/timothybarrett/Desktop/:Desktop:LiftFlow/src/constants/features
2026-05-28T22:39:46.522Z expo:metro:tsconfig-paths @/constants/theme -> /Users/timothybarrett/Desktop/:Desktop:LiftFlow/src/constants/theme
2026-05-28T22:39:46.523Z expo:metro:tsconfig-paths @/constants/theme -> /Users/timothybarrett/Desktop/:Desktop:LiftFlow/src/constants/theme
2026-05-28T22:39:46.524Z expo:metro:tsconfig-paths @/components/layout/Card -> /Users/timothybarrett/Desktop/:Desktop:LiftFlow/src/components/layout/Card
2026-05-28T22:39:46.524Z expo:metro:tsconfig-paths @/components/layout/ScreenContainer -> /Users/timothybarrett/Desktop/:Desktop:LiftFlow/src/components/layout/ScreenContainer
2026-05-28T22:39:46.524Z expo:metro:tsconfig-paths @/components/layout/SectionHeader -> /Users/timothybarrett/Desktop/:Desktop:LiftFlow/src/components/layout/SectionHeader
2026-05-28T22:39:46.524Z expo:metro:tsconfig-paths @/components/ui/AppSymbol -> /Users/timothybarrett/Desktop/:Desktop:LiftFlow/src/components/ui/AppSymbol
2026-05-28T22:39:46.524Z expo:metro:tsconfig-paths @/components/ui/AppText -> /Users/timothybarrett/Desktop/:Desktop:LiftFlow/src/components/ui/AppText
2026-05-28T22:39:46.524Z expo:metro:tsconfig-paths @/constants/features -> /Users/timothybarrett/Desktop/:Desktop:LiftFlow/src/constants/features
2026-05-28T22:39:46.524Z expo:metro:tsconfig-paths @/constants/theme -> /Users/timothybarrett/Desktop/:Desktop:LiftFlow/src/constants/theme
2026-05-28T22:39:46.524Z expo:metro:tsconfig-paths @/components/layout/Card -> /Users/timothybarrett/Desktop/:Desktop:LiftFlow/src/components/layout/Card
2026-05-28T22:39:46.524Z expo:metro:tsconfig-paths @/components/layout/PrimaryButton -> /Users/timothybarrett/Desktop/:Desktop:LiftFlow/src/components/layout/PrimaryButton
2026-05-28T22:39:46.524Z expo:metro:tsconfig-paths @/components/layout/ScreenContainer -> /Users/timothybarrett/Desktop/:Desktop:LiftFlow/src/components/layout/ScreenContainer
2026-05-28T22:39:46.524Z expo:metro:tsconfig-paths @/components/ui/AppSymbol -> /Users/timothybarrett/Desktop/:Desktop:LiftFlow/src/components/ui/AppSymbol
2026-05-28T22:39:46.524Z expo:metro:tsconfig-paths @/components/ui/AppText -> /Users/timothybarrett/Desktop/:Desktop:LiftFlow/src/components/ui/AppText
2026-05-28T22:39:46.524Z expo:metro:tsconfig-paths @/constants/features -> /Users/timothybarrett/Desktop/:Desktop:LiftFlow/src/constants/features
2026-05-28T22:39:46.524Z expo:metro:tsconfig-paths @/constants/theme -> /Users/timothybarrett/Desktop/:Desktop:LiftFlow/src/constants/theme
2026-05-28T22:39:46.525Z expo:metro:tsconfig-paths @/components/auth/AuthFormContainer -> /Users/timothybarrett/Desktop/:Desktop:LiftFlow/src/components/auth/AuthFormContainer
2026-05-28T22:39:46.525Z expo:metro:tsconfig-paths @/components/layout/Card -> /Users/timothybarrett/Desktop/:Desktop:LiftFlow/src/components/layout/Card
2026-05-28T22:39:46.525Z expo:metro:tsconfig-paths @/components/layout/PrimaryButton -> /Users/timothybarrett/Desktop/:Desktop:LiftFlow/src/components/layout/PrimaryButton
2026-05-28T22:39:46.525Z expo:metro:tsconfig-paths @/components/ui/AppText -> /Users/timothybarrett/Desktop/:Desktop:LiftFlow/src/components/ui/AppText
2026-05-28T22:39:46.525Z expo:metro:tsconfig-paths @/components/layout/Card -> /Users/timothybarrett/Desktop/:Desktop:LiftFlow/src/components/layout/Card
2026-05-28T22:39:46.525Z expo:metro:tsconfig-paths @/components/ui/AppText -> /Users/timothybarrett/Desktop/:Desktop:LiftFlow/src/components/ui/AppText
2026-05-28T22:39:46.525Z expo:metro:tsconfig-paths @/constants/theme -> /Users/timothybarrett/Desktop/:Desktop:LiftFlow/src/constants/theme
2026-05-28T22:39:46.526Z expo:metro:tsconfig-paths @/components/layout/PrimaryButton -> /Users/timothybarrett/Desktop/:Desktop:LiftFlow/src/components/layout/PrimaryButton
2026-05-28T22:39:46.526Z expo:metro:tsconfig-paths @/components/settings/SettingsRow -> /Users/timothybarrett/Desktop/:Desktop:LiftFlow/src/components/settings/SettingsRow
2026-05-28T22:39:46.526Z expo:metro:tsconfig-paths @/hooks/useAuth -> /Users/timothybarrett/Desktop/:Desktop:LiftFlow/src/hooks/useAuth
2026-05-28T22:39:46.526Z expo:metro:tsconfig-paths @/components/ui/AppSymbol -> /Users/timothybarrett/Desktop/:Desktop:LiftFlow/src/components/ui/AppSymbol
2026-05-28T22:39:46.526Z expo:metro:tsconfig-paths @/components/ui/AppText -> /Users/timothybarrett/Desktop/:Desktop:LiftFlow/src/components/ui/AppText
2026-05-28T22:39:46.526Z expo:metro:tsconfig-paths @/constants/theme -> /Users/timothybarrett/Desktop/:Desktop:LiftFlow/src/constants/theme
2026-05-28T22:39:46.526Z expo:metro:tsconfig-paths @/components/history/HistoryCard -> /Users/timothybarrett/Desktop/:Desktop:LiftFlow/src/components/history/HistoryCard
2026-05-28T22:39:46.526Z expo:metro:tsconfig-paths @/utils/placeholders -> /Users/timothybarrett/Desktop/:Desktop:LiftFlow/src/utils/placeholders
2026-05-28T22:39:46.526Z expo:metro:tsconfig-paths @/components/layout/TextField -> /Users/timothybarrett/Desktop/:Desktop:LiftFlow/src/components/layout/TextField
2026-05-28T22:39:46.526Z expo:metro:tsconfig-paths @/utils/placeholders -> /Users/timothybarrett/Desktop/:Desktop:LiftFlow/src/utils/placeholders
2026-05-28T22:39:46.527Z expo:metro:tsconfig-paths @/components/workout/MicrophoneButton -> /Users/timothybarrett/Desktop/:Desktop:LiftFlow/src/components/workout/MicrophoneButton
2026-05-28T22:39:46.527Z expo:metro:tsconfig-paths @/components/workout/QuickCorrectionButtons -> /Users/timothybarrett/Desktop/:Desktop:LiftFlow/src/components/workout/QuickCorrectionButtons
2026-05-28T22:39:46.527Z expo:metro:tsconfig-paths @/components/workout/RestTimerSection -> /Users/timothybarrett/Desktop/:Desktop:LiftFlow/src/components/workout/RestTimerSection
2026-05-28T22:39:46.527Z expo:metro:tsconfig-paths @/components/workout/WorkoutCard -> /Users/timothybarrett/Desktop/:Desktop:LiftFlow/src/components/workout/WorkoutCard
2026-05-28T22:39:46.527Z expo:metro:tsconfig-paths @/components/layout/Card -> /Users/timothybarrett/Desktop/:Desktop:LiftFlow/src/components/layout/Card
2026-05-28T22:39:46.528Z expo:metro:tsconfig-paths @/components/ui/AppSymbol -> /Users/timothybarrett/Desktop/:Desktop:LiftFlow/src/components/ui/AppSymbol
2026-05-28T22:39:46.528Z expo:metro:tsconfig-paths @/components/layout/Card -> /Users/timothybarrett/Desktop/:Desktop:LiftFlow/src/components/layout/Card
2026-05-28T22:39:46.528Z expo:metro:tsconfig-paths @/components/ui/AppText -> /Users/timothybarrett/Desktop/:Desktop:LiftFlow/src/components/ui/AppText
2026-05-28T22:39:46.528Z expo:metro:tsconfig-paths @/constants/theme -> /Users/timothybarrett/Desktop/:Desktop:LiftFlow/src/constants/theme
2026-05-28T22:39:46.529Z expo:metro:tsconfig-paths @/constants/theme -> /Users/timothybarrett/Desktop/:Desktop:LiftFlow/src/constants/theme
2026-05-28T22:39:46.529Z expo:metro:tsconfig-paths @/state/AppProviders -> /Users/timothybarrett/Desktop/:Desktop:LiftFlow/src/state/AppProviders
2026-05-28T22:39:46.596Z expo:start:server:metro:multi-platform Skipping production module: ./cjs/react-is.production.min.js
2026-05-28T22:39:46.615Z expo:metro:tsconfig-paths @/utils/placeholders -> /Users/timothybarrett/Desktop/:Desktop:LiftFlow/src/utils/placeholders
2026-05-28T22:39:46.615Z expo:metro:tsconfig-paths @/services/workoutService -> /Users/timothybarrett/Desktop/:Desktop:LiftFlow/src/services/workoutService
2026-05-28T22:39:46.616Z expo:metro:tsconfig-paths @/contexts/AuthContext -> /Users/timothybarrett/Desktop/:Desktop:LiftFlow/src/contexts/AuthContext
2026-05-28T22:39:46.616Z expo:metro:tsconfig-paths @/state/workout/WorkoutSessionContext -> /Users/timothybarrett/Desktop/:Desktop:LiftFlow/src/state/workout/WorkoutSessionContext
2026-05-28T22:39:46.616Z expo:metro:tsconfig-paths @/hooks/useAuth -> /Users/timothybarrett/Desktop/:Desktop:LiftFlow/src/hooks/useAuth
2026-05-28T22:39:46.700Z expo:start:server:metro:metroWatchTypeScriptFiles Detected TypeScript file changed in the project:  /Users/timothybarrett/Desktop/:Desktop:LiftFlow/src/services/authService.ts
2026-05-28T22:39:46.772Z expo:metro:tsconfig-paths @/lib/db-mappers -> /Users/timothybarrett/Desktop/:Desktop:LiftFlow/src/lib/db-mappers
2026-05-28T22:39:46.772Z expo:metro:tsconfig-paths @/supabase/client -> /Users/timothybarrett/Desktop/:Desktop:LiftFlow/src/supabase/client
2026-05-28T22:39:49.951Z expo:start:server:metro:metroWatchTypeScriptFiles Detected TypeScript file changed in the project:  /Users/timothybarrett/Desktop/:Desktop:LiftFlow/src/services/userService.ts
2026-05-28T22:40:05.513Z expo:start:server:metro:metroWatchTypeScriptFiles Detected TypeScript file changed in the project:  /Users/timothybarrett/Desktop/:Desktop:LiftFlow/src/services/workoutService.ts
2026-05-28T22:40:05.622Z expo:metro:tsconfig-paths @/lib/db-mappers -> /Users/timothybarrett/Desktop/:Desktop:LiftFlow/src/lib/db-mappers
2026-05-28T22:40:05.622Z expo:metro:tsconfig-paths @/lib/serviceResult -> /Users/timothybarrett/Desktop/:Desktop:LiftFlow/src/lib/serviceResult
2026-05-28T22:40:05.622Z expo:metro:tsconfig-paths @/supabase/client -> /Users/timothybarrett/Desktop/:Desktop:LiftFlow/src/supabase/client
2026-05-28T22:40:14.882Z expo:start:server:metro:metroWatchTypeScriptFiles Detected TypeScript file changed in the project:  /Users/timothybarrett/Desktop/:Desktop:LiftFlow/src/services/nutritionService.ts
2026-05-28T22:40:23.478Z expo:start:server:metro:metroWatchTypeScriptFiles Detected TypeScript file changed in the project:  /Users/timothybarrett/Desktop/:Desktop:LiftFlow/src/services/bodyService.ts
2026-05-28T22:40:27.965Z expo:start:server:metro:metroWatchTypeScriptFiles Detected TypeScript file changed in the project:  /Users/timothybarrett/Desktop/:Desktop:LiftFlow/src/services/goalService.ts
2026-05-28T22:40:35.858Z expo:start:server:metro:metroWatchTypeScriptFiles Detected TypeScript file changed in the project:  /Users/timothybarrett/Desktop/:Desktop:LiftFlow/src/services/analyticsService.ts
2026-05-28T22:40:44.650Z expo:start:server:metro:metroWatchTypeScriptFiles Detected TypeScript file changed in the project:  /Users/timothybarrett/Desktop/:Desktop:LiftFlow/src/services/aiService.ts
2026-05-28T22:40:50.251Z expo:start:server:metro:metroWatchTypeScriptFiles Detected TypeScript file changed in the project:  /Users/timothybarrett/Desktop/:Desktop:LiftFlow/src/services/voiceService.ts
2026-05-28T22:40:55.693Z expo:start:server:metro:metroWatchTypeScriptFiles Detected TypeScript file changed in the project:  /Users/timothybarrett/Desktop/:Desktop:LiftFlow/src/services/exportService.ts
2026-05-28T22:40:56.872Z expo:start:server:metro:metroWatchTypeScriptFiles Detected TypeScript file changed in the project:  /Users/timothybarrett/Desktop/:Desktop:LiftFlow/src/services/index.ts
2026-05-28T22:41:04.365Z expo:start:server:metro:multi-platform Skipping production module: ./cjs/react.production.js
2026-05-28T22:41:04.371Z expo:start:server:metro:multi-platform Skipping production module: ./cjs/react-jsx-dev-runtime.production.js
2026-05-28T22:41:04.371Z expo:start:server:metro:multi-platform Skipping production module: ../implementations/ReactFabric-prod
2026-05-28T22:41:04.388Z expo:start:server:metro:multi-platform Skipping production module: ../implementations/ReactNativeRenderer-prod
2026-05-28T22:41:04.389Z expo:start:server:metro:multi-platform Skipping production module: ./cjs/scheduler.native.production.js
2026-05-28T22:41:04.395Z expo:start:server:metro:multi-platform Skipping production module: ./cjs/react-is.production.min.js
2026-05-28T22:41:04.411Z expo:start:server:metro:multi-platform Skipping production module: ./cjs/react-refresh-runtime.production.min.js
2026-05-28T22:41:04.521Z expo:metro:tsconfig-paths @/constants/theme -> /Users/timothybarrett/Desktop/:Desktop:LiftFlow/src/constants/theme
2026-05-28T22:41:04.526Z expo:start:server:metro:multi-platform Skipping production module: ./cjs/react-jsx-runtime.production.js
2026-05-28T22:41:04.527Z expo:start:server:metro:multi-platform Skipping production module: ./cjs/react-is.production.js
2026-05-28T22:41:04.550Z expo:metro:withMetroResolvers Custom resolver (requestPostRewrites) threw: FailedToResolveNameError. (module: @react-native-masked-view/masked-view, platform: ios, env: undefined, origin: /Users/timothybarrett/Desktop/:Desktop:LiftFlow/node_modules/@react-navigation/elements/lib/module/MaskedViewNative.js)
2026-05-28T22:41:04.550Z expo:metro:withMetroResolvers Custom resolver (requestPostRewrites) threw: FailedToResolveNameError. (module: @react-native-masked-view/masked-view, platform: ios, env: undefined, origin: /Users/timothybarrett/Desktop/:Desktop:LiftFlow/node_modules/@react-navigation/elements/lib/module/MaskedViewNative.js)
2026-05-28T22:41:04.560Z expo:metro:withMetroResolvers Number of explored stacks: 2
2026-05-28T22:41:04.560Z expo:metro:withMetroResolvers Found inverse graph: {
  "frames": [
    {
      "origin": "/Users/timothybarrett/Desktop/:Desktop:LiftFlow/node_modules/@react-navigation/elements/lib/module/MaskedViewNative.js",
      "request": "@react-native-masked-view/masked-view"
    },
    {
      "origin": "/Users/timothybarrett/Desktop/:Desktop:LiftFlow/node_modules/@react-navigation/elements/lib/module/MaskedView.ios.js",
      "request": "./MaskedViewNative.js"
    },
    {
      "origin": "/Users/timothybarrett/Desktop/:Desktop:LiftFlow/node_modules/@react-navigation/elements/lib/module/Header/HeaderBackButton.js",
      "request": "../MaskedView"
    },
    {
      "origin": "/Users/timothybarrett/Desktop/:Desktop:LiftFlow/node_modules/@react-navigation/elements/lib/module/index.js",
      "request": "./Header/HeaderBackButton.js"
    },
    {
      "origin": "/Users/timothybarrett/Desktop/:Desktop:LiftFlow/node_modules/@react-navigation/bottom-tabs/lib/module/views/BottomTabView.js",
      "request": "@react-navigation/elements"
    },
    {
      "origin": "/Users/timothybarrett/Desktop/:Desktop:LiftFlow/node_modules/@react-navigation/bottom-tabs/lib/module/index.js",
      "request": "./views/BottomTabView.js"
    },
    {
      "origin": "/Users/timothybarrett/Desktop/:Desktop:LiftFlow/node_modules/expo-router/build/views/ErrorBoundary.js",
      "request": "@react-navigation/bottom-tabs"
    },
    {
      "origin": "/Users/timothybarrett/Desktop/:Desktop:LiftFlow/node_modules/expo-router/build/exports.js",
      "request": "./views/ErrorBoundary"
    },
    {
      "origin": "/Users/timothybarrett/Desktop/:Desktop:LiftFlow/node_modules/expo-router/build/index.js",
      "request": "./exports"
    },
    {
      "origin": "/Users/timothybarrett/Desktop/:Desktop:LiftFlow/src/app/(auth)/login.tsx",
      "request": "expo-router"
    },
    {
      "origin": "/Users/timothybarrett/Desktop/:Desktop:LiftFlow/src/app?ctx=3ab07f305c4346b25020dd398f4d6d4dc9229acb",
      "request": "/Users/timothybarrett/Desktop/:Desktop:LiftFlow/src/app/(auth)/login.tsx"
    }
  ],
  "serverRoot": true
}
2026-05-28T22:41:04.602Z expo:metro:tsconfig-paths @/components/ui/AppText -> /Users/timothybarrett/Desktop/:Desktop:LiftFlow/src/components/ui/AppText
2026-05-28T22:41:04.603Z expo:metro:tsconfig-paths @/constants/theme -> /Users/timothybarrett/Desktop/:Desktop:LiftFlow/src/constants/theme
2026-05-28T22:41:04.603Z expo:metro:tsconfig-paths @/constants/theme -> /Users/timothybarrett/Desktop/:Desktop:LiftFlow/src/constants/theme
2026-05-28T22:41:04.603Z expo:metro:tsconfig-paths @/components/ui/AppText -> /Users/timothybarrett/Desktop/:Desktop:LiftFlow/src/components/ui/AppText
2026-05-28T22:41:04.603Z expo:metro:tsconfig-paths @/constants/theme -> /Users/timothybarrett/Desktop/:Desktop:LiftFlow/src/constants/theme
2026-05-28T22:41:04.604Z expo:metro:tsconfig-paths @/components/auth/AuthFormContainer -> /Users/timothybarrett/Desktop/:Desktop:LiftFlow/src/components/auth/AuthFormContainer
2026-05-28T22:41:04.604Z expo:metro:tsconfig-paths @/components/layout/PrimaryButton -> /Users/timothybarrett/Desktop/:Desktop:LiftFlow/src/components/layout/PrimaryButton
2026-05-28T22:41:04.604Z expo:metro:tsconfig-paths @/components/layout/TextField -> /Users/timothybarrett/Desktop/:Desktop:LiftFlow/src/components/layout/TextField
2026-05-28T22:41:04.604Z expo:metro:tsconfig-paths @/components/ui/AppSymbol -> /Users/timothybarrett/Desktop/:Desktop:LiftFlow/src/components/ui/AppSymbol
2026-05-28T22:41:04.604Z expo:metro:tsconfig-paths @/components/ui/AppText -> /Users/timothybarrett/Desktop/:Desktop:LiftFlow/src/components/ui/AppText
2026-05-28T22:41:04.604Z expo:metro:tsconfig-paths @/hooks/useAuth -> /Users/timothybarrett/Desktop/:Desktop:LiftFlow/src/hooks/useAuth
2026-05-28T22:41:04.604Z expo:metro:tsconfig-paths @/lib/db-mappers -> /Users/timothybarrett/Desktop/:Desktop:LiftFlow/src/lib/db-mappers
2026-05-28T22:41:04.605Z expo:metro:tsconfig-paths @/supabase/client -> /Users/timothybarrett/Desktop/:Desktop:LiftFlow/src/supabase/client
2026-05-28T22:41:04.605Z expo:metro:tsconfig-paths @/contexts/AuthContext -> /Users/timothybarrett/Desktop/:Desktop:LiftFlow/src/contexts/AuthContext
2026-05-28T22:41:04.615Z expo:metro:tsconfig-paths @/services/authService -> /Users/timothybarrett/Desktop/:Desktop:LiftFlow/src/services/authService
2026-05-28T22:41:04.625Z expo:metro:tsconfig-paths @/components/features/FeaturePlaceholderScreen -> /Users/timothybarrett/Desktop/:Desktop:LiftFlow/src/components/features/FeaturePlaceholderScreen
2026-05-28T22:41:04.625Z expo:metro:tsconfig-paths @/components/ui/AppText -> /Users/timothybarrett/Desktop/:Desktop:LiftFlow/src/components/ui/AppText
2026-05-28T22:41:04.625Z expo:metro:tsconfig-paths @/constants/features -> /Users/timothybarrett/Desktop/:Desktop:LiftFlow/src/constants/features
2026-05-28T22:41:04.625Z expo:metro:tsconfig-paths @/constants/theme -> /Users/timothybarrett/Desktop/:Desktop:LiftFlow/src/constants/theme
2026-05-28T22:41:04.625Z expo:metro:tsconfig-paths @/components/layout/Card -> /Users/timothybarrett/Desktop/:Desktop:LiftFlow/src/components/layout/Card
2026-05-28T22:41:04.625Z expo:metro:tsconfig-paths @/components/layout/PrimaryButton -> /Users/timothybarrett/Desktop/:Desktop:LiftFlow/src/components/layout/PrimaryButton
2026-05-28T22:41:04.625Z expo:metro:tsconfig-paths @/components/layout/ScreenContainer -> /Users/timothybarrett/Desktop/:Desktop:LiftFlow/src/components/layout/ScreenContainer
2026-05-28T22:41:04.625Z expo:metro:tsconfig-paths @/components/ui/AppSymbol -> /Users/timothybarrett/Desktop/:Desktop:LiftFlow/src/components/ui/AppSymbol
2026-05-28T22:41:04.625Z expo:metro:tsconfig-paths @/components/ui/AppText -> /Users/timothybarrett/Desktop/:Desktop:LiftFlow/src/components/ui/AppText
2026-05-28T22:41:04.625Z expo:metro:tsconfig-paths @/constants/features -> /Users/timothybarrett/Desktop/:Desktop:LiftFlow/src/constants/features
2026-05-28T22:41:04.625Z expo:metro:tsconfig-paths @/constants/theme -> /Users/timothybarrett/Desktop/:Desktop:LiftFlow/src/constants/theme
2026-05-28T22:41:04.626Z expo:metro:tsconfig-paths @/constants/theme -> /Users/timothybarrett/Desktop/:Desktop:LiftFlow/src/constants/theme
2026-05-28T22:41:04.626Z expo:metro:tsconfig-paths @/components/auth/AuthFormContainer -> /Users/timothybarrett/Desktop/:Desktop:LiftFlow/src/components/auth/AuthFormContainer
2026-05-28T22:41:04.626Z expo:metro:tsconfig-paths @/components/layout/PrimaryButton -> /Users/timothybarrett/Desktop/:Desktop:LiftFlow/src/components/layout/PrimaryButton
2026-05-28T22:41:04.626Z expo:metro:tsconfig-paths @/components/layout/TextField -> /Users/timothybarrett/Desktop/:Desktop:LiftFlow/src/components/layout/TextField
2026-05-28T22:41:04.626Z expo:metro:tsconfig-paths @/components/ui/AppText -> /Users/timothybarrett/Desktop/:Desktop:LiftFlow/src/components/ui/AppText
2026-05-28T22:41:04.627Z expo:metro:tsconfig-paths @/components/layout/Card -> /Users/timothybarrett/Desktop/:Desktop:LiftFlow/src/components/layout/Card
2026-05-28T22:41:04.627Z expo:metro:tsconfig-paths @/components/ui/AppSymbol -> /Users/timothybarrett/Desktop/:Desktop:LiftFlow/src/components/ui/AppSymbol
2026-05-28T22:41:04.627Z expo:metro:tsconfig-paths @/constants/theme -> /Users/timothybarrett/Desktop/:Desktop:LiftFlow/src/constants/theme
2026-05-28T22:41:04.627Z expo:metro:tsconfig-paths @/components/layout/Card -> /Users/timothybarrett/Desktop/:Desktop:LiftFlow/src/components/layout/Card
2026-05-28T22:41:04.627Z expo:metro:tsconfig-paths @/components/layout/ScreenContainer -> /Users/timothybarrett/Desktop/:Desktop:LiftFlow/src/components/layout/ScreenContainer
2026-05-28T22:41:04.627Z expo:metro:tsconfig-paths @/components/layout/SectionHeader -> /Users/timothybarrett/Desktop/:Desktop:LiftFlow/src/components/layout/SectionHeader
2026-05-28T22:41:04.627Z expo:metro:tsconfig-paths @/components/ui/AppText -> /Users/timothybarrett/Desktop/:Desktop:LiftFlow/src/components/ui/AppText
2026-05-28T22:41:04.627Z expo:metro:tsconfig-paths @/constants/features -> /Users/timothybarrett/Desktop/:Desktop:LiftFlow/src/constants/features
2026-05-28T22:41:04.628Z expo:metro:tsconfig-paths @/components/layout/Card -> /Users/timothybarrett/Desktop/:Desktop:LiftFlow/src/components/layout/Card
2026-05-28T22:41:04.628Z expo:metro:tsconfig-paths @/components/ui/AppText -> /Users/timothybarrett/Desktop/:Desktop:LiftFlow/src/components/ui/AppText
2026-05-28T22:41:04.628Z expo:metro:tsconfig-paths @/constants/theme -> /Users/timothybarrett/Desktop/:Desktop:LiftFlow/src/constants/theme
2026-05-28T22:41:04.629Z expo:metro:tsconfig-paths @/components/layout/PrimaryButton -> /Users/timothybarrett/Desktop/:Desktop:LiftFlow/src/components/layout/PrimaryButton
2026-05-28T22:41:04.629Z expo:metro:tsconfig-paths @/components/settings/SettingsRow -> /Users/timothybarrett/Desktop/:Desktop:LiftFlow/src/components/settings/SettingsRow
2026-05-28T22:41:04.629Z expo:metro:tsconfig-paths @/hooks/useAuth -> /Users/timothybarrett/Desktop/:Desktop:LiftFlow/src/hooks/useAuth
2026-05-28T22:41:04.629Z expo:metro:tsconfig-paths @/components/ui/AppText -> /Users/timothybarrett/Desktop/:Desktop:LiftFlow/src/components/ui/AppText
2026-05-28T22:41:04.629Z expo:metro:tsconfig-paths @/constants/theme -> /Users/timothybarrett/Desktop/:Desktop:LiftFlow/src/constants/theme
2026-05-28T22:41:04.629Z expo:metro:tsconfig-paths @/utils/placeholders -> /Users/timothybarrett/Desktop/:Desktop:LiftFlow/src/utils/placeholders
2026-05-28T22:41:04.629Z expo:metro:tsconfig-paths @/components/ui/AppSymbol -> /Users/timothybarrett/Desktop/:Desktop:LiftFlow/src/components/ui/AppSymbol
2026-05-28T22:41:04.629Z expo:metro:tsconfig-paths @/components/layout/Card -> /Users/timothybarrett/Desktop/:Desktop:LiftFlow/src/components/layout/Card
2026-05-28T22:41:04.630Z expo:metro:tsconfig-paths @/components/ui/AppText -> /Users/timothybarrett/Desktop/:Desktop:LiftFlow/src/components/ui/AppText
2026-05-28T22:41:04.630Z expo:metro:tsconfig-paths @/constants/theme -> /Users/timothybarrett/Desktop/:Desktop:LiftFlow/src/constants/theme
2026-05-28T22:41:04.630Z expo:metro:tsconfig-paths @/components/workout/MicrophoneButton -> /Users/timothybarrett/Desktop/:Desktop:LiftFlow/src/components/workout/MicrophoneButton
2026-05-28T22:41:04.630Z expo:metro:tsconfig-paths @/components/workout/QuickCorrectionButtons -> /Users/timothybarrett/Desktop/:Desktop:LiftFlow/src/components/workout/QuickCorrectionButtons
2026-05-28T22:41:04.631Z expo:metro:tsconfig-paths @/components/workout/RestTimerSection -> /Users/timothybarrett/Desktop/:Desktop:LiftFlow/src/components/workout/RestTimerSection
2026-05-28T22:41:04.631Z expo:metro:tsconfig-paths @/components/workout/WorkoutCard -> /Users/timothybarrett/Desktop/:Desktop:LiftFlow/src/components/workout/WorkoutCard
2026-05-28T22:41:04.631Z expo:metro:tsconfig-paths @/utils/placeholders -> /Users/timothybarrett/Desktop/:Desktop:LiftFlow/src/utils/placeholders
2026-05-28T22:41:04.631Z expo:metro:tsconfig-paths @/components/ui/AppSymbol -> /Users/timothybarrett/Desktop/:Desktop:LiftFlow/src/components/ui/AppSymbol
2026-05-28T22:41:04.631Z expo:metro:tsconfig-paths @/components/layout/Card -> /Users/timothybarrett/Desktop/:Desktop:LiftFlow/src/components/layout/Card
2026-05-28T22:41:04.631Z expo:metro:tsconfig-paths @/components/history/HistoryCard -> /Users/timothybarrett/Desktop/:Desktop:LiftFlow/src/components/history/HistoryCard
2026-05-28T22:41:04.632Z expo:metro:tsconfig-paths @/constants/theme -> /Users/timothybarrett/Desktop/:Desktop:LiftFlow/src/constants/theme
2026-05-28T22:41:04.632Z expo:metro:tsconfig-paths @/state/AppProviders -> /Users/timothybarrett/Desktop/:Desktop:LiftFlow/src/state/AppProviders
2026-05-28T22:41:04.698Z expo:start:server:metro:multi-platform Skipping production module: ./cjs/react-is.production.min.js
2026-05-28T22:41:04.715Z expo:metro:tsconfig-paths @/contexts/AuthContext -> /Users/timothybarrett/Desktop/:Desktop:LiftFlow/src/contexts/AuthContext
2026-05-28T22:41:04.715Z expo:metro:tsconfig-paths @/state/workout/WorkoutSessionContext -> /Users/timothybarrett/Desktop/:Desktop:LiftFlow/src/state/workout/WorkoutSessionContext
2026-05-28T22:41:04.716Z expo:metro:tsconfig-paths @/services/workoutService -> /Users/timothybarrett/Desktop/:Desktop:LiftFlow/src/services/workoutService
2026-05-28T22:41:04.716Z expo:metro:tsconfig-paths @/lib/serviceResult -> /Users/timothybarrett/Desktop/:Desktop:LiftFlow/src/lib/serviceResult
2026-05-28T22:41:04.716Z expo:metro:tsconfig-paths @/hooks/useAuth -> /Users/timothybarrett/Desktop/:Desktop:LiftFlow/src/hooks/useAuth
2026-05-28T22:41:04.917Z expo:start:server:metro:multi-platform Skipping production module: ./cjs/react.production.js
2026-05-28T22:41:04.922Z expo:start:server:metro:multi-platform Skipping production module: ./cjs/react-jsx-dev-runtime.production.js
2026-05-28T22:41:04.922Z expo:start:server:metro:multi-platform Skipping production module: ../implementations/ReactFabric-prod
2026-05-28T22:41:04.936Z expo:start:server:metro:multi-platform Skipping production module: ../implementations/ReactNativeRenderer-prod
2026-05-28T22:41:04.936Z expo:start:server:metro:multi-platform Skipping production module: ./cjs/scheduler.native.production.js
2026-05-28T22:41:04.942Z expo:start:server:metro:multi-platform Skipping production module: ./cjs/react-is.production.min.js
2026-05-28T22:41:04.960Z expo:start:server:metro:multi-platform Skipping production module: ./cjs/react-refresh-runtime.production.min.js
2026-05-28T22:41:05.143Z expo:metro:tsconfig-paths @/constants/theme -> /Users/timothybarrett/Desktop/:Desktop:LiftFlow/src/constants/theme
2026-05-28T22:41:05.147Z expo:start:server:metro:multi-platform Skipping production module: ./cjs/react-jsx-runtime.production.js
2026-05-28T22:41:05.148Z expo:start:server:metro:multi-platform Skipping production module: ./cjs/react-is.production.js
2026-05-28T22:41:05.170Z expo:metro:withMetroResolvers Custom resolver (requestPostRewrites) threw: FailedToResolveNameError. (module: @react-native-masked-view/masked-view, platform: ios, env: undefined, origin: /Users/timothybarrett/Desktop/:Desktop:LiftFlow/node_modules/@react-navigation/elements/lib/module/MaskedViewNative.js)
2026-05-28T22:41:05.170Z expo:metro:withMetroResolvers Custom resolver (requestPostRewrites) threw: FailedToResolveNameError. (module: @react-native-masked-view/masked-view, platform: ios, env: undefined, origin: /Users/timothybarrett/Desktop/:Desktop:LiftFlow/node_modules/@react-navigation/elements/lib/module/MaskedViewNative.js)
2026-05-28T22:41:05.178Z expo:metro:withMetroResolvers Number of explored stacks: 2
2026-05-28T22:41:05.178Z expo:metro:withMetroResolvers Found inverse graph: {
  "frames": [
    {
      "origin": "/Users/timothybarrett/Desktop/:Desktop:LiftFlow/node_modules/@react-navigation/elements/lib/module/MaskedViewNative.js",
      "request": "@react-native-masked-view/masked-view"
    },
    {
      "origin": "/Users/timothybarrett/Desktop/:Desktop:LiftFlow/node_modules/@react-navigation/elements/lib/module/MaskedView.ios.js",
      "request": "./MaskedViewNative.js"
    },
    {
      "origin": "/Users/timothybarrett/Desktop/:Desktop:LiftFlow/node_modules/@react-navigation/elements/lib/module/Header/HeaderBackButton.js",
      "request": "../MaskedView"
    },
    {
      "origin": "/Users/timothybarrett/Desktop/:Desktop:LiftFlow/node_modules/@react-navigation/elements/lib/module/index.js",
      "request": "./Header/HeaderBackButton.js"
    },
    {
      "origin": "/Users/timothybarrett/Desktop/:Desktop:LiftFlow/node_modules/@react-navigation/bottom-tabs/lib/module/views/BottomTabView.js",
      "request": "@react-navigation/elements"
    },
    {
      "origin": "/Users/timothybarrett/Desktop/:Desktop:LiftFlow/node_modules/@react-navigation/bottom-tabs/lib/module/index.js",
      "request": "./views/BottomTabView.js"
    },
    {
      "origin": "/Users/timothybarrett/Desktop/:Desktop:LiftFlow/node_modules/expo-router/build/views/ErrorBoundary.js",
      "request": "@react-navigation/bottom-tabs"
    },
    {
      "origin": "/Users/timothybarrett/Desktop/:Desktop:LiftFlow/node_modules/expo-router/build/exports.js",
      "request": "./views/ErrorBoundary"
    },
    {
      "origin": "/Users/timothybarrett/Desktop/:Desktop:LiftFlow/node_modules/expo-router/build/index.js",
      "request": "./exports"
    },
    {
      "origin": "/Users/timothybarrett/Desktop/:Desktop:LiftFlow/src/app/(auth)/login.tsx",
      "request": "expo-router"
    },
    {
      "origin": "/Users/timothybarrett/Desktop/:Desktop:LiftFlow/src/app?ctx=3ab07f305c4346b25020dd398f4d6d4dc9229acb",
      "request": "/Users/timothybarrett/Desktop/:Desktop:LiftFlow/src/app/(auth)/login.tsx"
    }
  ],
  "serverRoot": true
}
2026-05-28T22:41:05.219Z expo:metro:tsconfig-paths @/components/auth/AuthFormContainer -> /Users/timothybarrett/Desktop/:Desktop:LiftFlow/src/components/auth/AuthFormContainer
2026-05-28T22:41:05.219Z expo:metro:tsconfig-paths @/components/layout/PrimaryButton -> /Users/timothybarrett/Desktop/:Desktop:LiftFlow/src/components/layout/PrimaryButton
2026-05-28T22:41:05.219Z expo:metro:tsconfig-paths @/components/layout/TextField -> /Users/timothybarrett/Desktop/:Desktop:LiftFlow/src/components/layout/TextField
2026-05-28T22:41:05.219Z expo:metro:tsconfig-paths @/components/ui/AppSymbol -> /Users/timothybarrett/Desktop/:Desktop:LiftFlow/src/components/ui/AppSymbol
2026-05-28T22:41:05.219Z expo:metro:tsconfig-paths @/components/ui/AppText -> /Users/timothybarrett/Desktop/:Desktop:LiftFlow/src/components/ui/AppText
2026-05-28T22:41:05.219Z expo:metro:tsconfig-paths @/hooks/useAuth -> /Users/timothybarrett/Desktop/:Desktop:LiftFlow/src/hooks/useAuth
2026-05-28T22:41:05.220Z expo:metro:tsconfig-paths @/constants/theme -> /Users/timothybarrett/Desktop/:Desktop:LiftFlow/src/constants/theme
2026-05-28T22:41:05.220Z expo:metro:tsconfig-paths @/components/ui/AppText -> /Users/timothybarrett/Desktop/:Desktop:LiftFlow/src/components/ui/AppText
2026-05-28T22:41:05.220Z expo:metro:tsconfig-paths @/constants/theme -> /Users/timothybarrett/Desktop/:Desktop:LiftFlow/src/constants/theme
2026-05-28T22:41:05.220Z expo:metro:tsconfig-paths @/components/ui/AppText -> /Users/timothybarrett/Desktop/:Desktop:LiftFlow/src/components/ui/AppText
2026-05-28T22:41:05.220Z expo:metro:tsconfig-paths @/constants/theme -> /Users/timothybarrett/Desktop/:Desktop:LiftFlow/src/constants/theme
2026-05-28T22:41:05.221Z expo:metro:tsconfig-paths @/contexts/AuthContext -> /Users/timothybarrett/Desktop/:Desktop:LiftFlow/src/contexts/AuthContext
2026-05-28T22:41:05.221Z expo:metro:tsconfig-paths @/services/authService -> /Users/timothybarrett/Desktop/:Desktop:LiftFlow/src/services/authService
2026-05-28T22:41:05.222Z expo:metro:tsconfig-paths @/lib/db-mappers -> /Users/timothybarrett/Desktop/:Desktop:LiftFlow/src/lib/db-mappers
2026-05-28T22:41:05.222Z expo:metro:tsconfig-paths @/supabase/client -> /Users/timothybarrett/Desktop/:Desktop:LiftFlow/src/supabase/client
2026-05-28T22:41:05.239Z expo:metro:tsconfig-paths @/components/features/FeaturePlaceholderScreen -> /Users/timothybarrett/Desktop/:Desktop:LiftFlow/src/components/features/FeaturePlaceholderScreen
2026-05-28T22:41:05.239Z expo:metro:tsconfig-paths @/components/ui/AppText -> /Users/timothybarrett/Desktop/:Desktop:LiftFlow/src/components/ui/AppText
2026-05-28T22:41:05.239Z expo:metro:tsconfig-paths @/constants/features -> /Users/timothybarrett/Desktop/:Desktop:LiftFlow/src/constants/features
2026-05-28T22:41:05.239Z expo:metro:tsconfig-paths @/constants/theme -> /Users/timothybarrett/Desktop/:Desktop:LiftFlow/src/constants/theme
2026-05-28T22:41:05.240Z expo:metro:tsconfig-paths @/components/layout/Card -> /Users/timothybarrett/Desktop/:Desktop:LiftFlow/src/components/layout/Card
2026-05-28T22:41:05.240Z expo:metro:tsconfig-paths @/components/layout/PrimaryButton -> /Users/timothybarrett/Desktop/:Desktop:LiftFlow/src/components/layout/PrimaryButton
2026-05-28T22:41:05.240Z expo:metro:tsconfig-paths @/components/layout/ScreenContainer -> /Users/timothybarrett/Desktop/:Desktop:LiftFlow/src/components/layout/ScreenContainer
2026-05-28T22:41:05.240Z expo:metro:tsconfig-paths @/components/ui/AppSymbol -> /Users/timothybarrett/Desktop/:Desktop:LiftFlow/src/components/ui/AppSymbol
2026-05-28T22:41:05.240Z expo:metro:tsconfig-paths @/components/ui/AppText -> /Users/timothybarrett/Desktop/:Desktop:LiftFlow/src/components/ui/AppText
2026-05-28T22:41:05.240Z expo:metro:tsconfig-paths @/constants/features -> /Users/timothybarrett/Desktop/:Desktop:LiftFlow/src/constants/features
2026-05-28T22:41:05.240Z expo:metro:tsconfig-paths @/constants/theme -> /Users/timothybarrett/Desktop/:Desktop:LiftFlow/src/constants/theme
2026-05-28T22:41:05.241Z expo:metro:tsconfig-paths @/constants/theme -> /Users/timothybarrett/Desktop/:Desktop:LiftFlow/src/constants/theme
2026-05-28T22:41:05.241Z expo:metro:tsconfig-paths @/components/auth/AuthFormContainer -> /Users/timothybarrett/Desktop/:Desktop:LiftFlow/src/components/auth/AuthFormContainer
2026-05-28T22:41:05.241Z expo:metro:tsconfig-paths @/components/layout/Card -> /Users/timothybarrett/Desktop/:Desktop:LiftFlow/src/components/layout/Card
2026-05-28T22:41:05.241Z expo:metro:tsconfig-paths @/components/layout/PrimaryButton -> /Users/timothybarrett/Desktop/:Desktop:LiftFlow/src/components/layout/PrimaryButton
2026-05-28T22:41:05.241Z expo:metro:tsconfig-paths @/components/ui/AppText -> /Users/timothybarrett/Desktop/:Desktop:LiftFlow/src/components/ui/AppText
2026-05-28T22:41:05.242Z expo:metro:tsconfig-paths @/components/layout/TextField -> /Users/timothybarrett/Desktop/:Desktop:LiftFlow/src/components/layout/TextField
2026-05-28T22:41:05.242Z expo:metro:tsconfig-paths @/components/layout/Card -> /Users/timothybarrett/Desktop/:Desktop:LiftFlow/src/components/layout/Card
2026-05-28T22:41:05.242Z expo:metro:tsconfig-paths @/components/layout/ScreenContainer -> /Users/timothybarrett/Desktop/:Desktop:LiftFlow/src/components/layout/ScreenContainer
2026-05-28T22:41:05.242Z expo:metro:tsconfig-paths @/components/layout/SectionHeader -> /Users/timothybarrett/Desktop/:Desktop:LiftFlow/src/components/layout/SectionHeader
2026-05-28T22:41:05.242Z expo:metro:tsconfig-paths @/components/ui/AppSymbol -> /Users/timothybarrett/Desktop/:Desktop:LiftFlow/src/components/ui/AppSymbol
2026-05-28T22:41:05.242Z expo:metro:tsconfig-paths @/components/ui/AppText -> /Users/timothybarrett/Desktop/:Desktop:LiftFlow/src/components/ui/AppText
2026-05-28T22:41:05.242Z expo:metro:tsconfig-paths @/constants/features -> /Users/timothybarrett/Desktop/:Desktop:LiftFlow/src/constants/features
2026-05-28T22:41:05.242Z expo:metro:tsconfig-paths @/constants/theme -> /Users/timothybarrett/Desktop/:Desktop:LiftFlow/src/constants/theme
2026-05-28T22:41:05.243Z expo:metro:tsconfig-paths @/components/history/HistoryCard -> /Users/timothybarrett/Desktop/:Desktop:LiftFlow/src/components/history/HistoryCard
2026-05-28T22:41:05.243Z expo:metro:tsconfig-paths @/utils/placeholders -> /Users/timothybarrett/Desktop/:Desktop:LiftFlow/src/utils/placeholders
2026-05-28T22:41:05.243Z expo:metro:tsconfig-paths @/components/ui/AppSymbol -> /Users/timothybarrett/Desktop/:Desktop:LiftFlow/src/components/ui/AppSymbol
2026-05-28T22:41:05.243Z expo:metro:tsconfig-paths @/components/ui/AppText -> /Users/timothybarrett/Desktop/:Desktop:LiftFlow/src/components/ui/AppText
2026-05-28T22:41:05.243Z expo:metro:tsconfig-paths @/constants/theme -> /Users/timothybarrett/Desktop/:Desktop:LiftFlow/src/constants/theme
2026-05-28T22:41:05.243Z expo:metro:tsconfig-paths @/components/workout/MicrophoneButton -> /Users/timothybarrett/Desktop/:Desktop:LiftFlow/src/components/workout/MicrophoneButton
2026-05-28T22:41:05.243Z expo:metro:tsconfig-paths @/components/workout/QuickCorrectionButtons -> /Users/timothybarrett/Desktop/:Desktop:LiftFlow/src/components/workout/QuickCorrectionButtons
2026-05-28T22:41:05.243Z expo:metro:tsconfig-paths @/components/workout/RestTimerSection -> /Users/timothybarrett/Desktop/:Desktop:LiftFlow/src/components/workout/RestTimerSection
2026-05-28T22:41:05.243Z expo:metro:tsconfig-paths @/components/workout/WorkoutCard -> /Users/timothybarrett/Desktop/:Desktop:LiftFlow/src/components/workout/WorkoutCard
2026-05-28T22:41:05.244Z expo:metro:tsconfig-paths @/utils/placeholders -> /Users/timothybarrett/Desktop/:Desktop:LiftFlow/src/utils/placeholders
2026-05-28T22:41:05.244Z expo:metro:tsconfig-paths @/components/layout/Card -> /Users/timothybarrett/Desktop/:Desktop:LiftFlow/src/components/layout/Card
2026-05-28T22:41:05.245Z expo:metro:tsconfig-paths @/constants/theme -> /Users/timothybarrett/Desktop/:Desktop:LiftFlow/src/constants/theme
2026-05-28T22:41:05.245Z expo:metro:tsconfig-paths @/state/AppProviders -> /Users/timothybarrett/Desktop/:Desktop:LiftFlow/src/state/AppProviders
2026-05-28T22:41:05.245Z expo:metro:tsconfig-paths @/components/ui/AppSymbol -> /Users/timothybarrett/Desktop/:Desktop:LiftFlow/src/components/ui/AppSymbol
2026-05-28T22:41:05.245Z expo:metro:tsconfig-paths @/components/layout/Card -> /Users/timothybarrett/Desktop/:Desktop:LiftFlow/src/components/layout/Card
2026-05-28T22:41:05.245Z expo:metro:tsconfig-paths @/components/ui/AppText -> /Users/timothybarrett/Desktop/:Desktop:LiftFlow/src/components/ui/AppText
2026-05-28T22:41:05.245Z expo:metro:tsconfig-paths @/constants/theme -> /Users/timothybarrett/Desktop/:Desktop:LiftFlow/src/constants/theme
2026-05-28T22:41:05.246Z expo:metro:tsconfig-paths @/components/layout/PrimaryButton -> /Users/timothybarrett/Desktop/:Desktop:LiftFlow/src/components/layout/PrimaryButton
2026-05-28T22:41:05.246Z expo:metro:tsconfig-paths @/components/settings/SettingsRow -> /Users/timothybarrett/Desktop/:Desktop:LiftFlow/src/components/settings/SettingsRow
2026-05-28T22:41:05.246Z expo:metro:tsconfig-paths @/hooks/useAuth -> /Users/timothybarrett/Desktop/:Desktop:LiftFlow/src/hooks/useAuth
2026-05-28T22:41:05.255Z expo:metro:tsconfig-paths @/components/layout/Card -> /Users/timothybarrett/Desktop/:Desktop:LiftFlow/src/components/layout/Card
2026-05-28T22:41:05.255Z expo:metro:tsconfig-paths @/components/ui/AppText -> /Users/timothybarrett/Desktop/:Desktop:LiftFlow/src/components/ui/AppText
2026-05-28T22:41:05.255Z expo:metro:tsconfig-paths @/constants/theme -> /Users/timothybarrett/Desktop/:Desktop:LiftFlow/src/constants/theme
2026-05-28T22:41:05.313Z expo:start:server:metro:multi-platform Skipping production module: ./cjs/react-is.production.min.js
2026-05-28T22:41:05.323Z expo:metro:tsconfig-paths @/contexts/AuthContext -> /Users/timothybarrett/Desktop/:Desktop:LiftFlow/src/contexts/AuthContext
2026-05-28T22:41:05.323Z expo:metro:tsconfig-paths @/state/workout/WorkoutSessionContext -> /Users/timothybarrett/Desktop/:Desktop:LiftFlow/src/state/workout/WorkoutSessionContext
2026-05-28T22:41:05.331Z expo:metro:tsconfig-paths @/hooks/useAuth -> /Users/timothybarrett/Desktop/:Desktop:LiftFlow/src/hooks/useAuth
2026-05-28T22:41:05.332Z expo:metro:tsconfig-paths @/services/workoutService -> /Users/timothybarrett/Desktop/:Desktop:LiftFlow/src/services/workoutService
2026-05-28T22:41:05.334Z expo:metro:tsconfig-paths @/lib/serviceResult -> /Users/timothybarrett/Desktop/:Desktop:LiftFlow/src/lib/serviceResult
2026-05-28T22:41:05.632Z expo:start:server:metro:multi-platform Skipping production module: ./cjs/react.production.js
2026-05-28T22:41:05.636Z expo:start:server:metro:multi-platform Skipping production module: ./cjs/react-jsx-dev-runtime.production.js
2026-05-28T22:41:05.637Z expo:start:server:metro:multi-platform Skipping production module: ../implementations/ReactFabric-prod
2026-05-28T22:41:05.652Z expo:start:server:metro:multi-platform Skipping production module: ./cjs/scheduler.native.production.js
2026-05-28T22:41:05.653Z expo:start:server:metro:multi-platform Skipping production module: ../implementations/ReactNativeRenderer-prod
2026-05-28T22:41:05.658Z expo:start:server:metro:multi-platform Skipping production module: ./cjs/react-is.production.min.js
2026-05-28T22:41:05.674Z expo:start:server:metro:multi-platform Skipping production module: ./cjs/react-refresh-runtime.production.min.js
2026-05-28T22:41:05.780Z expo:metro:tsconfig-paths @/constants/theme -> /Users/timothybarrett/Desktop/:Desktop:LiftFlow/src/constants/theme
2026-05-28T22:41:05.785Z expo:start:server:metro:multi-platform Skipping production module: ./cjs/react-jsx-runtime.production.js
2026-05-28T22:41:05.787Z expo:start:server:metro:multi-platform Skipping production module: ./cjs/react-is.production.js
2026-05-28T22:41:05.808Z expo:metro:withMetroResolvers Custom resolver (requestPostRewrites) threw: FailedToResolveNameError. (module: @react-native-masked-view/masked-view, platform: ios, env: undefined, origin: /Users/timothybarrett/Desktop/:Desktop:LiftFlow/node_modules/@react-navigation/elements/lib/module/MaskedViewNative.js)
2026-05-28T22:41:05.808Z expo:metro:withMetroResolvers Custom resolver (requestPostRewrites) threw: FailedToResolveNameError. (module: @react-native-masked-view/masked-view, platform: ios, env: undefined, origin: /Users/timothybarrett/Desktop/:Desktop:LiftFlow/node_modules/@react-navigation/elements/lib/module/MaskedViewNative.js)
2026-05-28T22:41:05.823Z expo:metro:withMetroResolvers Number of explored stacks: 2
2026-05-28T22:41:05.823Z expo:metro:withMetroResolvers Found inverse graph: {
  "frames": [
    {
      "origin": "/Users/timothybarrett/Desktop/:Desktop:LiftFlow/node_modules/@react-navigation/elements/lib/module/MaskedViewNative.js",
      "request": "@react-native-masked-view/masked-view"
    },
    {
      "origin": "/Users/timothybarrett/Desktop/:Desktop:LiftFlow/node_modules/@react-navigation/elements/lib/module/MaskedView.ios.js",
      "request": "./MaskedViewNative.js"
    },
    {
      "origin": "/Users/timothybarrett/Desktop/:Desktop:LiftFlow/node_modules/@react-navigation/elements/lib/module/Header/HeaderBackButton.js",
      "request": "../MaskedView"
    },
    {
      "origin": "/Users/timothybarrett/Desktop/:Desktop:LiftFlow/node_modules/@react-navigation/elements/lib/module/index.js",
      "request": "./Header/HeaderBackButton.js"
    },
    {
      "origin": "/Users/timothybarrett/Desktop/:Desktop:LiftFlow/node_modules/@react-navigation/bottom-tabs/lib/module/views/BottomTabView.js",
      "request": "@react-navigation/elements"
    },
    {
      "origin": "/Users/timothybarrett/Desktop/:Desktop:LiftFlow/node_modules/@react-navigation/bottom-tabs/lib/module/index.js",
      "request": "./views/BottomTabView.js"
    },
    {
      "origin": "/Users/timothybarrett/Desktop/:Desktop:LiftFlow/node_modules/expo-router/build/views/ErrorBoundary.js",
      "request": "@react-navigation/bottom-tabs"
    },
    {
      "origin": "/Users/timothybarrett/Desktop/:Desktop:LiftFlow/node_modules/expo-router/build/exports.js",
      "request": "./views/ErrorBoundary"
    },
    {
      "origin": "/Users/timothybarrett/Desktop/:Desktop:LiftFlow/node_modules/expo-router/build/index.js",
      "request": "./exports"
    },
    {
      "origin": "/Users/timothybarrett/Desktop/:Desktop:LiftFlow/src/app/(auth)/login.tsx",
      "request": "expo-router"
    },
    {
      "origin": "/Users/timothybarrett/Desktop/:Desktop:LiftFlow/src/app?ctx=3ab07f305c4346b25020dd398f4d6d4dc9229acb",
      "request": "/Users/timothybarrett/Desktop/:Desktop:LiftFlow/src/app/(auth)/login.tsx"
    }
  ],
  "serverRoot": true
}
2026-05-28T22:41:05.863Z expo:metro:tsconfig-paths @/components/ui/AppText -> /Users/timothybarrett/Desktop/:Desktop:LiftFlow/src/components/ui/AppText
2026-05-28T22:41:05.863Z expo:metro:tsconfig-paths @/constants/theme -> /Users/timothybarrett/Desktop/:Desktop:LiftFlow/src/constants/theme
2026-05-28T22:41:05.864Z expo:metro:tsconfig-paths @/constants/theme -> /Users/timothybarrett/Desktop/:Desktop:LiftFlow/src/constants/theme
2026-05-28T22:41:05.864Z expo:metro:tsconfig-paths @/components/auth/AuthFormContainer -> /Users/timothybarrett/Desktop/:Desktop:LiftFlow/src/components/auth/AuthFormContainer
2026-05-28T22:41:05.864Z expo:metro:tsconfig-paths @/components/layout/PrimaryButton -> /Users/timothybarrett/Desktop/:Desktop:LiftFlow/src/components/layout/PrimaryButton
2026-05-28T22:41:05.864Z expo:metro:tsconfig-paths @/components/layout/TextField -> /Users/timothybarrett/Desktop/:Desktop:LiftFlow/src/components/layout/TextField
2026-05-28T22:41:05.864Z expo:metro:tsconfig-paths @/components/ui/AppSymbol -> /Users/timothybarrett/Desktop/:Desktop:LiftFlow/src/components/ui/AppSymbol
2026-05-28T22:41:05.864Z expo:metro:tsconfig-paths @/components/ui/AppText -> /Users/timothybarrett/Desktop/:Desktop:LiftFlow/src/components/ui/AppText
2026-05-28T22:41:05.864Z expo:metro:tsconfig-paths @/hooks/useAuth -> /Users/timothybarrett/Desktop/:Desktop:LiftFlow/src/hooks/useAuth
2026-05-28T22:41:05.865Z expo:metro:tsconfig-paths @/components/ui/AppText -> /Users/timothybarrett/Desktop/:Desktop:LiftFlow/src/components/ui/AppText
2026-05-28T22:41:05.865Z expo:metro:tsconfig-paths @/constants/theme -> /Users/timothybarrett/Desktop/:Desktop:LiftFlow/src/constants/theme
2026-05-28T22:41:05.865Z expo:metro:tsconfig-paths @/services/authService -> /Users/timothybarrett/Desktop/:Desktop:LiftFlow/src/services/authService
2026-05-28T22:41:05.865Z expo:metro:tsconfig-paths @/lib/db-mappers -> /Users/timothybarrett/Desktop/:Desktop:LiftFlow/src/lib/db-mappers
2026-05-28T22:41:05.865Z expo:metro:tsconfig-paths @/supabase/client -> /Users/timothybarrett/Desktop/:Desktop:LiftFlow/src/supabase/client
2026-05-28T22:41:05.866Z expo:metro:tsconfig-paths @/contexts/AuthContext -> /Users/timothybarrett/Desktop/:Desktop:LiftFlow/src/contexts/AuthContext
2026-05-28T22:41:05.884Z expo:metro:tsconfig-paths @/components/features/FeaturePlaceholderScreen -> /Users/timothybarrett/Desktop/:Desktop:LiftFlow/src/components/features/FeaturePlaceholderScreen
2026-05-28T22:41:05.884Z expo:metro:tsconfig-paths @/components/ui/AppText -> /Users/timothybarrett/Desktop/:Desktop:LiftFlow/src/components/ui/AppText
2026-05-28T22:41:05.884Z expo:metro:tsconfig-paths @/constants/features -> /Users/timothybarrett/Desktop/:Desktop:LiftFlow/src/constants/features
2026-05-28T22:41:05.884Z expo:metro:tsconfig-paths @/constants/theme -> /Users/timothybarrett/Desktop/:Desktop:LiftFlow/src/constants/theme
2026-05-28T22:41:05.884Z expo:metro:tsconfig-paths @/components/layout/Card -> /Users/timothybarrett/Desktop/:Desktop:LiftFlow/src/components/layout/Card
2026-05-28T22:41:05.884Z expo:metro:tsconfig-paths @/components/layout/PrimaryButton -> /Users/timothybarrett/Desktop/:Desktop:LiftFlow/src/components/layout/PrimaryButton
2026-05-28T22:41:05.884Z expo:metro:tsconfig-paths @/components/layout/ScreenContainer -> /Users/timothybarrett/Desktop/:Desktop:LiftFlow/src/components/layout/ScreenContainer
2026-05-28T22:41:05.884Z expo:metro:tsconfig-paths @/components/ui/AppSymbol -> /Users/timothybarrett/Desktop/:Desktop:LiftFlow/src/components/ui/AppSymbol
2026-05-28T22:41:05.884Z expo:metro:tsconfig-paths @/components/ui/AppText -> /Users/timothybarrett/Desktop/:Desktop:LiftFlow/src/components/ui/AppText
2026-05-28T22:41:05.884Z expo:metro:tsconfig-paths @/constants/features -> /Users/timothybarrett/Desktop/:Desktop:LiftFlow/src/constants/features
2026-05-28T22:41:05.884Z expo:metro:tsconfig-paths @/constants/theme -> /Users/timothybarrett/Desktop/:Desktop:LiftFlow/src/constants/theme
2026-05-28T22:41:05.885Z expo:metro:tsconfig-paths @/constants/theme -> /Users/timothybarrett/Desktop/:Desktop:LiftFlow/src/constants/theme
2026-05-28T22:41:05.885Z expo:metro:tsconfig-paths @/components/auth/AuthFormContainer -> /Users/timothybarrett/Desktop/:Desktop:LiftFlow/src/components/auth/AuthFormContainer
2026-05-28T22:41:05.885Z expo:metro:tsconfig-paths @/components/layout/Card -> /Users/timothybarrett/Desktop/:Desktop:LiftFlow/src/components/layout/Card
2026-05-28T22:41:05.885Z expo:metro:tsconfig-paths @/components/layout/PrimaryButton -> /Users/timothybarrett/Desktop/:Desktop:LiftFlow/src/components/layout/PrimaryButton
2026-05-28T22:41:05.885Z expo:metro:tsconfig-paths @/components/ui/AppText -> /Users/timothybarrett/Desktop/:Desktop:LiftFlow/src/components/ui/AppText
2026-05-28T22:41:05.885Z expo:metro:tsconfig-paths @/components/layout/TextField -> /Users/timothybarrett/Desktop/:Desktop:LiftFlow/src/components/layout/TextField
2026-05-28T22:41:05.885Z expo:metro:tsconfig-paths @/components/layout/Card -> /Users/timothybarrett/Desktop/:Desktop:LiftFlow/src/components/layout/Card
2026-05-28T22:41:05.885Z expo:metro:tsconfig-paths @/components/layout/ScreenContainer -> /Users/timothybarrett/Desktop/:Desktop:LiftFlow/src/components/layout/ScreenContainer
2026-05-28T22:41:05.886Z expo:metro:tsconfig-paths @/components/layout/SectionHeader -> /Users/timothybarrett/Desktop/:Desktop:LiftFlow/src/components/layout/SectionHeader
2026-05-28T22:41:05.886Z expo:metro:tsconfig-paths @/components/ui/AppSymbol -> /Users/timothybarrett/Desktop/:Desktop:LiftFlow/src/components/ui/AppSymbol
2026-05-28T22:41:05.886Z expo:metro:tsconfig-paths @/components/ui/AppText -> /Users/timothybarrett/Desktop/:Desktop:LiftFlow/src/components/ui/AppText
2026-05-28T22:41:05.886Z expo:metro:tsconfig-paths @/constants/features -> /Users/timothybarrett/Desktop/:Desktop:LiftFlow/src/constants/features
2026-05-28T22:41:05.886Z expo:metro:tsconfig-paths @/constants/theme -> /Users/timothybarrett/Desktop/:Desktop:LiftFlow/src/constants/theme
2026-05-28T22:41:05.887Z expo:metro:tsconfig-paths @/components/history/HistoryCard -> /Users/timothybarrett/Desktop/:Desktop:LiftFlow/src/components/history/HistoryCard
2026-05-28T22:41:05.887Z expo:metro:tsconfig-paths @/utils/placeholders -> /Users/timothybarrett/Desktop/:Desktop:LiftFlow/src/utils/placeholders
2026-05-28T22:41:05.887Z expo:metro:tsconfig-paths @/components/layout/Card -> /Users/timothybarrett/Desktop/:Desktop:LiftFlow/src/components/layout/Card
2026-05-28T22:41:05.887Z expo:metro:tsconfig-paths @/components/ui/AppText -> /Users/timothybarrett/Desktop/:Desktop:LiftFlow/src/components/ui/AppText
2026-05-28T22:41:05.887Z expo:metro:tsconfig-paths @/constants/theme -> /Users/timothybarrett/Desktop/:Desktop:LiftFlow/src/constants/theme
2026-05-28T22:41:05.887Z expo:metro:tsconfig-paths @/components/ui/AppSymbol -> /Users/timothybarrett/Desktop/:Desktop:LiftFlow/src/components/ui/AppSymbol
2026-05-28T22:41:05.887Z expo:metro:tsconfig-paths @/components/ui/AppText -> /Users/timothybarrett/Desktop/:Desktop:LiftFlow/src/components/ui/AppText
2026-05-28T22:41:05.887Z expo:metro:tsconfig-paths @/constants/theme -> /Users/timothybarrett/Desktop/:Desktop:LiftFlow/src/constants/theme
2026-05-28T22:41:05.888Z expo:metro:tsconfig-paths @/utils/placeholders -> /Users/timothybarrett/Desktop/:Desktop:LiftFlow/src/utils/placeholders
2026-05-28T22:41:05.888Z expo:metro:tsconfig-paths @/components/layout/PrimaryButton -> /Users/timothybarrett/Desktop/:Desktop:LiftFlow/src/components/layout/PrimaryButton
2026-05-28T22:41:05.888Z expo:metro:tsconfig-paths @/components/settings/SettingsRow -> /Users/timothybarrett/Desktop/:Desktop:LiftFlow/src/components/settings/SettingsRow
2026-05-28T22:41:05.888Z expo:metro:tsconfig-paths @/hooks/useAuth -> /Users/timothybarrett/Desktop/:Desktop:LiftFlow/src/hooks/useAuth
2026-05-28T22:41:05.888Z expo:metro:tsconfig-paths @/components/ui/AppSymbol -> /Users/timothybarrett/Desktop/:Desktop:LiftFlow/src/components/ui/AppSymbol
2026-05-28T22:41:05.888Z expo:metro:tsconfig-paths @/components/layout/Card -> /Users/timothybarrett/Desktop/:Desktop:LiftFlow/src/components/layout/Card
2026-05-28T22:41:05.888Z expo:metro:tsconfig-paths @/components/ui/AppText -> /Users/timothybarrett/Desktop/:Desktop:LiftFlow/src/components/ui/AppText
2026-05-28T22:41:05.888Z expo:metro:tsconfig-paths @/constants/theme -> /Users/timothybarrett/Desktop/:Desktop:LiftFlow/src/constants/theme
2026-05-28T22:41:05.889Z expo:metro:tsconfig-paths @/components/workout/MicrophoneButton -> /Users/timothybarrett/Desktop/:Desktop:LiftFlow/src/components/workout/MicrophoneButton
2026-05-28T22:41:05.889Z expo:metro:tsconfig-paths @/components/workout/QuickCorrectionButtons -> /Users/timothybarrett/Desktop/:Desktop:LiftFlow/src/components/workout/QuickCorrectionButtons
2026-05-28T22:41:05.889Z expo:metro:tsconfig-paths @/components/workout/RestTimerSection -> /Users/timothybarrett/Desktop/:Desktop:LiftFlow/src/components/workout/RestTimerSection
2026-05-28T22:41:05.889Z expo:metro:tsconfig-paths @/components/workout/WorkoutCard -> /Users/timothybarrett/Desktop/:Desktop:LiftFlow/src/components/workout/WorkoutCard
2026-05-28T22:41:05.889Z expo:metro:tsconfig-paths @/constants/theme -> /Users/timothybarrett/Desktop/:Desktop:LiftFlow/src/constants/theme
2026-05-28T22:41:05.889Z expo:metro:tsconfig-paths @/state/AppProviders -> /Users/timothybarrett/Desktop/:Desktop:LiftFlow/src/state/AppProviders
2026-05-28T22:41:05.889Z expo:metro:tsconfig-paths @/components/layout/Card -> /Users/timothybarrett/Desktop/:Desktop:LiftFlow/src/components/layout/Card
2026-05-28T22:41:05.955Z expo:start:server:metro:multi-platform Skipping production module: ./cjs/react-is.production.min.js
2026-05-28T22:41:05.973Z expo:metro:tsconfig-paths @/contexts/AuthContext -> /Users/timothybarrett/Desktop/:Desktop:LiftFlow/src/contexts/AuthContext
2026-05-28T22:41:05.973Z expo:metro:tsconfig-paths @/state/workout/WorkoutSessionContext -> /Users/timothybarrett/Desktop/:Desktop:LiftFlow/src/state/workout/WorkoutSessionContext
2026-05-28T22:41:05.974Z expo:metro:tsconfig-paths @/lib/serviceResult -> /Users/timothybarrett/Desktop/:Desktop:LiftFlow/src/lib/serviceResult
2026-05-28T22:41:05.974Z expo:metro:tsconfig-paths @/services/workoutService -> /Users/timothybarrett/Desktop/:Desktop:LiftFlow/src/services/workoutService
2026-05-28T22:41:05.974Z expo:metro:tsconfig-paths @/hooks/useAuth -> /Users/timothybarrett/Desktop/:Desktop:LiftFlow/src/hooks/useAuth
2026-05-28T22:41:06.136Z expo:start:server:metro:multi-platform Skipping production module: ./cjs/react.production.js
2026-05-28T22:41:06.141Z expo:start:server:metro:multi-platform Skipping production module: ./cjs/react-jsx-dev-runtime.production.js
2026-05-28T22:41:06.142Z expo:start:server:metro:multi-platform Skipping production module: ../implementations/ReactFabric-prod
2026-05-28T22:41:06.156Z expo:start:server:metro:multi-platform Skipping production module: ./cjs/scheduler.native.production.js
2026-05-28T22:41:06.156Z expo:start:server:metro:multi-platform Skipping production module: ../implementations/ReactNativeRenderer-prod
2026-05-28T22:41:06.161Z expo:start:server:metro:multi-platform Skipping production module: ./cjs/react-is.production.min.js
2026-05-28T22:41:06.186Z expo:start:server:metro:multi-platform Skipping production module: ./cjs/react-refresh-runtime.production.min.js
2026-05-28T22:41:06.277Z expo:metro:tsconfig-paths @/constants/theme -> /Users/timothybarrett/Desktop/:Desktop:LiftFlow/src/constants/theme
2026-05-28T22:41:06.282Z expo:start:server:metro:multi-platform Skipping production module: ./cjs/react-jsx-runtime.production.js
2026-05-28T22:41:06.284Z expo:start:server:metro:multi-platform Skipping production module: ./cjs/react-is.production.js
2026-05-28T22:41:06.303Z expo:metro:withMetroResolvers Custom resolver (requestPostRewrites) threw: FailedToResolveNameError. (module: @react-native-masked-view/masked-view, platform: ios, env: undefined, origin: /Users/timothybarrett/Desktop/:Desktop:LiftFlow/node_modules/@react-navigation/elements/lib/module/MaskedViewNative.js)
2026-05-28T22:41:06.303Z expo:metro:withMetroResolvers Custom resolver (requestPostRewrites) threw: FailedToResolveNameError. (module: @react-native-masked-view/masked-view, platform: ios, env: undefined, origin: /Users/timothybarrett/Desktop/:Desktop:LiftFlow/node_modules/@react-navigation/elements/lib/module/MaskedViewNative.js)
2026-05-28T22:41:06.328Z expo:metro:withMetroResolvers Number of explored stacks: 2
2026-05-28T22:41:06.328Z expo:metro:withMetroResolvers Found inverse graph: {
  "frames": [
    {
      "origin": "/Users/timothybarrett/Desktop/:Desktop:LiftFlow/node_modules/@react-navigation/elements/lib/module/MaskedViewNative.js",
      "request": "@react-native-masked-view/masked-view"
    },
    {
      "origin": "/Users/timothybarrett/Desktop/:Desktop:LiftFlow/node_modules/@react-navigation/elements/lib/module/MaskedView.ios.js",
      "request": "./MaskedViewNative.js"
    },
    {
      "origin": "/Users/timothybarrett/Desktop/:Desktop:LiftFlow/node_modules/@react-navigation/elements/lib/module/Header/HeaderBackButton.js",
      "request": "../MaskedView"
    },
    {
      "origin": "/Users/timothybarrett/Desktop/:Desktop:LiftFlow/node_modules/@react-navigation/elements/lib/module/index.js",
      "request": "./Header/HeaderBackButton.js"
    },
    {
      "origin": "/Users/timothybarrett/Desktop/:Desktop:LiftFlow/node_modules/@react-navigation/bottom-tabs/lib/module/views/BottomTabView.js",
      "request": "@react-navigation/elements"
    },
    {
      "origin": "/Users/timothybarrett/Desktop/:Desktop:LiftFlow/node_modules/@react-navigation/bottom-tabs/lib/module/index.js",
      "request": "./views/BottomTabView.js"
    },
    {
      "origin": "/Users/timothybarrett/Desktop/:Desktop:LiftFlow/node_modules/expo-router/build/views/ErrorBoundary.js",
      "request": "@react-navigation/bottom-tabs"
    },
    {
      "origin": "/Users/timothybarrett/Desktop/:Desktop:LiftFlow/node_modules/expo-router/build/exports.js",
      "request": "./views/ErrorBoundary"
    },
    {
      "origin": "/Users/timothybarrett/Desktop/:Desktop:LiftFlow/node_modules/expo-router/build/index.js",
      "request": "./exports"
    },
    {
      "origin": "/Users/timothybarrett/Desktop/:Desktop:LiftFlow/src/app/(auth)/login.tsx",
      "request": "expo-router"
    },
    {
      "origin": "/Users/timothybarrett/Desktop/:Desktop:LiftFlow/src/app?ctx=3ab07f305c4346b25020dd398f4d6d4dc9229acb",
      "request": "/Users/timothybarrett/Desktop/:Desktop:LiftFlow/src/app/(auth)/login.tsx"
    }
  ],
  "serverRoot": true
}
2026-05-28T22:41:06.363Z expo:metro:tsconfig-paths @/components/auth/AuthFormContainer -> /Users/timothybarrett/Desktop/:Desktop:LiftFlow/src/components/auth/AuthFormContainer
2026-05-28T22:41:06.363Z expo:metro:tsconfig-paths @/components/layout/PrimaryButton -> /Users/timothybarrett/Desktop/:Desktop:LiftFlow/src/components/layout/PrimaryButton
2026-05-28T22:41:06.363Z expo:metro:tsconfig-paths @/components/layout/TextField -> /Users/timothybarrett/Desktop/:Desktop:LiftFlow/src/components/layout/TextField
2026-05-28T22:41:06.363Z expo:metro:tsconfig-paths @/components/ui/AppSymbol -> /Users/timothybarrett/Desktop/:Desktop:LiftFlow/src/components/ui/AppSymbol
2026-05-28T22:41:06.363Z expo:metro:tsconfig-paths @/components/ui/AppText -> /Users/timothybarrett/Desktop/:Desktop:LiftFlow/src/components/ui/AppText
2026-05-28T22:41:06.363Z expo:metro:tsconfig-paths @/hooks/useAuth -> /Users/timothybarrett/Desktop/:Desktop:LiftFlow/src/hooks/useAuth
2026-05-28T22:41:06.364Z expo:metro:tsconfig-paths @/components/ui/AppText -> /Users/timothybarrett/Desktop/:Desktop:LiftFlow/src/components/ui/AppText
2026-05-28T22:41:06.364Z expo:metro:tsconfig-paths @/constants/theme -> /Users/timothybarrett/Desktop/:Desktop:LiftFlow/src/constants/theme
2026-05-28T22:41:06.364Z expo:metro:tsconfig-paths @/constants/theme -> /Users/timothybarrett/Desktop/:Desktop:LiftFlow/src/constants/theme
2026-05-28T22:41:06.364Z expo:metro:tsconfig-paths @/components/ui/AppText -> /Users/timothybarrett/Desktop/:Desktop:LiftFlow/src/components/ui/AppText
2026-05-28T22:41:06.364Z expo:metro:tsconfig-paths @/constants/theme -> /Users/timothybarrett/Desktop/:Desktop:LiftFlow/src/constants/theme
2026-05-28T22:41:06.365Z expo:metro:tsconfig-paths @/services/authService -> /Users/timothybarrett/Desktop/:Desktop:LiftFlow/src/services/authService
2026-05-28T22:41:06.365Z expo:metro:tsconfig-paths @/contexts/AuthContext -> /Users/timothybarrett/Desktop/:Desktop:LiftFlow/src/contexts/AuthContext
2026-05-28T22:41:06.366Z expo:metro:tsconfig-paths @/lib/db-mappers -> /Users/timothybarrett/Desktop/:Desktop:LiftFlow/src/lib/db-mappers
2026-05-28T22:41:06.366Z expo:metro:tsconfig-paths @/supabase/client -> /Users/timothybarrett/Desktop/:Desktop:LiftFlow/src/supabase/client
2026-05-28T22:41:06.392Z expo:metro:tsconfig-paths @/components/features/FeaturePlaceholderScreen -> /Users/timothybarrett/Desktop/:Desktop:LiftFlow/src/components/features/FeaturePlaceholderScreen
2026-05-28T22:41:06.392Z expo:metro:tsconfig-paths @/components/ui/AppText -> /Users/timothybarrett/Desktop/:Desktop:LiftFlow/src/components/ui/AppText
2026-05-28T22:41:06.392Z expo:metro:tsconfig-paths @/constants/features -> /Users/timothybarrett/Desktop/:Desktop:LiftFlow/src/constants/features
2026-05-28T22:41:06.392Z expo:metro:tsconfig-paths @/constants/theme -> /Users/timothybarrett/Desktop/:Desktop:LiftFlow/src/constants/theme
2026-05-28T22:41:06.392Z expo:metro:tsconfig-paths @/components/layout/Card -> /Users/timothybarrett/Desktop/:Desktop:LiftFlow/src/components/layout/Card
2026-05-28T22:41:06.392Z expo:metro:tsconfig-paths @/components/layout/PrimaryButton -> /Users/timothybarrett/Desktop/:Desktop:LiftFlow/src/components/layout/PrimaryButton
2026-05-28T22:41:06.392Z expo:metro:tsconfig-paths @/components/layout/ScreenContainer -> /Users/timothybarrett/Desktop/:Desktop:LiftFlow/src/components/layout/ScreenContainer
2026-05-28T22:41:06.392Z expo:metro:tsconfig-paths @/components/ui/AppSymbol -> /Users/timothybarrett/Desktop/:Desktop:LiftFlow/src/components/ui/AppSymbol
2026-05-28T22:41:06.392Z expo:metro:tsconfig-paths @/components/ui/AppText -> /Users/timothybarrett/Desktop/:Desktop:LiftFlow/src/components/ui/AppText
2026-05-28T22:41:06.392Z expo:metro:tsconfig-paths @/constants/features -> /Users/timothybarrett/Desktop/:Desktop:LiftFlow/src/constants/features
2026-05-28T22:41:06.392Z expo:metro:tsconfig-paths @/constants/theme -> /Users/timothybarrett/Desktop/:Desktop:LiftFlow/src/constants/theme
2026-05-28T22:41:06.393Z expo:metro:tsconfig-paths @/constants/theme -> /Users/timothybarrett/Desktop/:Desktop:LiftFlow/src/constants/theme
2026-05-28T22:41:06.393Z expo:metro:tsconfig-paths @/components/auth/AuthFormContainer -> /Users/timothybarrett/Desktop/:Desktop:LiftFlow/src/components/auth/AuthFormContainer
2026-05-28T22:41:06.393Z expo:metro:tsconfig-paths @/components/layout/Card -> /Users/timothybarrett/Desktop/:Desktop:LiftFlow/src/components/layout/Card
2026-05-28T22:41:06.393Z expo:metro:tsconfig-paths @/components/layout/PrimaryButton -> /Users/timothybarrett/Desktop/:Desktop:LiftFlow/src/components/layout/PrimaryButton
2026-05-28T22:41:06.393Z expo:metro:tsconfig-paths @/components/ui/AppText -> /Users/timothybarrett/Desktop/:Desktop:LiftFlow/src/components/ui/AppText
2026-05-28T22:41:06.394Z expo:metro:tsconfig-paths @/components/layout/TextField -> /Users/timothybarrett/Desktop/:Desktop:LiftFlow/src/components/layout/TextField
2026-05-28T22:41:06.394Z expo:metro:tsconfig-paths @/components/ui/AppSymbol -> /Users/timothybarrett/Desktop/:Desktop:LiftFlow/src/components/ui/AppSymbol
2026-05-28T22:41:06.394Z expo:metro:tsconfig-paths @/constants/theme -> /Users/timothybarrett/Desktop/:Desktop:LiftFlow/src/constants/theme
2026-05-28T22:41:06.394Z expo:metro:tsconfig-paths @/components/history/HistoryCard -> /Users/timothybarrett/Desktop/:Desktop:LiftFlow/src/components/history/HistoryCard
2026-05-28T22:41:06.394Z expo:metro:tsconfig-paths @/components/layout/Card -> /Users/timothybarrett/Desktop/:Desktop:LiftFlow/src/components/layout/Card
2026-05-28T22:41:06.394Z expo:metro:tsconfig-paths @/components/layout/ScreenContainer -> /Users/timothybarrett/Desktop/:Desktop:LiftFlow/src/components/layout/ScreenContainer
2026-05-28T22:41:06.394Z expo:metro:tsconfig-paths @/components/layout/SectionHeader -> /Users/timothybarrett/Desktop/:Desktop:LiftFlow/src/components/layout/SectionHeader
2026-05-28T22:41:06.394Z expo:metro:tsconfig-paths @/components/ui/AppText -> /Users/timothybarrett/Desktop/:Desktop:LiftFlow/src/components/ui/AppText
2026-05-28T22:41:06.394Z expo:metro:tsconfig-paths @/utils/placeholders -> /Users/timothybarrett/Desktop/:Desktop:LiftFlow/src/utils/placeholders
2026-05-28T22:41:06.395Z expo:metro:tsconfig-paths @/constants/features -> /Users/timothybarrett/Desktop/:Desktop:LiftFlow/src/constants/features
2026-05-28T22:41:06.395Z expo:metro:tsconfig-paths @/components/layout/Card -> /Users/timothybarrett/Desktop/:Desktop:LiftFlow/src/components/layout/Card
2026-05-28T22:41:06.395Z expo:metro:tsconfig-paths @/components/ui/AppText -> /Users/timothybarrett/Desktop/:Desktop:LiftFlow/src/components/ui/AppText
2026-05-28T22:41:06.395Z expo:metro:tsconfig-paths @/constants/theme -> /Users/timothybarrett/Desktop/:Desktop:LiftFlow/src/constants/theme
2026-05-28T22:41:06.395Z expo:metro:tsconfig-paths @/components/workout/MicrophoneButton -> /Users/timothybarrett/Desktop/:Desktop:LiftFlow/src/components/workout/MicrophoneButton
2026-05-28T22:41:06.395Z expo:metro:tsconfig-paths @/components/workout/QuickCorrectionButtons -> /Users/timothybarrett/Desktop/:Desktop:LiftFlow/src/components/workout/QuickCorrectionButtons
2026-05-28T22:41:06.395Z expo:metro:tsconfig-paths @/components/workout/RestTimerSection -> /Users/timothybarrett/Desktop/:Desktop:LiftFlow/src/components/workout/RestTimerSection
2026-05-28T22:41:06.395Z expo:metro:tsconfig-paths @/components/workout/WorkoutCard -> /Users/timothybarrett/Desktop/:Desktop:LiftFlow/src/components/workout/WorkoutCard
2026-05-28T22:41:06.396Z expo:metro:tsconfig-paths @/components/ui/AppSymbol -> /Users/timothybarrett/Desktop/:Desktop:LiftFlow/src/components/ui/AppSymbol
2026-05-28T22:41:06.396Z expo:metro:tsconfig-paths @/components/ui/AppText -> /Users/timothybarrett/Desktop/:Desktop:LiftFlow/src/components/ui/AppText
2026-05-28T22:41:06.396Z expo:metro:tsconfig-paths @/constants/theme -> /Users/timothybarrett/Desktop/:Desktop:LiftFlow/src/constants/theme
2026-05-28T22:41:06.396Z expo:metro:tsconfig-paths @/components/ui/AppSymbol -> /Users/timothybarrett/Desktop/:Desktop:LiftFlow/src/components/ui/AppSymbol
2026-05-28T22:41:06.396Z expo:metro:tsconfig-paths @/components/layout/Card -> /Users/timothybarrett/Desktop/:Desktop:LiftFlow/src/components/layout/Card
2026-05-28T22:41:06.396Z expo:metro:tsconfig-paths @/components/ui/AppText -> /Users/timothybarrett/Desktop/:Desktop:LiftFlow/src/components/ui/AppText
2026-05-28T22:41:06.396Z expo:metro:tsconfig-paths @/constants/theme -> /Users/timothybarrett/Desktop/:Desktop:LiftFlow/src/constants/theme
2026-05-28T22:41:06.396Z expo:metro:tsconfig-paths @/components/layout/Card -> /Users/timothybarrett/Desktop/:Desktop:LiftFlow/src/components/layout/Card
2026-05-28T22:41:06.396Z expo:metro:tsconfig-paths @/utils/placeholders -> /Users/timothybarrett/Desktop/:Desktop:LiftFlow/src/utils/placeholders
2026-05-28T22:41:06.396Z expo:metro:tsconfig-paths @/components/layout/PrimaryButton -> /Users/timothybarrett/Desktop/:Desktop:LiftFlow/src/components/layout/PrimaryButton
2026-05-28T22:41:06.396Z expo:metro:tsconfig-paths @/components/settings/SettingsRow -> /Users/timothybarrett/Desktop/:Desktop:LiftFlow/src/components/settings/SettingsRow
2026-05-28T22:41:06.396Z expo:metro:tsconfig-paths @/hooks/useAuth -> /Users/timothybarrett/Desktop/:Desktop:LiftFlow/src/hooks/useAuth
2026-05-28T22:41:06.397Z expo:metro:tsconfig-paths @/constants/theme -> /Users/timothybarrett/Desktop/:Desktop:LiftFlow/src/constants/theme
2026-05-28T22:41:06.397Z expo:metro:tsconfig-paths @/state/AppProviders -> /Users/timothybarrett/Desktop/:Desktop:LiftFlow/src/state/AppProviders
2026-05-28T22:41:06.463Z expo:start:server:metro:multi-platform Skipping production module: ./cjs/react-is.production.min.js
2026-05-28T22:41:06.473Z expo:metro:tsconfig-paths @/contexts/AuthContext -> /Users/timothybarrett/Desktop/:Desktop:LiftFlow/src/contexts/AuthContext
2026-05-28T22:41:06.473Z expo:metro:tsconfig-paths @/state/workout/WorkoutSessionContext -> /Users/timothybarrett/Desktop/:Desktop:LiftFlow/src/state/workout/WorkoutSessionContext
2026-05-28T22:41:06.474Z expo:metro:tsconfig-paths @/services/workoutService -> /Users/timothybarrett/Desktop/:Desktop:LiftFlow/src/services/workoutService
2026-05-28T22:41:06.475Z expo:metro:tsconfig-paths @/lib/serviceResult -> /Users/timothybarrett/Desktop/:Desktop:LiftFlow/src/lib/serviceResult
2026-05-28T22:41:06.475Z expo:metro:tsconfig-paths @/hooks/useAuth -> /Users/timothybarrett/Desktop/:Desktop:LiftFlow/src/hooks/useAuth
2026-05-28T22:41:06.732Z expo:metro:withMetroResolvers Custom resolver (requestPostRewrites) threw: FailedToResolveNameError. (module: @react-native-masked-view/masked-view, platform: ios, env: undefined, origin: /Users/timothybarrett/Desktop/:Desktop:LiftFlow/node_modules/@react-navigation/elements/lib/module/MaskedViewNative.js)
2026-05-28T22:41:06.732Z expo:metro:withMetroResolvers Custom resolver (requestPostRewrites) threw: FailedToResolveNameError. (module: @react-native-masked-view/masked-view, platform: ios, env: undefined, origin: /Users/timothybarrett/Desktop/:Desktop:LiftFlow/node_modules/@react-navigation/elements/lib/module/MaskedViewNative.js)
2026-05-28T22:41:06.751Z expo:metro:withMetroResolvers Number of explored stacks: 2
2026-05-28T22:41:06.752Z expo:metro:withMetroResolvers Found inverse graph: {
  "frames": [
    {
      "origin": "/Users/timothybarrett/Desktop/:Desktop:LiftFlow/node_modules/@react-navigation/elements/lib/module/MaskedViewNative.js",
      "request": "@react-native-masked-view/masked-view"
    },
    {
      "origin": "/Users/timothybarrett/Desktop/:Desktop:LiftFlow/node_modules/@react-navigation/elements/lib/module/MaskedView.ios.js",
      "request": "./MaskedViewNative.js"
    },
    {
      "origin": "/Users/timothybarrett/Desktop/:Desktop:LiftFlow/node_modules/@react-navigation/elements/lib/module/Header/HeaderBackButton.js",
      "request": "../MaskedView"
    },
    {
      "origin": "/Users/timothybarrett/Desktop/:Desktop:LiftFlow/node_modules/@react-navigation/elements/lib/module/index.js",
      "request": "./Header/HeaderBackButton.js"
    },
    {
      "origin": "/Users/timothybarrett/Desktop/:Desktop:LiftFlow/node_modules/@react-navigation/bottom-tabs/lib/module/views/BottomTabView.js",
      "request": "@react-navigation/elements"
    },
    {
      "origin": "/Users/timothybarrett/Desktop/:Desktop:LiftFlow/node_modules/@react-navigation/bottom-tabs/lib/module/index.js",
      "request": "./views/BottomTabView.js"
    },
    {
      "origin": "/Users/timothybarrett/Desktop/:Desktop:LiftFlow/node_modules/expo-router/build/views/ErrorBoundary.js",
      "request": "@react-navigation/bottom-tabs"
    },
    {
      "origin": "/Users/timothybarrett/Desktop/:Desktop:LiftFlow/node_modules/expo-router/build/exports.js",
      "request": "./views/ErrorBoundary"
    },
    {
      "origin": "/Users/timothybarrett/Desktop/:Desktop:LiftFlow/node_modules/expo-router/build/index.js",
      "request": "./exports"
    },
    {
      "origin": "/Users/timothybarrett/Desktop/:Desktop:LiftFlow/src/app/(auth)/login.tsx",
      "request": "expo-router"
    },
    {
      "origin": "/Users/timothybarrett/Desktop/:Desktop:LiftFlow/src/app?ctx=3ab07f305c4346b25020dd398f4d6d4dc9229acb",
      "request": "/Users/timothybarrett/Desktop/:Desktop:LiftFlow/src/app/(auth)/login.tsx"
    }
  ],
  "serverRoot": true
}
2026-05-28T22:41:06.972Z expo:start:server:metro:multi-platform Skipping production module: ./cjs/react.production.js
2026-05-28T22:41:06.976Z expo:start:server:metro:multi-platform Skipping production module: ./cjs/react-jsx-dev-runtime.production.js
2026-05-28T22:41:06.977Z expo:start:server:metro:multi-platform Skipping production module: ../implementations/ReactFabric-prod
2026-05-28T22:41:06.993Z expo:start:server:metro:multi-platform Skipping production module: ./cjs/scheduler.native.production.js
2026-05-28T22:41:06.994Z expo:start:server:metro:multi-platform Skipping production module: ../implementations/ReactNativeRenderer-prod
2026-05-28T22:41:06.999Z expo:start:server:metro:multi-platform Skipping production module: ./cjs/react-is.production.min.js
2026-05-28T22:41:07.025Z expo:start:server:metro:multi-platform Skipping production module: ./cjs/react-refresh-runtime.production.min.js
2026-05-28T22:41:07.116Z expo:metro:tsconfig-paths @/constants/theme -> /Users/timothybarrett/Desktop/:Desktop:LiftFlow/src/constants/theme
2026-05-28T22:41:07.122Z expo:start:server:metro:multi-platform Skipping production module: ./cjs/react-jsx-runtime.production.js
2026-05-28T22:41:07.126Z expo:start:server:metro:multi-platform Skipping production module: ./cjs/react-is.production.js
2026-05-28T22:41:07.143Z expo:metro:withMetroResolvers Custom resolver (requestPostRewrites) threw: FailedToResolveNameError. (module: @react-native-masked-view/masked-view, platform: ios, env: undefined, origin: /Users/timothybarrett/Desktop/:Desktop:LiftFlow/node_modules/@react-navigation/elements/lib/module/MaskedViewNative.js)
2026-05-28T22:41:07.143Z expo:metro:withMetroResolvers Custom resolver (requestPostRewrites) threw: FailedToResolveNameError. (module: @react-native-masked-view/masked-view, platform: ios, env: undefined, origin: /Users/timothybarrett/Desktop/:Desktop:LiftFlow/node_modules/@react-navigation/elements/lib/module/MaskedViewNative.js)
2026-05-28T22:41:07.168Z expo:metro:withMetroResolvers Number of explored stacks: 2
2026-05-28T22:41:07.168Z expo:metro:withMetroResolvers Found inverse graph: {
  "frames": [
    {
      "origin": "/Users/timothybarrett/Desktop/:Desktop:LiftFlow/node_modules/@react-navigation/elements/lib/module/MaskedViewNative.js",
      "request": "@react-native-masked-view/masked-view"
    },
    {
      "origin": "/Users/timothybarrett/Desktop/:Desktop:LiftFlow/node_modules/@react-navigation/elements/lib/module/MaskedView.ios.js",
      "request": "./MaskedViewNative.js"
    },
    {
      "origin": "/Users/timothybarrett/Desktop/:Desktop:LiftFlow/node_modules/@react-navigation/elements/lib/module/Header/HeaderBackButton.js",
      "request": "../MaskedView"
    },
    {
      "origin": "/Users/timothybarrett/Desktop/:Desktop:LiftFlow/node_modules/@react-navigation/elements/lib/module/index.js",
      "request": "./Header/HeaderBackButton.js"
    },
    {
      "origin": "/Users/timothybarrett/Desktop/:Desktop:LiftFlow/node_modules/@react-navigation/bottom-tabs/lib/module/views/BottomTabView.js",
      "request": "@react-navigation/elements"
    },
    {
      "origin": "/Users/timothybarrett/Desktop/:Desktop:LiftFlow/node_modules/@react-navigation/bottom-tabs/lib/module/index.js",
      "request": "./views/BottomTabView.js"
    },
    {
      "origin": "/Users/timothybarrett/Desktop/:Desktop:LiftFlow/node_modules/expo-router/build/views/ErrorBoundary.js",
      "request": "@react-navigation/bottom-tabs"
    },
    {
      "origin": "/Users/timothybarrett/Desktop/:Desktop:LiftFlow/node_modules/expo-router/build/exports.js",
      "request": "./views/ErrorBoundary"
    },
    {
      "origin": "/Users/timothybarrett/Desktop/:Desktop:LiftFlow/node_modules/expo-router/build/index.js",
      "request": "./exports"
    },
    {
      "origin": "/Users/timothybarrett/Desktop/:Desktop:LiftFlow/src/app/(auth)/login.tsx",
      "request": "expo-router"
    },
    {
      "origin": "/Users/timothybarrett/Desktop/:Desktop:LiftFlow/src/app?ctx=3ab07f305c4346b25020dd398f4d6d4dc9229acb",
      "request": "/Users/timothybarrett/Desktop/:Desktop:LiftFlow/src/app/(auth)/login.tsx"
    }
  ],
  "serverRoot": true
}
2026-05-28T22:41:07.203Z expo:metro:tsconfig-paths @/components/auth/AuthFormContainer -> /Users/timothybarrett/Desktop/:Desktop:LiftFlow/src/components/auth/AuthFormContainer
2026-05-28T22:41:07.204Z expo:metro:tsconfig-paths @/components/layout/PrimaryButton -> /Users/timothybarrett/Desktop/:Desktop:LiftFlow/src/components/layout/PrimaryButton
2026-05-28T22:41:07.204Z expo:metro:tsconfig-paths @/components/layout/TextField -> /Users/timothybarrett/Desktop/:Desktop:LiftFlow/src/components/layout/TextField
2026-05-28T22:41:07.204Z expo:metro:tsconfig-paths @/components/ui/AppSymbol -> /Users/timothybarrett/Desktop/:Desktop:LiftFlow/src/components/ui/AppSymbol
2026-05-28T22:41:07.204Z expo:metro:tsconfig-paths @/components/ui/AppText -> /Users/timothybarrett/Desktop/:Desktop:LiftFlow/src/components/ui/AppText
2026-05-28T22:41:07.204Z expo:metro:tsconfig-paths @/hooks/useAuth -> /Users/timothybarrett/Desktop/:Desktop:LiftFlow/src/hooks/useAuth
2026-05-28T22:41:07.204Z expo:metro:tsconfig-paths @/components/ui/AppText -> /Users/timothybarrett/Desktop/:Desktop:LiftFlow/src/components/ui/AppText
2026-05-28T22:41:07.204Z expo:metro:tsconfig-paths @/constants/theme -> /Users/timothybarrett/Desktop/:Desktop:LiftFlow/src/constants/theme
2026-05-28T22:41:07.204Z expo:metro:tsconfig-paths @/components/ui/AppText -> /Users/timothybarrett/Desktop/:Desktop:LiftFlow/src/components/ui/AppText
2026-05-28T22:41:07.204Z expo:metro:tsconfig-paths @/constants/theme -> /Users/timothybarrett/Desktop/:Desktop:LiftFlow/src/constants/theme
2026-05-28T22:41:07.205Z expo:metro:tsconfig-paths @/constants/theme -> /Users/timothybarrett/Desktop/:Desktop:LiftFlow/src/constants/theme
2026-05-28T22:41:07.206Z expo:metro:tsconfig-paths @/lib/db-mappers -> /Users/timothybarrett/Desktop/:Desktop:LiftFlow/src/lib/db-mappers
2026-05-28T22:41:07.206Z expo:metro:tsconfig-paths @/supabase/client -> /Users/timothybarrett/Desktop/:Desktop:LiftFlow/src/supabase/client
2026-05-28T22:41:07.206Z expo:metro:tsconfig-paths @/services/authService -> /Users/timothybarrett/Desktop/:Desktop:LiftFlow/src/services/authService
2026-05-28T22:41:07.207Z expo:metro:tsconfig-paths @/contexts/AuthContext -> /Users/timothybarrett/Desktop/:Desktop:LiftFlow/src/contexts/AuthContext
2026-05-28T22:41:07.230Z expo:metro:tsconfig-paths @/components/features/FeaturePlaceholderScreen -> /Users/timothybarrett/Desktop/:Desktop:LiftFlow/src/components/features/FeaturePlaceholderScreen
2026-05-28T22:41:07.230Z expo:metro:tsconfig-paths @/components/ui/AppText -> /Users/timothybarrett/Desktop/:Desktop:LiftFlow/src/components/ui/AppText
2026-05-28T22:41:07.230Z expo:metro:tsconfig-paths @/constants/features -> /Users/timothybarrett/Desktop/:Desktop:LiftFlow/src/constants/features
2026-05-28T22:41:07.230Z expo:metro:tsconfig-paths @/constants/theme -> /Users/timothybarrett/Desktop/:Desktop:LiftFlow/src/constants/theme
2026-05-28T22:41:07.231Z expo:metro:tsconfig-paths @/components/layout/Card -> /Users/timothybarrett/Desktop/:Desktop:LiftFlow/src/components/layout/Card
2026-05-28T22:41:07.231Z expo:metro:tsconfig-paths @/components/layout/PrimaryButton -> /Users/timothybarrett/Desktop/:Desktop:LiftFlow/src/components/layout/PrimaryButton
2026-05-28T22:41:07.231Z expo:metro:tsconfig-paths @/components/layout/ScreenContainer -> /Users/timothybarrett/Desktop/:Desktop:LiftFlow/src/components/layout/ScreenContainer
2026-05-28T22:41:07.231Z expo:metro:tsconfig-paths @/components/ui/AppSymbol -> /Users/timothybarrett/Desktop/:Desktop:LiftFlow/src/components/ui/AppSymbol
2026-05-28T22:41:07.231Z expo:metro:tsconfig-paths @/components/ui/AppText -> /Users/timothybarrett/Desktop/:Desktop:LiftFlow/src/components/ui/AppText
2026-05-28T22:41:07.231Z expo:metro:tsconfig-paths @/constants/features -> /Users/timothybarrett/Desktop/:Desktop:LiftFlow/src/constants/features
2026-05-28T22:41:07.231Z expo:metro:tsconfig-paths @/constants/theme -> /Users/timothybarrett/Desktop/:Desktop:LiftFlow/src/constants/theme
2026-05-28T22:41:07.232Z expo:metro:tsconfig-paths @/components/layout/Card -> /Users/timothybarrett/Desktop/:Desktop:LiftFlow/src/components/layout/Card
2026-05-28T22:41:07.232Z expo:metro:tsconfig-paths @/components/layout/ScreenContainer -> /Users/timothybarrett/Desktop/:Desktop:LiftFlow/src/components/layout/ScreenContainer
2026-05-28T22:41:07.232Z expo:metro:tsconfig-paths @/components/layout/SectionHeader -> /Users/timothybarrett/Desktop/:Desktop:LiftFlow/src/components/layout/SectionHeader
2026-05-28T22:41:07.232Z expo:metro:tsconfig-paths @/components/ui/AppSymbol -> /Users/timothybarrett/Desktop/:Desktop:LiftFlow/src/components/ui/AppSymbol
2026-05-28T22:41:07.232Z expo:metro:tsconfig-paths @/components/ui/AppText -> /Users/timothybarrett/Desktop/:Desktop:LiftFlow/src/components/ui/AppText
2026-05-28T22:41:07.232Z expo:metro:tsconfig-paths @/constants/features -> /Users/timothybarrett/Desktop/:Desktop:LiftFlow/src/constants/features
2026-05-28T22:41:07.232Z expo:metro:tsconfig-paths @/constants/theme -> /Users/timothybarrett/Desktop/:Desktop:LiftFlow/src/constants/theme
2026-05-28T22:41:07.232Z expo:metro:tsconfig-paths @/components/auth/AuthFormContainer -> /Users/timothybarrett/Desktop/:Desktop:LiftFlow/src/components/auth/AuthFormContainer
2026-05-28T22:41:07.232Z expo:metro:tsconfig-paths @/components/layout/PrimaryButton -> /Users/timothybarrett/Desktop/:Desktop:LiftFlow/src/components/layout/PrimaryButton
2026-05-28T22:41:07.232Z expo:metro:tsconfig-paths @/components/layout/TextField -> /Users/timothybarrett/Desktop/:Desktop:LiftFlow/src/components/layout/TextField
2026-05-28T22:41:07.232Z expo:metro:tsconfig-paths @/components/ui/AppText -> /Users/timothybarrett/Desktop/:Desktop:LiftFlow/src/components/ui/AppText
2026-05-28T22:41:07.233Z expo:metro:tsconfig-paths @/components/history/HistoryCard -> /Users/timothybarrett/Desktop/:Desktop:LiftFlow/src/components/history/HistoryCard
2026-05-28T22:41:07.233Z expo:metro:tsconfig-paths @/utils/placeholders -> /Users/timothybarrett/Desktop/:Desktop:LiftFlow/src/utils/placeholders
2026-05-28T22:41:07.233Z expo:metro:tsconfig-paths @/components/layout/Card -> /Users/timothybarrett/Desktop/:Desktop:LiftFlow/src/components/layout/Card
2026-05-28T22:41:07.233Z expo:metro:tsconfig-paths @/constants/theme -> /Users/timothybarrett/Desktop/:Desktop:LiftFlow/src/constants/theme
2026-05-28T22:41:07.233Z expo:metro:tsconfig-paths @/components/layout/Card -> /Users/timothybarrett/Desktop/:Desktop:LiftFlow/src/components/layout/Card
2026-05-28T22:41:07.233Z expo:metro:tsconfig-paths @/components/ui/AppText -> /Users/timothybarrett/Desktop/:Desktop:LiftFlow/src/components/ui/AppText
2026-05-28T22:41:07.233Z expo:metro:tsconfig-paths @/constants/theme -> /Users/timothybarrett/Desktop/:Desktop:LiftFlow/src/constants/theme
2026-05-28T22:41:07.234Z expo:metro:tsconfig-paths @/components/ui/AppSymbol -> /Users/timothybarrett/Desktop/:Desktop:LiftFlow/src/components/ui/AppSymbol
2026-05-28T22:41:07.234Z expo:metro:tsconfig-paths @/components/layout/Card -> /Users/timothybarrett/Desktop/:Desktop:LiftFlow/src/components/layout/Card
2026-05-28T22:41:07.234Z expo:metro:tsconfig-paths @/components/ui/AppText -> /Users/timothybarrett/Desktop/:Desktop:LiftFlow/src/components/ui/AppText
2026-05-28T22:41:07.234Z expo:metro:tsconfig-paths @/constants/theme -> /Users/timothybarrett/Desktop/:Desktop:LiftFlow/src/constants/theme
2026-05-28T22:41:07.234Z expo:metro:tsconfig-paths @/components/workout/MicrophoneButton -> /Users/timothybarrett/Desktop/:Desktop:LiftFlow/src/components/workout/MicrophoneButton
2026-05-28T22:41:07.234Z expo:metro:tsconfig-paths @/components/workout/QuickCorrectionButtons -> /Users/timothybarrett/Desktop/:Desktop:LiftFlow/src/components/workout/QuickCorrectionButtons
2026-05-28T22:41:07.234Z expo:metro:tsconfig-paths @/components/workout/RestTimerSection -> /Users/timothybarrett/Desktop/:Desktop:LiftFlow/src/components/workout/RestTimerSection
2026-05-28T22:41:07.234Z expo:metro:tsconfig-paths @/components/workout/WorkoutCard -> /Users/timothybarrett/Desktop/:Desktop:LiftFlow/src/components/workout/WorkoutCard
2026-05-28T22:41:07.234Z expo:metro:tsconfig-paths @/components/ui/AppText -> /Users/timothybarrett/Desktop/:Desktop:LiftFlow/src/components/ui/AppText
2026-05-28T22:41:07.234Z expo:metro:tsconfig-paths @/constants/theme -> /Users/timothybarrett/Desktop/:Desktop:LiftFlow/src/constants/theme
2026-05-28T22:41:07.234Z expo:metro:tsconfig-paths @/utils/placeholders -> /Users/timothybarrett/Desktop/:Desktop:LiftFlow/src/utils/placeholders
2026-05-28T22:41:07.234Z expo:metro:tsconfig-paths @/components/layout/Card -> /Users/timothybarrett/Desktop/:Desktop:LiftFlow/src/components/layout/Card
2026-05-28T22:41:07.235Z expo:metro:tsconfig-paths @/constants/theme -> /Users/timothybarrett/Desktop/:Desktop:LiftFlow/src/constants/theme
2026-05-28T22:41:07.235Z expo:metro:tsconfig-paths @/state/AppProviders -> /Users/timothybarrett/Desktop/:Desktop:LiftFlow/src/state/AppProviders
2026-05-28T22:41:07.241Z expo:metro:tsconfig-paths @/components/ui/AppSymbol -> /Users/timothybarrett/Desktop/:Desktop:LiftFlow/src/components/ui/AppSymbol
2026-05-28T22:41:07.243Z expo:metro:tsconfig-paths @/components/layout/PrimaryButton -> /Users/timothybarrett/Desktop/:Desktop:LiftFlow/src/components/layout/PrimaryButton
2026-05-28T22:41:07.243Z expo:metro:tsconfig-paths @/components/settings/SettingsRow -> /Users/timothybarrett/Desktop/:Desktop:LiftFlow/src/components/settings/SettingsRow
2026-05-28T22:41:07.243Z expo:metro:tsconfig-paths @/hooks/useAuth -> /Users/timothybarrett/Desktop/:Desktop:LiftFlow/src/hooks/useAuth
2026-05-28T22:41:07.302Z expo:start:server:metro:multi-platform Skipping production module: ./cjs/react-is.production.min.js
2026-05-28T22:41:07.312Z expo:metro:tsconfig-paths @/services/workoutService -> /Users/timothybarrett/Desktop/:Desktop:LiftFlow/src/services/workoutService
2026-05-28T22:41:07.313Z expo:metro:tsconfig-paths @/contexts/AuthContext -> /Users/timothybarrett/Desktop/:Desktop:LiftFlow/src/contexts/AuthContext
2026-05-28T22:41:07.313Z expo:metro:tsconfig-paths @/state/workout/WorkoutSessionContext -> /Users/timothybarrett/Desktop/:Desktop:LiftFlow/src/state/workout/WorkoutSessionContext
2026-05-28T22:41:07.313Z expo:metro:tsconfig-paths @/hooks/useAuth -> /Users/timothybarrett/Desktop/:Desktop:LiftFlow/src/hooks/useAuth
2026-05-28T22:41:07.316Z expo:metro:tsconfig-paths @/lib/serviceResult -> /Users/timothybarrett/Desktop/:Desktop:LiftFlow/src/lib/serviceResult
2026-05-28T22:41:12.519Z expo:start:server:metro:metroWatchTypeScriptFiles Detected TypeScript file changed in the project:  /Users/timothybarrett/Desktop/:Desktop:LiftFlow/backend/src/lib/supabase.ts
2026-05-28T22:41:12.520Z expo:start:server:metro:metroWatchTypeScriptFiles Detected TypeScript file changed in the project:  /Users/timothybarrett/Desktop/:Desktop:LiftFlow/backend/src/lib/openai.ts
2026-05-28T22:41:14.364Z expo:start:server:metro:metroWatchTypeScriptFiles Detected TypeScript file changed in the project:  /Users/timothybarrett/Desktop/:Desktop:LiftFlow/backend/src/lib/voiceParser.ts
2026-05-28T22:41:22.851Z expo:start:server:metro:metroWatchTypeScriptFiles Detected TypeScript file changed in the project:  /Users/timothybarrett/Desktop/:Desktop:LiftFlow/backend/src/lib/aiCoach.ts
2026-05-28T22:41:28.203Z expo:start:server:metro:metroWatchTypeScriptFiles Detected TypeScript file changed in the project:  /Users/timothybarrett/Desktop/:Desktop:LiftFlow/backend/src/lib/pdfExport.ts
2026-05-28T22:41:30.062Z expo:start:server:metro:metroWatchTypeScriptFiles Detected TypeScript file changed in the project:  /Users/timothybarrett/Desktop/:Desktop:LiftFlow/backend/src/lib/aiCoach.ts
2026-05-28T22:41:30.930Z expo:start:server:metro:metroWatchTypeScriptFiles Detected TypeScript file changed in the project:  /Users/timothybarrett/Desktop/:Desktop:LiftFlow/backend/src/routes/voice.ts
2026-05-28T22:41:34.356Z expo:start:server:metro:metroWatchTypeScriptFiles Detected TypeScript file changed in the project:  /Users/timothybarrett/Desktop/:Desktop:LiftFlow/backend/src/routes/ai.ts
2026-05-28T22:41:35.631Z expo:start:server:metro:metroWatchTypeScriptFiles Detected TypeScript file changed in the project:  /Users/timothybarrett/Desktop/:Desktop:LiftFlow/backend/src/routes/export.ts
2026-05-28T22:41:39.865Z expo:start:server:metro:metroWatchTypeScriptFiles Detected TypeScript file changed in the project:  /Users/timothybarrett/Desktop/:Desktop:LiftFlow/backend/src/routes/body.ts
2026-05-28T22:41:43.277Z expo:start:server:metro:metroWatchTypeScriptFiles Detected TypeScript file changed in the project:  /Users/timothybarrett/Desktop/:Desktop:LiftFlow/backend/src/routes/training.ts
2026-05-28T22:41:44.297Z expo:start:server:metro:metroWatchTypeScriptFiles Detected TypeScript file changed in the project:  /Users/timothybarrett/Desktop/:Desktop:LiftFlow/backend/src/routes/nutrition.ts
2026-05-28T22:41:44.635Z expo:start:server:metro:metroWatchTypeScriptFiles Detected TypeScript file changed in the project:  /Users/timothybarrett/Desktop/:Desktop:LiftFlow/src/api/client.ts
2026-05-28T22:41:45.344Z expo:start:server:metro:metroWatchTypeScriptFiles Detected TypeScript file changed in the project:  /Users/timothybarrett/Desktop/:Desktop:LiftFlow/src/api/client.ts
2026-05-28T22:41:45.714Z expo:start:server:metro:metroWatchTypeScriptFiles Detected TypeScript file changed in the project:  /Users/timothybarrett/Desktop/:Desktop:LiftFlow/src/api/client.ts
2026-05-28T22:41:47.385Z expo:start:server:metro:metroWatchTypeScriptFiles Detected TypeScript file changed in the project:  /Users/timothybarrett/Desktop/:Desktop:LiftFlow/src/services/aiService.ts
2026-05-28T22:41:47.725Z expo:start:server:metro:metroWatchTypeScriptFiles Detected TypeScript file changed in the project:  /Users/timothybarrett/Desktop/:Desktop:LiftFlow/src/services/aiService.ts
2026-05-28T22:41:47.972Z expo:start:server:metro:metroWatchTypeScriptFiles Detected TypeScript file changed in the project:  /Users/timothybarrett/Desktop/:Desktop:LiftFlow/src/services/nutritionService.ts
2026-05-28T22:41:49.210Z expo:start:server:metro:metroWatchTypeScriptFiles Detected TypeScript file changed in the project:  /Users/timothybarrett/Desktop/:Desktop:LiftFlow/src/services/bodyService.ts
2026-05-28T22:41:49.521Z expo:start:server:metro:metroWatchTypeScriptFiles Detected TypeScript file changed in the project:  /Users/timothybarrett/Desktop/:Desktop:LiftFlow/src/services/bodyService.ts
2026-05-28T22:41:52.630Z expo:start:server:metro:metroWatchTypeScriptFiles Detected TypeScript file changed in the project:  /Users/timothybarrett/Desktop/:Desktop:LiftFlow/src/services/bodyService.ts
2026-05-28T22:41:53.064Z expo:start:server:metro:metroWatchTypeScriptFiles Detected TypeScript file changed in the project:  /Users/timothybarrett/Desktop/:Desktop:LiftFlow/src/api/client.ts
2026-05-28T22:41:53.464Z expo:start:server:metro:metroWatchTypeScriptFiles Detected TypeScript file changed in the project:  /Users/timothybarrett/Desktop/:Desktop:LiftFlow/src/api/client.ts
2026-05-28T22:41:53.867Z expo:start:server:metro:metroWatchTypeScriptFiles Detected TypeScript file changed in the project:  /Users/timothybarrett/Desktop/:Desktop:LiftFlow/src/api/client.ts
2026-05-28T22:41:54.208Z expo:start:server:metro:metroWatchTypeScriptFiles Detected TypeScript file changed in the project:  /Users/timothybarrett/Desktop/:Desktop:LiftFlow/src/services/aiService.ts
2026-05-28T22:41:56.314Z expo:start:server:metro:metroWatchTypeScriptFiles Detected TypeScript file changed in the project:  /Users/timothybarrett/Desktop/:Desktop:LiftFlow/src/contexts/AuthContext.tsx
2026-05-28T22:41:56.389Z expo:metro:tsconfig-paths @/services/authService -> /Users/timothybarrett/Desktop/:Desktop:LiftFlow/src/services/authService
2026-05-28T22:42:03.006Z expo:start:server:metro:metroWatchTypeScriptFiles Detected TypeScript file changed in the project:  /Users/timothybarrett/Desktop/:Desktop:LiftFlow/src/hooks/useVoiceLogging.ts
2026-05-28T22:42:05.331Z expo:start:server:metro:metroWatchTypeScriptFiles Detected TypeScript file changed in the project:  /Users/timothybarrett/Desktop/:Desktop:LiftFlow/src/components/workout/VoiceConfirmModal.tsx
2026-05-28T22:42:10.622Z expo:start:server:metro:metroWatchTypeScriptFiles Detected TypeScript file changed in the project:  /Users/timothybarrett/Desktop/:Desktop:LiftFlow/src/app/(tabs)/dashboard.tsx
| 2026-05-28T22:42:10.681Z expo:babel:exports Found assignment to module.exports or exports at 36
2026-05-28T22:42:10.725Z expo:metro:tsconfig-paths @/components/history/HistoryCard -> /Users/timothybarrett/Desktop/:Desktop:LiftFlow/src/components/history/HistoryCard
2026-05-28T22:42:10.725Z expo:metro:tsconfig-paths @/components/layout/Card -> /Users/timothybarrett/Desktop/:Desktop:LiftFlow/src/components/layout/Card
2026-05-28T22:42:10.725Z expo:metro:tsconfig-paths @/components/layout/PrimaryButton -> /Users/timothybarrett/Desktop/:Desktop:LiftFlow/src/components/layout/PrimaryButton
2026-05-28T22:42:10.725Z expo:metro:tsconfig-paths @/components/layout/ScreenContainer -> /Users/timothybarrett/Desktop/:Desktop:LiftFlow/src/components/layout/ScreenContainer
2026-05-28T22:42:10.725Z expo:metro:tsconfig-paths @/components/layout/SectionHeader -> /Users/timothybarrett/Desktop/:Desktop:LiftFlow/src/components/layout/SectionHeader
2026-05-28T22:42:10.725Z expo:metro:tsconfig-paths @/components/ui/AppText -> /Users/timothybarrett/Desktop/:Desktop:LiftFlow/src/components/ui/AppText
2026-05-28T22:42:10.725Z expo:metro:tsconfig-paths @/constants/theme -> /Users/timothybarrett/Desktop/:Desktop:LiftFlow/src/constants/theme
2026-05-28T22:42:10.725Z expo:metro:tsconfig-paths @/hooks/useAuth -> /Users/timothybarrett/Desktop/:Desktop:LiftFlow/src/hooks/useAuth
2026-05-28T22:42:10.725Z expo:metro:tsconfig-paths @/services/analyticsService -> /Users/timothybarrett/Desktop/:Desktop:LiftFlow/src/services/analyticsService
2026-05-28T22:42:10.726Z expo:metro:tsconfig-paths @/services/aiService -> /Users/timothybarrett/Desktop/:Desktop:LiftFlow/src/services/aiService
| 2026-05-28T22:42:10.748Z expo:babel:env-vars Referencing environment variable in /Users/timothybarrett/Desktop/:Desktop:LiftFlow/src/services/aiService.ts: EXPO_PUBLIC_API_URL
2026-05-28T22:42:10.760Z expo:metro:tsconfig-paths @/lib/serviceResult -> /Users/timothybarrett/Desktop/:Desktop:LiftFlow/src/lib/serviceResult
2026-05-28T22:42:10.760Z expo:metro:tsconfig-paths @/api/client -> /Users/timothybarrett/Desktop/:Desktop:LiftFlow/src/api/client
2026-05-28T22:42:10.760Z expo:metro:tsconfig-paths @/supabase/client -> /Users/timothybarrett/Desktop/:Desktop:LiftFlow/src/supabase/client
2026-05-28T22:42:10.761Z expo:metro:tsconfig-paths @/lib/db-mappers -> /Users/timothybarrett/Desktop/:Desktop:LiftFlow/src/lib/db-mappers
| 2026-05-28T22:42:10.769Z expo:babel:env-vars Referencing environment variable in /Users/timothybarrett/Desktop/:Desktop:LiftFlow/src/api/client.ts: EXPO_PUBLIC_API_URL
2026-05-28T22:42:16.738Z expo:start:server:metro:metroWatchTypeScriptFiles Detected TypeScript file changed in the project:  /Users/timothybarrett/Desktop/:Desktop:LiftFlow/src/app/(tabs)/nutrition.tsx
| 2026-05-28T22:42:16.794Z expo:babel:exports Found assignment to module.exports or exports at 37
2026-05-28T22:42:16.841Z expo:metro:tsconfig-paths @/components/layout/Card -> /Users/timothybarrett/Desktop/:Desktop:LiftFlow/src/components/layout/Card
2026-05-28T22:42:16.841Z expo:metro:tsconfig-paths @/components/layout/PrimaryButton -> /Users/timothybarrett/Desktop/:Desktop:LiftFlow/src/components/layout/PrimaryButton
2026-05-28T22:42:16.841Z expo:metro:tsconfig-paths @/components/layout/ScreenContainer -> /Users/timothybarrett/Desktop/:Desktop:LiftFlow/src/components/layout/ScreenContainer
2026-05-28T22:42:16.841Z expo:metro:tsconfig-paths @/components/layout/SectionHeader -> /Users/timothybarrett/Desktop/:Desktop:LiftFlow/src/components/layout/SectionHeader
2026-05-28T22:42:16.841Z expo:metro:tsconfig-paths @/components/ui/AppText -> /Users/timothybarrett/Desktop/:Desktop:LiftFlow/src/components/ui/AppText
2026-05-28T22:42:16.841Z expo:metro:tsconfig-paths @/constants/theme -> /Users/timothybarrett/Desktop/:Desktop:LiftFlow/src/constants/theme
2026-05-28T22:42:16.841Z expo:metro:tsconfig-paths @/hooks/useAuth -> /Users/timothybarrett/Desktop/:Desktop:LiftFlow/src/hooks/useAuth
2026-05-28T22:42:16.841Z expo:metro:tsconfig-paths @/services/nutritionService -> /Users/timothybarrett/Desktop/:Desktop:LiftFlow/src/services/nutritionService
2026-05-28T22:42:16.875Z expo:metro:tsconfig-paths @/lib/db-mappers -> /Users/timothybarrett/Desktop/:Desktop:LiftFlow/src/lib/db-mappers
2026-05-28T22:42:16.875Z expo:metro:tsconfig-paths @/lib/serviceResult -> /Users/timothybarrett/Desktop/:Desktop:LiftFlow/src/lib/serviceResult
2026-05-28T22:42:16.875Z expo:metro:tsconfig-paths @/supabase/client -> /Users/timothybarrett/Desktop/:Desktop:LiftFlow/src/supabase/client
2026-05-28T22:42:16.875Z expo:metro:tsconfig-paths @/api/client -> /Users/timothybarrett/Desktop/:Desktop:LiftFlow/src/api/client
2026-05-28T22:42:25.264Z expo:start:server:metro:metroWatchTypeScriptFiles Detected TypeScript file changed in the project:  /Users/timothybarrett/Desktop/:Desktop:LiftFlow/src/app/(tabs)/progress.tsx
| 2026-05-28T22:42:25.319Z expo:babel:exports Found assignment to module.exports or exports at 38
2026-05-28T22:42:25.376Z expo:metro:tsconfig-paths @/components/layout/Card -> /Users/timothybarrett/Desktop/:Desktop:LiftFlow/src/components/layout/Card
2026-05-28T22:42:25.376Z expo:metro:tsconfig-paths @/components/layout/PrimaryButton -> /Users/timothybarrett/Desktop/:Desktop:LiftFlow/src/components/layout/PrimaryButton
2026-05-28T22:42:25.376Z expo:metro:tsconfig-paths @/components/layout/ScreenContainer -> /Users/timothybarrett/Desktop/:Desktop:LiftFlow/src/components/layout/ScreenContainer
2026-05-28T22:42:25.376Z expo:metro:tsconfig-paths @/components/layout/SectionHeader -> /Users/timothybarrett/Desktop/:Desktop:LiftFlow/src/components/layout/SectionHeader
2026-05-28T22:42:25.376Z expo:metro:tsconfig-paths @/components/ui/AppText -> /Users/timothybarrett/Desktop/:Desktop:LiftFlow/src/components/ui/AppText
2026-05-28T22:42:25.376Z expo:metro:tsconfig-paths @/constants/theme -> /Users/timothybarrett/Desktop/:Desktop:LiftFlow/src/constants/theme
2026-05-28T22:42:25.376Z expo:metro:tsconfig-paths @/hooks/useAuth -> /Users/timothybarrett/Desktop/:Desktop:LiftFlow/src/hooks/useAuth
2026-05-28T22:42:25.376Z expo:metro:tsconfig-paths @/services/bodyService -> /Users/timothybarrett/Desktop/:Desktop:LiftFlow/src/services/bodyService
| 2026-05-28T22:42:25.393Z expo:babel:env-vars Referencing environment variable in /Users/timothybarrett/Desktop/:Desktop:LiftFlow/src/services/bodyService.ts: EXPO_PUBLIC_API_URL
2026-05-28T22:42:25.406Z expo:metro:tsconfig-paths @/lib/db-mappers -> /Users/timothybarrett/Desktop/:Desktop:LiftFlow/src/lib/db-mappers
2026-05-28T22:42:25.406Z expo:metro:tsconfig-paths @/lib/serviceResult -> /Users/timothybarrett/Desktop/:Desktop:LiftFlow/src/lib/serviceResult
2026-05-28T22:42:25.406Z expo:metro:tsconfig-paths @/supabase/client -> /Users/timothybarrett/Desktop/:Desktop:LiftFlow/src/supabase/client
| 2026-05-28T22:42:25.394Z expo:babel:env-vars Referencing environment variable in /Users/timothybarrett/Desktop/:Desktop:LiftFlow/src/services/bodyService.ts: EXPO_PUBLIC_API_URL
2026-05-28T22:42:28.237Z expo:start:server:metro:metroWatchTypeScriptFiles Detected TypeScript file changed in the project:  /Users/timothybarrett/Desktop/:Desktop:LiftFlow/src/app/(tabs)/coaching.tsx
| 2026-05-28T22:42:28.295Z expo:babel:exports Found assignment to module.exports or exports at 39
2026-05-28T22:42:28.314Z expo:metro:tsconfig-paths @/components/layout/Card -> /Users/timothybarrett/Desktop/:Desktop:LiftFlow/src/components/layout/Card
2026-05-28T22:42:28.314Z expo:metro:tsconfig-paths @/components/layout/PrimaryButton -> /Users/timothybarrett/Desktop/:Desktop:LiftFlow/src/components/layout/PrimaryButton
2026-05-28T22:42:28.314Z expo:metro:tsconfig-paths @/components/layout/ScreenContainer -> /Users/timothybarrett/Desktop/:Desktop:LiftFlow/src/components/layout/ScreenContainer
2026-05-28T22:42:28.314Z expo:metro:tsconfig-paths @/components/layout/SectionHeader -> /Users/timothybarrett/Desktop/:Desktop:LiftFlow/src/components/layout/SectionHeader
2026-05-28T22:42:28.314Z expo:metro:tsconfig-paths @/components/ui/AppText -> /Users/timothybarrett/Desktop/:Desktop:LiftFlow/src/components/ui/AppText
2026-05-28T22:42:28.314Z expo:metro:tsconfig-paths @/constants/theme -> /Users/timothybarrett/Desktop/:Desktop:LiftFlow/src/constants/theme
2026-05-28T22:42:28.314Z expo:metro:tsconfig-paths @/hooks/useAuth -> /Users/timothybarrett/Desktop/:Desktop:LiftFlow/src/hooks/useAuth
2026-05-28T22:42:28.314Z expo:metro:tsconfig-paths @/services/aiService -> /Users/timothybarrett/Desktop/:Desktop:LiftFlow/src/services/aiService
2026-05-28T22:42:36.701Z expo:start:server:metro:metroWatchTypeScriptFiles Detected TypeScript file changed in the project:  /Users/timothybarrett/Desktop/:Desktop:LiftFlow/src/app/(tabs)/workout.tsx
2026-05-28T22:42:36.806Z expo:metro:tsconfig-paths @/components/layout/ScreenContainer -> /Users/timothybarrett/Desktop/:Desktop:LiftFlow/src/components/layout/ScreenContainer
2026-05-28T22:42:36.806Z expo:metro:tsconfig-paths @/components/layout/SectionHeader -> /Users/timothybarrett/Desktop/:Desktop:LiftFlow/src/components/layout/SectionHeader
2026-05-28T22:42:36.806Z expo:metro:tsconfig-paths @/components/layout/PrimaryButton -> /Users/timothybarrett/Desktop/:Desktop:LiftFlow/src/components/layout/PrimaryButton
2026-05-28T22:42:36.806Z expo:metro:tsconfig-paths @/components/ui/AppText -> /Users/timothybarrett/Desktop/:Desktop:LiftFlow/src/components/ui/AppText
2026-05-28T22:42:36.806Z expo:metro:tsconfig-paths @/components/workout/MicrophoneButton -> /Users/timothybarrett/Desktop/:Desktop:LiftFlow/src/components/workout/MicrophoneButton
2026-05-28T22:42:36.806Z expo:metro:tsconfig-paths @/components/workout/QuickCorrectionButtons -> /Users/timothybarrett/Desktop/:Desktop:LiftFlow/src/components/workout/QuickCorrectionButtons
2026-05-28T22:42:36.806Z expo:metro:tsconfig-paths @/components/workout/RestTimerSection -> /Users/timothybarrett/Desktop/:Desktop:LiftFlow/src/components/workout/RestTimerSection
2026-05-28T22:42:36.806Z expo:metro:tsconfig-paths @/components/workout/VoiceConfirmModal -> /Users/timothybarrett/Desktop/:Desktop:LiftFlow/src/components/workout/VoiceConfirmModal
2026-05-28T22:42:36.806Z expo:metro:tsconfig-paths @/components/workout/WorkoutCard -> /Users/timothybarrett/Desktop/:Desktop:LiftFlow/src/components/workout/WorkoutCard
2026-05-28T22:42:36.806Z expo:metro:tsconfig-paths @/constants/theme -> /Users/timothybarrett/Desktop/:Desktop:LiftFlow/src/constants/theme
2026-05-28T22:42:36.806Z expo:metro:tsconfig-paths @/hooks/useAuth -> /Users/timothybarrett/Desktop/:Desktop:LiftFlow/src/hooks/useAuth
2026-05-28T22:42:36.806Z expo:metro:tsconfig-paths @/hooks/useVoiceLogging -> /Users/timothybarrett/Desktop/:Desktop:LiftFlow/src/hooks/useVoiceLogging
2026-05-28T22:42:36.806Z expo:metro:tsconfig-paths @/services/voiceService -> /Users/timothybarrett/Desktop/:Desktop:LiftFlow/src/services/voiceService
2026-05-28T22:42:36.806Z expo:metro:tsconfig-paths @/services/workoutService -> /Users/timothybarrett/Desktop/:Desktop:LiftFlow/src/services/workoutService
2026-05-28T22:42:36.819Z expo:metro:tsconfig-paths @/components/layout/PrimaryButton -> /Users/timothybarrett/Desktop/:Desktop:LiftFlow/src/components/layout/PrimaryButton
2026-05-28T22:42:36.819Z expo:metro:tsconfig-paths @/components/ui/AppText -> /Users/timothybarrett/Desktop/:Desktop:LiftFlow/src/components/ui/AppText
2026-05-28T22:42:36.819Z expo:metro:tsconfig-paths @/constants/theme -> /Users/timothybarrett/Desktop/:Desktop:LiftFlow/src/constants/theme
2026-05-28T22:42:36.834Z expo:metro:tsconfig-paths @/lib/serviceResult -> /Users/timothybarrett/Desktop/:Desktop:LiftFlow/src/lib/serviceResult
2026-05-28T22:42:36.835Z expo:metro:tsconfig-paths @/api/client -> /Users/timothybarrett/Desktop/:Desktop:LiftFlow/src/api/client
2026-05-28T22:42:36.835Z expo:metro:tsconfig-paths @/supabase/client -> /Users/timothybarrett/Desktop/:Desktop:LiftFlow/src/supabase/client
2026-05-28T22:42:39.585Z expo:start:server:metro:metroWatchTypeScriptFiles Detected TypeScript file changed in the project:  /Users/timothybarrett/Desktop/:Desktop:LiftFlow/src/app/(tabs)/history.tsx
2026-05-28T22:42:39.663Z expo:metro:tsconfig-paths @/components/history/HistoryCard -> /Users/timothybarrett/Desktop/:Desktop:LiftFlow/src/components/history/HistoryCard
2026-05-28T22:42:39.663Z expo:metro:tsconfig-paths @/components/layout/Card -> /Users/timothybarrett/Desktop/:Desktop:LiftFlow/src/components/layout/Card
2026-05-28T22:42:39.663Z expo:metro:tsconfig-paths @/components/layout/ScreenContainer -> /Users/timothybarrett/Desktop/:Desktop:LiftFlow/src/components/layout/ScreenContainer
2026-05-28T22:42:39.663Z expo:metro:tsconfig-paths @/components/layout/SectionHeader -> /Users/timothybarrett/Desktop/:Desktop:LiftFlow/src/components/layout/SectionHeader
2026-05-28T22:42:39.663Z expo:metro:tsconfig-paths @/components/ui/AppText -> /Users/timothybarrett/Desktop/:Desktop:LiftFlow/src/components/ui/AppText
2026-05-28T22:42:39.663Z expo:metro:tsconfig-paths @/constants/theme -> /Users/timothybarrett/Desktop/:Desktop:LiftFlow/src/constants/theme
2026-05-28T22:42:39.663Z expo:metro:tsconfig-paths @/hooks/useAuth -> /Users/timothybarrett/Desktop/:Desktop:LiftFlow/src/hooks/useAuth
2026-05-28T22:42:39.663Z expo:metro:tsconfig-paths @/services/analyticsService -> /Users/timothybarrett/Desktop/:Desktop:LiftFlow/src/services/analyticsService
2026-05-28T22:42:39.663Z expo:metro:tsconfig-paths @/services/workoutService -> /Users/timothybarrett/Desktop/:Desktop:LiftFlow/src/services/workoutService
2026-05-28T22:42:46.375Z expo:start:server:metro:metroWatchTypeScriptFiles Detected TypeScript file changed in the project:  /Users/timothybarrett/Desktop/:Desktop:LiftFlow/src/app/(tabs)/settings.tsx
2026-05-28T22:42:46.461Z expo:metro:tsconfig-paths @/components/layout/Card -> /Users/timothybarrett/Desktop/:Desktop:LiftFlow/src/components/layout/Card
2026-05-28T22:42:46.461Z expo:metro:tsconfig-paths @/components/layout/PrimaryButton -> /Users/timothybarrett/Desktop/:Desktop:LiftFlow/src/components/layout/PrimaryButton
2026-05-28T22:42:46.461Z expo:metro:tsconfig-paths @/components/layout/ScreenContainer -> /Users/timothybarrett/Desktop/:Desktop:LiftFlow/src/components/layout/ScreenContainer
2026-05-28T22:42:46.461Z expo:metro:tsconfig-paths @/components/layout/SectionHeader -> /Users/timothybarrett/Desktop/:Desktop:LiftFlow/src/components/layout/SectionHeader
2026-05-28T22:42:46.461Z expo:metro:tsconfig-paths @/components/settings/SettingsRow -> /Users/timothybarrett/Desktop/:Desktop:LiftFlow/src/components/settings/SettingsRow
2026-05-28T22:42:46.461Z expo:metro:tsconfig-paths @/components/ui/AppSymbol -> /Users/timothybarrett/Desktop/:Desktop:LiftFlow/src/components/ui/AppSymbol
2026-05-28T22:42:46.461Z expo:metro:tsconfig-paths @/components/ui/AppText -> /Users/timothybarrett/Desktop/:Desktop:LiftFlow/src/components/ui/AppText
2026-05-28T22:42:46.461Z expo:metro:tsconfig-paths @/constants/theme -> /Users/timothybarrett/Desktop/:Desktop:LiftFlow/src/constants/theme
2026-05-28T22:42:46.461Z expo:metro:tsconfig-paths @/hooks/useAuth -> /Users/timothybarrett/Desktop/:Desktop:LiftFlow/src/hooks/useAuth
2026-05-28T22:42:46.461Z expo:metro:tsconfig-paths @/services/exportService -> /Users/timothybarrett/Desktop/:Desktop:LiftFlow/src/services/exportService
2026-05-28T22:42:46.461Z expo:metro:tsconfig-paths @/services/userService -> /Users/timothybarrett/Desktop/:Desktop:LiftFlow/src/services/userService
2026-05-28T22:42:46.479Z expo:metro:tsconfig-paths @/lib/serviceResult -> /Users/timothybarrett/Desktop/:Desktop:LiftFlow/src/lib/serviceResult
2026-05-28T22:42:46.479Z expo:metro:tsconfig-paths @/api/client -> /Users/timothybarrett/Desktop/:Desktop:LiftFlow/src/api/client
2026-05-28T22:42:46.479Z expo:metro:tsconfig-paths @/supabase/client -> /Users/timothybarrett/Desktop/:Desktop:LiftFlow/src/supabase/client
2026-05-28T22:42:46.480Z expo:metro:tsconfig-paths @/lib/db-mappers -> /Users/timothybarrett/Desktop/:Desktop:LiftFlow/src/lib/db-mappers
2026-05-28T22:42:49.193Z expo:start:server:metro:metroWatchTypeScriptFiles Detected TypeScript file changed in the project:  /Users/timothybarrett/Desktop/:Desktop:LiftFlow/src/app/(tabs)/_layout.tsx
2026-05-28T22:42:49.269Z expo:metro:tsconfig-paths @/components/ui/AppSymbol -> /Users/timothybarrett/Desktop/:Desktop:LiftFlow/src/components/ui/AppSymbol
2026-05-28T22:42:49.269Z expo:metro:tsconfig-paths @/constants/theme -> /Users/timothybarrett/Desktop/:Desktop:LiftFlow/src/constants/theme
2026-05-28T22:42:49.347Z expo:start:server:metro:metroWatchTypeScriptFiles Detected TypeScript file changed in the project:  /Users/timothybarrett/Desktop/:Desktop:LiftFlow/src/app/index.tsx
2026-05-28T22:42:49.405Z expo:metro:tsconfig-paths @/constants/theme -> /Users/timothybarrett/Desktop/:Desktop:LiftFlow/src/constants/theme
2026-05-28T22:42:49.405Z expo:metro:tsconfig-paths @/hooks/useAuth -> /Users/timothybarrett/Desktop/:Desktop:LiftFlow/src/hooks/useAuth
2026-05-28T22:42:54.633Z expo:start:server:metro:metroWatchTypeScriptFiles Detected TypeScript file changed in the project:  /Users/timothybarrett/Desktop/:Desktop:LiftFlow/src/services/bodyService.ts
2026-05-28T22:42:54.694Z expo:start:server:metro:metroWatchTypeScriptFiles Detected TypeScript file changed in the project:  /Users/timothybarrett/Desktop/:Desktop:LiftFlow/src/app/(tabs)/progress.tsx
| 2026-05-28T22:42:54.703Z expo:babel:env-vars Referencing environment variable in /Users/timothybarrett/Desktop/:Desktop:LiftFlow/src/services/bodyService.ts: EXPO_PUBLIC_API_URL
2026-05-28T22:42:54.714Z expo:metro:tsconfig-paths @/lib/db-mappers -> /Users/timothybarrett/Desktop/:Desktop:LiftFlow/src/lib/db-mappers
2026-05-28T22:42:54.714Z expo:metro:tsconfig-paths @/lib/serviceResult -> /Users/timothybarrett/Desktop/:Desktop:LiftFlow/src/lib/serviceResult
2026-05-28T22:42:54.714Z expo:metro:tsconfig-paths @/supabase/client -> /Users/timothybarrett/Desktop/:Desktop:LiftFlow/src/supabase/client
| 2026-05-28T22:42:54.704Z expo:babel:env-vars Referencing environment variable in /Users/timothybarrett/Desktop/:Desktop:LiftFlow/src/services/bodyService.ts: EXPO_PUBLIC_API_URL
2026-05-28T22:42:54.760Z expo:start:server:metro:metroWatchTypeScriptFiles Detected TypeScript file changed in the project:  /Users/timothybarrett/Desktop/:Desktop:LiftFlow/src/services/exportService.ts
2026-05-28T22:42:54.801Z expo:metro:tsconfig-paths @/components/layout/Card -> /Users/timothybarrett/Desktop/:Desktop:LiftFlow/src/components/layout/Card
2026-05-28T22:42:54.801Z expo:metro:tsconfig-paths @/components/layout/PrimaryButton -> /Users/timothybarrett/Desktop/:Desktop:LiftFlow/src/components/layout/PrimaryButton
2026-05-28T22:42:54.801Z expo:metro:tsconfig-paths @/components/layout/ScreenContainer -> /Users/timothybarrett/Desktop/:Desktop:LiftFlow/src/components/layout/ScreenContainer
2026-05-28T22:42:54.801Z expo:metro:tsconfig-paths @/components/layout/SectionHeader -> /Users/timothybarrett/Desktop/:Desktop:LiftFlow/src/components/layout/SectionHeader
2026-05-28T22:42:54.801Z expo:metro:tsconfig-paths @/components/ui/AppText -> /Users/timothybarrett/Desktop/:Desktop:LiftFlow/src/components/ui/AppText
2026-05-28T22:42:54.801Z expo:metro:tsconfig-paths @/constants/theme -> /Users/timothybarrett/Desktop/:Desktop:LiftFlow/src/constants/theme
2026-05-28T22:42:54.802Z expo:metro:tsconfig-paths @/hooks/useAuth -> /Users/timothybarrett/Desktop/:Desktop:LiftFlow/src/hooks/useAuth
2026-05-28T22:42:54.802Z expo:metro:tsconfig-paths @/services/bodyService -> /Users/timothybarrett/Desktop/:Desktop:LiftFlow/src/services/bodyService
2026-05-28T22:42:54.838Z expo:metro:tsconfig-paths @/lib/serviceResult -> /Users/timothybarrett/Desktop/:Desktop:LiftFlow/src/lib/serviceResult
2026-05-28T22:42:54.838Z expo:metro:tsconfig-paths @/api/client -> /Users/timothybarrett/Desktop/:Desktop:LiftFlow/src/api/client
2026-05-28T22:42:54.838Z expo:metro:tsconfig-paths @/supabase/client -> /Users/timothybarrett/Desktop/:Desktop:LiftFlow/src/supabase/client
2026-05-28T22:42:59.812Z expo:start:server:metro:metroWatchTypeScriptFiles Detected TypeScript file changed in the project:  /Users/timothybarrett/Desktop/:Desktop:LiftFlow/src/constants/workout.ts
2026-05-28T22:42:59.843Z expo:start:server:metro:metroWatchTypeScriptFiles Detected TypeScript file changed in the project:  /Users/timothybarrett/Desktop/:Desktop:LiftFlow/src/components/workout/RestTimerSection.tsx
2026-05-28T22:42:59.906Z expo:start:server:metro:metroWatchTypeScriptFiles Detected TypeScript file changed in the project:  /Users/timothybarrett/Desktop/:Desktop:LiftFlow/src/components/workout/QuickCorrectionButtons.tsx
2026-05-28T22:42:59.912Z expo:metro:tsconfig-paths @/components/layout/Card -> /Users/timothybarrett/Desktop/:Desktop:LiftFlow/src/components/layout/Card
2026-05-28T22:42:59.912Z expo:metro:tsconfig-paths @/components/ui/AppText -> /Users/timothybarrett/Desktop/:Desktop:LiftFlow/src/components/ui/AppText
2026-05-28T22:42:59.912Z expo:metro:tsconfig-paths @/constants/theme -> /Users/timothybarrett/Desktop/:Desktop:LiftFlow/src/constants/theme
2026-05-28T22:42:59.912Z expo:metro:tsconfig-paths @/constants/workout -> /Users/timothybarrett/Desktop/:Desktop:LiftFlow/src/constants/workout
2026-05-28T22:43:00.895Z expo:start:server:metro:metroWatchTypeScriptFiles Detected TypeScript file changed in the project:  /Users/timothybarrett/Desktop/:Desktop:LiftFlow/src/components/ui/AppSymbol.tsx
2026-05-28T22:43:00.955Z expo:start:server:metro:metroWatchTypeScriptFiles Detected TypeScript file changed in the project:  /Users/timothybarrett/Desktop/:Desktop:LiftFlow/src/services/placeholderService.ts
2026-05-28T22:43:00.955Z expo:start:server:metro:metroWatchTypeScriptFiles Detected TypeScript file changed in the project:  /Users/timothybarrett/Desktop/:Desktop:LiftFlow/src/utils/placeholders.ts
2026-05-28T22:43:01.448Z expo:start:server:metro:metroWatchTypeScriptFiles Detected TypeScript file changed in the project:  /Users/timothybarrett/Desktop/:Desktop:LiftFlow/src/services/exportService.ts
2026-05-28T22:43:01.514Z expo:metro:tsconfig-paths @/lib/serviceResult -> /Users/timothybarrett/Desktop/:Desktop:LiftFlow/src/lib/serviceResult
2026-05-28T22:43:01.514Z expo:metro:tsconfig-paths @/api/client -> /Users/timothybarrett/Desktop/:Desktop:LiftFlow/src/api/client
2026-05-28T22:43:01.514Z expo:metro:tsconfig-paths @/supabase/client -> /Users/timothybarrett/Desktop/:Desktop:LiftFlow/src/supabase/client
2026-05-28T22:43:03.428Z expo:start:server:metro:metroWatchTypeScriptFiles Detected TypeScript file changed in the project:  /Users/timothybarrett/Desktop/:Desktop:LiftFlow/src/services/interfaces/index.ts
2026-05-28T22:43:03.615Z expo:start:server:metro:metroWatchTypeScriptFiles Detected TypeScript file changed in the project:  /Users/timothybarrett/Desktop/:Desktop:LiftFlow/backend/src/routes/export.ts
2026-05-28T22:43:03.956Z expo:start:server:metro:metroWatchTypeScriptFiles Detected TypeScript file changed in the project:  /Users/timothybarrett/Desktop/:Desktop:LiftFlow/backend/src/routes/export.ts
2026-05-28T22:43:13.032Z expo:start:server:metro:metroWatchTypeScriptFiles Detected TypeScript file changed in the project:  /Users/timothybarrett/Desktop/:Desktop:LiftFlow/src/types/analytics.ts
2026-05-28T22:43:13.341Z expo:start:server:metro:metroWatchTypeScriptFiles Detected TypeScript file changed in the project:  /Users/timothybarrett/Desktop/:Desktop:LiftFlow/src/types/training.ts
2026-05-28T22:43:16.777Z expo:start:server:metro:metroWatchTypeScriptFiles Detected TypeScript file changed in the project:  /Users/timothybarrett/Desktop/:Desktop:LiftFlow/src/types/training.ts
2026-05-28T22:43:18.139Z expo:start:server:metro:metroWatchTypeScriptFiles Detected TypeScript file changed in the project:  /Users/timothybarrett/Desktop/:Desktop:LiftFlow/src/services/interfaces/index.ts
2026-05-28T22:43:23.412Z expo:start:server:metro:metroWatchTypeScriptFiles Detected TypeScript file changed in the project:  /Users/timothybarrett/Desktop/:Desktop:LiftFlow/src/services/interfaces/index.ts
2026-05-28T22:43:23.784Z expo:start:server:metro:metroWatchTypeScriptFiles Detected TypeScript file changed in the project:  /Users/timothybarrett/Desktop/:Desktop:LiftFlow/src/services/interfaces/index.ts
2026-05-28T22:43:23.938Z expo:start:server:metro:metroWatchTypeScriptFiles Detected TypeScript file changed in the project:  /Users/timothybarrett/Desktop/:Desktop:LiftFlow/src/services/interfaces/index.ts
2026-05-28T22:43:24.278Z expo:start:server:metro:metroWatchTypeScriptFiles Detected TypeScript file changed in the project:  /Users/timothybarrett/Desktop/:Desktop:LiftFlow/src/services/interfaces/index.ts
2026-05-28T22:43:24.403Z expo:start:server:metro:metroWatchTypeScriptFiles Detected TypeScript file changed in the project:  /Users/timothybarrett/Desktop/:Desktop:LiftFlow/src/lib/db-mappers.ts
 ERROR  SyntaxError: /Users/timothybarrett/Desktop/:Desktop:LiftFlow/src/lib/db-mappers.ts: Unexpected token (60:2)

  58 |     createdAt: row.created_at,
  59 |   };
> 60 | } = {
     |   ^
  61 |   id: string;
  62 |   user_id: string;
  63 |   rest_timer_sound: boolean;
    at constructor (/Users/timothybarrett/Desktop/:Desktop:LiftFlow/node_modules/@babel/parser/lib/index.js:365:19)
    at TypeScriptParserMixin.raise (/Users/timothybarrett/Desktop/:Desktop:LiftFlow/node_modules/@babel/parser/lib/index.js:6616:19)
    at TypeScriptParserMixin.unexpected (/Users/timothybarrett/Desktop/:Desktop:LiftFlow/node_modules/@babel/parser/lib/index.js:6636:16)
    at TypeScriptParserMixin.parseExprAtom (/Users/timothybarrett/Desktop/:Desktop:LiftFlow/node_modules/@babel/parser/lib/index.js:11459:22)
    at TypeScriptParserMixin.parseExprSubscripts (/Users/timothybarrett/Desktop/:Desktop:LiftFlow/node_modules/@babel/parser/lib/index.js:11098:23)
    at TypeScriptParserMixin.parseUpdate (/Users/timothybarrett/Desktop/:Desktop:LiftFlow/node_modules/@babel/parser/lib/index.js:11083:21)
    at TypeScriptParserMixin.parseMaybeUnary (/Users/timothybarrett/Desktop/:Desktop:LiftFlow/node_modules/@babel/parser/lib/index.js:11063:23)
    at TypeScriptParserMixin.parseMaybeUnary (/Users/timothybarrett/Desktop/:Desktop:LiftFlow/node_modules/@babel/parser/lib/index.js:9854:18)
    at TypeScriptParserMixin.parseMaybeUnaryOrPrivate (/Users/timothybarrett/Desktop/:Desktop:LiftFlow/node_modules/@babel/parser/lib/index.js:10916:61)
    at TypeScriptParserMixin.parseExprOps (/Users/timothybarrett/Desktop/:Desktop:LiftFlow/node_modules/@babel/parser/lib/index.js:10921:23)
    at TypeScriptParserMixin.parseMaybeConditional (/Users/timothybarrett/Desktop/:Desktop:LiftFlow/node_modules/@babel/parser/lib/index.js:10898:23)
    at TypeScriptParserMixin.parseMaybeAssign (/Users/timothybarrett/Desktop/:Desktop:LiftFlow/node_modules/@babel/parser/lib/index.js:10848:21)
    at TypeScriptParserMixin.parseMaybeAssign (/Users/timothybarrett/Desktop/:Desktop:LiftFlow/node_modules/@babel/parser/lib/index.js:9803:20)
    at TypeScriptParserMixin.parseExpressionBase (/Users/timothybarrett/Desktop/:Desktop:LiftFlow/node_modules/@babel/parser/lib/index.js:10801:23)
    at /Users/timothybarrett/Desktop/:Desktop:LiftFlow/node_modules/@babel/parser/lib/index.js:10797:39
    at TypeScriptParserMixin.allowInAnd (/Users/timothybarrett/Desktop/:Desktop:LiftFlow/node_modules/@babel/parser/lib/index.js:12438:16)
    at TypeScriptParserMixin.parseExpression (/Users/timothybarrett/Desktop/:Desktop:LiftFlow/node_modules/@babel/parser/lib/index.js:10797:17)
    at TypeScriptParserMixin.parseStatementContent (/Users/timothybarrett/Desktop/:Desktop:LiftFlow/node_modules/@babel/parser/lib/index.js:12912:23)
    at TypeScriptParserMixin.parseStatementContent (/Users/timothybarrett/Desktop/:Desktop:LiftFlow/node_modules/@babel/parser/lib/index.js:9525:18)
    at TypeScriptParserMixin.parseStatementLike (/Users/timothybarrett/Desktop/:Desktop:LiftFlow/node_modules/@babel/parser/lib/index.js:12784:17)
    at TypeScriptParserMixin.parseModuleItem (/Users/timothybarrett/Desktop/:Desktop:LiftFlow/node_modules/@babel/parser/lib/index.js:12761:17)
    at TypeScriptParserMixin.parseBlockOrModuleBlockBody (/Users/timothybarrett/Desktop/:Desktop:LiftFlow/node_modules/@babel/parser/lib/index.js:13333:36)
    at TypeScriptParserMixin.parseBlockBody (/Users/timothybarrett/Desktop/:Desktop:LiftFlow/node_modules/@babel/parser/lib/index.js:13326:10)
    at TypeScriptParserMixin.parseProgram (/Users/timothybarrett/Desktop/:Desktop:LiftFlow/node_modules/@babel/parser/lib/index.js:12639:10)
    at TypeScriptParserMixin.parseTopLevel (/Users/timothybarrett/Desktop/:Desktop:LiftFlow/node_modules/@babel/parser/lib/index.js:12629:25)
    at TypeScriptParserMixin.parse (/Users/timothybarrett/Desktop/:Desktop:LiftFlow/node_modules/@babel/parser/lib/index.js:14505:25)
    at TypeScriptParserMixin.parse (/Users/timothybarrett/Desktop/:Desktop:LiftFlow/node_modules/@babel/parser/lib/index.js:10143:18)
    at parse (/Users/timothybarrett/Desktop/:Desktop:LiftFlow/node_modules/@babel/parser/lib/index.js:14518:26)
    at parser (/Users/timothybarrett/Desktop/:Desktop:LiftFlow/node_modules/@babel/core/lib/parser/index.js:41:34)
    at parser.next (<anonymous>)
    at normalizeFile (/Users/timothybarrett/Desktop/:Desktop:LiftFlow/node_modules/@babel/core/lib/transformation/normalize-file.js:51:37)
    at normalizeFile.next (<anonymous>)
    at run (/Users/timothybarrett/Desktop/:Desktop:LiftFlow/node_modules/@babel/core/lib/transformation/index.js:22:50)
    at run.next (<anonymous>)
    at transform (/Users/timothybarrett/Desktop/:Desktop:LiftFlow/node_modules/@babel/core/lib/transform.js:22:33)
    at transform.next (<anonymous>)
    at evaluateSync (/Users/timothybarrett/Desktop/:Desktop:LiftFlow/node_modules/gensync/index.js:251:28)
    at sync (/Users/timothybarrett/Desktop/:Desktop:LiftFlow/node_modules/gensync/index.js:89:14)
    at stopHiding - secret - don't use this - v1 (/Users/timothybarrett/Desktop/:Desktop:LiftFlow/node_modules/@babel/core/lib/errors/rewrite-stack-trace.js:47:12)
    at Object.transformSync (/Users/timothybarrett/Desktop/:Desktop:LiftFlow/node_modules/@babel/core/lib/transform.js:40:76)
    at parseWithBabel (/Users/timothybarrett/Desktop/:Desktop:LiftFlow/node_modules/@expo/metro-config/build/transformSync.js:75:18)
    at transformSync (/Users/timothybarrett/Desktop/:Desktop:LiftFlow/node_modules/@expo/metro-config/build/transformSync.js:54:16)
    at Object.transform (/Users/timothybarrett/Desktop/:Desktop:LiftFlow/node_modules/@expo/metro-config/build/babel-transformer.js:127:58)
    at transformJSWithBabel (/Users/timothybarrett/Desktop/:Desktop:LiftFlow/node_modules/@expo/metro-config/build/transform-worker/metro-transform-worker.js:468:47)
    at Object.transform (/Users/timothybarrett/Desktop/:Desktop:LiftFlow/node_modules/@expo/metro-config/build/transform-worker/metro-transform-worker.js:583:12)
    at Object.transform (/Users/timothybarrett/Desktop/:Desktop:LiftFlow/node_modules/@expo/metro-config/build/transform-worker/transform-worker.js:178:19)
    at transformFile (/Users/timothybarrett/Desktop/:Desktop:LiftFlow/node_modules/metro/src/DeltaBundler/Worker.flow.js:67:36)
    at Object.transform (/Users/timothybarrett/Desktop/:Desktop:LiftFlow/node_modules/metro/src/DeltaBundler/Worker.flow.js:42:10)
    at execFunction (/Users/timothybarrett/Desktop/:Desktop:LiftFlow/node_modules/jest-worker/build/workers/processChild.js:149:17)
    at execHelper (/Users/timothybarrett/Desktop/:Desktop:LiftFlow/node_modules/jest-worker/build/workers/processChild.js:137:5)
2026-05-28T22:43:29.361Z expo:start:server:metro:metroWatchTypeScriptFiles Detected TypeScript file changed in the project:  /Users/timothybarrett/Desktop/:Desktop:LiftFlow/src/lib/db-mappers.ts
2026-05-28T22:43:29.731Z expo:start:server:metro:metroWatchTypeScriptFiles Detected TypeScript file changed in the project:  /Users/timothybarrett/Desktop/:Desktop:LiftFlow/src/lib/db-mappers.ts
2026-05-28T22:43:36.080Z expo:start:server:metro:metroWatchTypeScriptFiles Detected TypeScript file changed in the project:  /Users/timothybarrett/Desktop/:Desktop:LiftFlow/src/lib/db-mappers.ts
2026-05-28T22:43:36.326Z expo:start:server:metro:metroWatchTypeScriptFiles Detected TypeScript file changed in the project:  /Users/timothybarrett/Desktop/:Desktop:LiftFlow/src/app/(tabs)/dashboard.tsx
2026-05-28T22:43:36.409Z expo:metro:tsconfig-paths @/components/history/HistoryCard -> /Users/timothybarrett/Desktop/:Desktop:LiftFlow/src/components/history/HistoryCard
2026-05-28T22:43:36.409Z expo:metro:tsconfig-paths @/components/layout/Card -> /Users/timothybarrett/Desktop/:Desktop:LiftFlow/src/components/layout/Card
2026-05-28T22:43:36.409Z expo:metro:tsconfig-paths @/components/layout/PrimaryButton -> /Users/timothybarrett/Desktop/:Desktop:LiftFlow/src/components/layout/PrimaryButton
2026-05-28T22:43:36.409Z expo:metro:tsconfig-paths @/components/layout/ScreenContainer -> /Users/timothybarrett/Desktop/:Desktop:LiftFlow/src/components/layout/ScreenContainer
2026-05-28T22:43:36.409Z expo:metro:tsconfig-paths @/components/layout/SectionHeader -> /Users/timothybarrett/Desktop/:Desktop:LiftFlow/src/components/layout/SectionHeader
2026-05-28T22:43:36.409Z expo:metro:tsconfig-paths @/components/ui/AppText -> /Users/timothybarrett/Desktop/:Desktop:LiftFlow/src/components/ui/AppText
2026-05-28T22:43:36.409Z expo:metro:tsconfig-paths @/constants/theme -> /Users/timothybarrett/Desktop/:Desktop:LiftFlow/src/constants/theme
2026-05-28T22:43:36.409Z expo:metro:tsconfig-paths @/hooks/useAuth -> /Users/timothybarrett/Desktop/:Desktop:LiftFlow/src/hooks/useAuth
2026-05-28T22:43:36.409Z expo:metro:tsconfig-paths @/services/analyticsService -> /Users/timothybarrett/Desktop/:Desktop:LiftFlow/src/services/analyticsService
2026-05-28T22:43:36.409Z expo:metro:tsconfig-paths @/services/aiService -> /Users/timothybarrett/Desktop/:Desktop:LiftFlow/src/services/aiService
2026-05-28T22:43:36.511Z expo:start:server:metro:metroWatchTypeScriptFiles Detected TypeScript file changed in the project:  /Users/timothybarrett/Desktop/:Desktop:LiftFlow/src/services/analyticsService.ts
2026-05-28T22:43:36.581Z expo:metro:tsconfig-paths @/lib/db-mappers -> /Users/timothybarrett/Desktop/:Desktop:LiftFlow/src/lib/db-mappers
2026-05-28T22:43:36.581Z expo:metro:tsconfig-paths @/lib/serviceResult -> /Users/timothybarrett/Desktop/:Desktop:LiftFlow/src/lib/serviceResult
2026-05-28T22:43:36.581Z expo:metro:tsconfig-paths @/supabase/client -> /Users/timothybarrett/Desktop/:Desktop:LiftFlow/src/supabase/client
2026-05-28T22:43:36.725Z expo:start:server:metro:metroWatchTypeScriptFiles Detected TypeScript file changed in the project:  /Users/timothybarrett/Desktop/:Desktop:LiftFlow/src/lib/db-mappers.ts
2026-05-28T22:43:36.972Z expo:start:server:metro:metroWatchTypeScriptFiles Detected TypeScript file changed in the project:  /Users/timothybarrett/Desktop/:Desktop:LiftFlow/src/services/nutritionService.ts
2026-05-28T22:43:37.053Z expo:metro:tsconfig-paths @/lib/db-mappers -> /Users/timothybarrett/Desktop/:Desktop:LiftFlow/src/lib/db-mappers
2026-05-28T22:43:37.053Z expo:metro:tsconfig-paths @/lib/serviceResult -> /Users/timothybarrett/Desktop/:Desktop:LiftFlow/src/lib/serviceResult
2026-05-28T22:43:37.053Z expo:metro:tsconfig-paths @/supabase/client -> /Users/timothybarrett/Desktop/:Desktop:LiftFlow/src/supabase/client
2026-05-28T22:43:37.053Z expo:metro:tsconfig-paths @/api/client -> /Users/timothybarrett/Desktop/:Desktop:LiftFlow/src/api/client
2026-05-28T22:43:37.187Z expo:start:server:metro:metroWatchTypeScriptFiles Detected TypeScript file changed in the project:  /Users/timothybarrett/Desktop/:Desktop:LiftFlow/src/services/exportService.ts
2026-05-28T22:43:37.249Z expo:start:server:metro:metroWatchTypeScriptFiles Detected TypeScript file changed in the project:  /Users/timothybarrett/Desktop/:Desktop:LiftFlow/src/app/(tabs)/dashboard.tsx
2026-05-28T22:43:37.249Z expo:start:server:metro:metroWatchTypeScriptFiles Detected TypeScript file changed in the project:  /Users/timothybarrett/Desktop/:Desktop:LiftFlow/src/services/analyticsService.ts
2026-05-28T22:43:37.255Z expo:metro:tsconfig-paths @/lib/serviceResult -> /Users/timothybarrett/Desktop/:Desktop:LiftFlow/src/lib/serviceResult
2026-05-28T22:43:37.256Z expo:metro:tsconfig-paths @/api/client -> /Users/timothybarrett/Desktop/:Desktop:LiftFlow/src/api/client
2026-05-28T22:43:37.256Z expo:metro:tsconfig-paths @/supabase/client -> /Users/timothybarrett/Desktop/:Desktop:LiftFlow/src/supabase/client
2026-05-28T22:43:37.341Z expo:metro:tsconfig-paths @/components/history/HistoryCard -> /Users/timothybarrett/Desktop/:Desktop:LiftFlow/src/components/history/HistoryCard
2026-05-28T22:43:37.341Z expo:metro:tsconfig-paths @/components/layout/Card -> /Users/timothybarrett/Desktop/:Desktop:LiftFlow/src/components/layout/Card
2026-05-28T22:43:37.341Z expo:metro:tsconfig-paths @/components/layout/PrimaryButton -> /Users/timothybarrett/Desktop/:Desktop:LiftFlow/src/components/layout/PrimaryButton
2026-05-28T22:43:37.341Z expo:metro:tsconfig-paths @/components/layout/ScreenContainer -> /Users/timothybarrett/Desktop/:Desktop:LiftFlow/src/components/layout/ScreenContainer
2026-05-28T22:43:37.341Z expo:metro:tsconfig-paths @/components/layout/SectionHeader -> /Users/timothybarrett/Desktop/:Desktop:LiftFlow/src/components/layout/SectionHeader
2026-05-28T22:43:37.341Z expo:metro:tsconfig-paths @/components/ui/AppText -> /Users/timothybarrett/Desktop/:Desktop:LiftFlow/src/components/ui/AppText
2026-05-28T22:43:37.341Z expo:metro:tsconfig-paths @/constants/theme -> /Users/timothybarrett/Desktop/:Desktop:LiftFlow/src/constants/theme
2026-05-28T22:43:37.341Z expo:metro:tsconfig-paths @/hooks/useAuth -> /Users/timothybarrett/Desktop/:Desktop:LiftFlow/src/hooks/useAuth
2026-05-28T22:43:37.341Z expo:metro:tsconfig-paths @/services/analyticsService -> /Users/timothybarrett/Desktop/:Desktop:LiftFlow/src/services/analyticsService
2026-05-28T22:43:37.341Z expo:metro:tsconfig-paths @/services/aiService -> /Users/timothybarrett/Desktop/:Desktop:LiftFlow/src/services/aiService
2026-05-28T22:43:37.357Z expo:metro:tsconfig-paths @/lib/db-mappers -> /Users/timothybarrett/Desktop/:Desktop:LiftFlow/src/lib/db-mappers
2026-05-28T22:43:37.807Z expo:start:server:metro:metroWatchTypeScriptFiles Detected TypeScript file changed in the project:  /Users/timothybarrett/Desktop/:Desktop:LiftFlow/src/services/exportService.ts
2026-05-28T22:43:37.874Z expo:metro:tsconfig-paths @/lib/serviceResult -> /Users/timothybarrett/Desktop/:Desktop:LiftFlow/src/lib/serviceResult
2026-05-28T22:43:37.874Z expo:metro:tsconfig-paths @/api/client -> /Users/timothybarrett/Desktop/:Desktop:LiftFlow/src/api/client
2026-05-28T22:43:37.874Z expo:metro:tsconfig-paths @/supabase/client -> /Users/timothybarrett/Desktop/:Desktop:LiftFlow/src/supabase/client
2026-05-28T22:43:40.777Z expo:start:server:metro:metroWatchTypeScriptFiles Detected TypeScript file changed in the project:  /Users/timothybarrett/Desktop/:Desktop:LiftFlow/src/lib/db-mappers.ts
2026-05-28T22:43:44.026Z expo:start:server:metro:metroWatchTypeScriptFiles Detected TypeScript file changed in the project:  /Users/timothybarrett/Desktop/:Desktop:LiftFlow/src/services/bodyService.ts
| 2026-05-28T22:43:44.092Z expo:babel:env-vars Referencing environment variable in /Users/timothybarrett/Desktop/:Desktop:LiftFlow/src/services/bodyService.ts: EXPO_PUBLIC_API_URL
2026-05-28T22:43:44.104Z expo:metro:tsconfig-paths @/lib/db-mappers -> /Users/timothybarrett/Desktop/:Desktop:LiftFlow/src/lib/db-mappers
2026-05-28T22:43:44.104Z expo:metro:tsconfig-paths @/lib/serviceResult -> /Users/timothybarrett/Desktop/:Desktop:LiftFlow/src/lib/serviceResult
2026-05-28T22:43:44.104Z expo:metro:tsconfig-paths @/supabase/client -> /Users/timothybarrett/Desktop/:Desktop:LiftFlow/src/supabase/client
| 2026-05-28T22:43:44.094Z expo:babel:env-vars Referencing environment variable in /Users/timothybarrett/Desktop/:Desktop:LiftFlow/src/services/bodyService.ts: EXPO_PUBLIC_API_URL
2026-05-28T22:43:45.016Z expo:start:server:metro:metroWatchTypeScriptFiles Detected TypeScript file changed in the project:  /Users/timothybarrett/Desktop/:Desktop:LiftFlow/src/services/bodyService.ts
| 2026-05-28T22:43:45.081Z expo:babel:env-vars Referencing environment variable in /Users/timothybarrett/Desktop/:Desktop:LiftFlow/src/services/bodyService.ts: EXPO_PUBLIC_API_URL
2026-05-28T22:43:45.091Z expo:metro:tsconfig-paths @/lib/db-mappers -> /Users/timothybarrett/Desktop/:Desktop:LiftFlow/src/lib/db-mappers
2026-05-28T22:43:45.091Z expo:metro:tsconfig-paths @/lib/serviceResult -> /Users/timothybarrett/Desktop/:Desktop:LiftFlow/src/lib/serviceResult
2026-05-28T22:43:45.091Z expo:metro:tsconfig-paths @/supabase/client -> /Users/timothybarrett/Desktop/:Desktop:LiftFlow/src/supabase/client
| 2026-05-28T22:43:45.082Z expo:babel:env-vars Referencing environment variable in /Users/timothybarrett/Desktop/:Desktop:LiftFlow/src/services/bodyService.ts: EXPO_PUBLIC_API_URL
2026-05-28T22:43:45.448Z expo:start:server:metro:metroWatchTypeScriptFiles Detected TypeScript file changed in the project:  /Users/timothybarrett/Desktop/:Desktop:LiftFlow/src/services/workoutService.ts
 ERROR  SyntaxError: /Users/timothybarrett/Desktop/:Desktop:LiftFlow/src/services/workoutService.ts: 'return' outside of function. (352:17)

  350 |         .single();
  351 |
> 352 |       if (error) return fail(error.message);
      |                  ^
  353 |
  354 |       return ok({
  355 |         id: data.id,
    at constructor (/Users/timothybarrett/Desktop/:Desktop:LiftFlow/node_modules/@babel/parser/lib/index.js:365:19)
    at TypeScriptParserMixin.raise (/Users/timothybarrett/Desktop/:Desktop:LiftFlow/node_modules/@babel/parser/lib/index.js:6616:19)
    at TypeScriptParserMixin.parseReturnStatement (/Users/timothybarrett/Desktop/:Desktop:LiftFlow/node_modules/@babel/parser/lib/index.js:13153:12)
    at TypeScriptParserMixin.parseStatementContent (/Users/timothybarrett/Desktop/:Desktop:LiftFlow/node_modules/@babel/parser/lib/index.js:12815:21)
    at TypeScriptParserMixin.parseStatementContent (/Users/timothybarrett/Desktop/:Desktop:LiftFlow/node_modules/@babel/parser/lib/index.js:9525:18)
    at TypeScriptParserMixin.parseStatementLike (/Users/timothybarrett/Desktop/:Desktop:LiftFlow/node_modules/@babel/parser/lib/index.js:12784:17)
    at TypeScriptParserMixin.parseStatementOrSloppyAnnexBFunctionDeclaration (/Users/timothybarrett/Desktop/:Desktop:LiftFlow/node_modules/@babel/parser/lib/index.js:12774:17)
    at TypeScriptParserMixin.parseIfStatement (/Users/timothybarrett/Desktop/:Desktop:LiftFlow/node_modules/@babel/parser/lib/index.js:13147:28)
    at TypeScriptParserMixin.parseStatementContent (/Users/timothybarrett/Desktop/:Desktop:LiftFlow/node_modules/@babel/parser/lib/index.js:12813:21)
    at TypeScriptParserMixin.parseStatementContent (/Users/timothybarrett/Desktop/:Desktop:LiftFlow/node_modules/@babel/parser/lib/index.js:9525:18)
    at TypeScriptParserMixin.parseStatementLike (/Users/timothybarrett/Desktop/:Desktop:LiftFlow/node_modules/@babel/parser/lib/index.js:12784:17)
    at TypeScriptParserMixin.parseStatementListItem (/Users/timothybarrett/Desktop/:Desktop:LiftFlow/node_modules/@babel/parser/lib/index.js:12764:17)
    at TypeScriptParserMixin.parseBlockOrModuleBlockBody (/Users/timothybarrett/Desktop/:Desktop:LiftFlow/node_modules/@babel/parser/lib/index.js:13333:61)
    at TypeScriptParserMixin.parseBlockBody (/Users/timothybarrett/Desktop/:Desktop:LiftFlow/node_modules/@babel/parser/lib/index.js:13326:10)
    at TypeScriptParserMixin.parseBlock (/Users/timothybarrett/Desktop/:Desktop:LiftFlow/node_modules/@babel/parser/lib/index.js:13314:10)
    at TypeScriptParserMixin.parseTryStatement (/Users/timothybarrett/Desktop/:Desktop:LiftFlow/node_modules/@babel/parser/lib/index.js:13222:23)
    at TypeScriptParserMixin.parseStatementContent (/Users/timothybarrett/Desktop/:Desktop:LiftFlow/node_modules/@babel/parser/lib/index.js:12821:21)
    at TypeScriptParserMixin.parseStatementContent (/Users/timothybarrett/Desktop/:Desktop:LiftFlow/node_modules/@babel/parser/lib/index.js:9525:18)
    at TypeScriptParserMixin.parseStatementLike (/Users/timothybarrett/Desktop/:Desktop:LiftFlow/node_modules/@babel/parser/lib/index.js:12784:17)
    at TypeScriptParserMixin.parseModuleItem (/Users/timothybarrett/Desktop/:Desktop:LiftFlow/node_modules/@babel/parser/lib/index.js:12761:17)
    at TypeScriptParserMixin.parseBlockOrModuleBlockBody (/Users/timothybarrett/Desktop/:Desktop:LiftFlow/node_modules/@babel/parser/lib/index.js:13333:36)
    at TypeScriptParserMixin.parseBlockBody (/Users/timothybarrett/Desktop/:Desktop:LiftFlow/node_modules/@babel/parser/lib/index.js:13326:10)
    at TypeScriptParserMixin.parseProgram (/Users/timothybarrett/Desktop/:Desktop:LiftFlow/node_modules/@babel/parser/lib/index.js:12639:10)
    at TypeScriptParserMixin.parseTopLevel (/Users/timothybarrett/Desktop/:Desktop:LiftFlow/node_modules/@babel/parser/lib/index.js:12629:25)
    at TypeScriptParserMixin.parse (/Users/timothybarrett/Desktop/:Desktop:LiftFlow/node_modules/@babel/parser/lib/index.js:14505:25)
    at TypeScriptParserMixin.parse (/Users/timothybarrett/Desktop/:Desktop:LiftFlow/node_modules/@babel/parser/lib/index.js:10143:18)
    at parse (/Users/timothybarrett/Desktop/:Desktop:LiftFlow/node_modules/@babel/parser/lib/index.js:14518:26)
    at parser (/Users/timothybarrett/Desktop/:Desktop:LiftFlow/node_modules/@babel/core/lib/parser/index.js:41:34)
    at parser.next (<anonymous>)
    at normalizeFile (/Users/timothybarrett/Desktop/:Desktop:LiftFlow/node_modules/@babel/core/lib/transformation/normalize-file.js:51:37)
    at normalizeFile.next (<anonymous>)
    at run (/Users/timothybarrett/Desktop/:Desktop:LiftFlow/node_modules/@babel/core/lib/transformation/index.js:22:50)
    at run.next (<anonymous>)
    at transform (/Users/timothybarrett/Desktop/:Desktop:LiftFlow/node_modules/@babel/core/lib/transform.js:22:33)
    at transform.next (<anonymous>)
    at evaluateSync (/Users/timothybarrett/Desktop/:Desktop:LiftFlow/node_modules/gensync/index.js:251:28)
    at sync (/Users/timothybarrett/Desktop/:Desktop:LiftFlow/node_modules/gensync/index.js:89:14)
    at stopHiding - secret - don't use this - v1 (/Users/timothybarrett/Desktop/:Desktop:LiftFlow/node_modules/@babel/core/lib/errors/rewrite-stack-trace.js:47:12)
    at Object.transformSync (/Users/timothybarrett/Desktop/:Desktop:LiftFlow/node_modules/@babel/core/lib/transform.js:40:76)
    at parseWithBabel (/Users/timothybarrett/Desktop/:Desktop:LiftFlow/node_modules/@expo/metro-config/build/transformSync.js:75:18)
    at transformSync (/Users/timothybarrett/Desktop/:Desktop:LiftFlow/node_modules/@expo/metro-config/build/transformSync.js:54:16)
    at Object.transform (/Users/timothybarrett/Desktop/:Desktop:LiftFlow/node_modules/@expo/metro-config/build/babel-transformer.js:127:58)
    at transformJSWithBabel (/Users/timothybarrett/Desktop/:Desktop:LiftFlow/node_modules/@expo/metro-config/build/transform-worker/metro-transform-worker.js:468:47)
    at Object.transform (/Users/timothybarrett/Desktop/:Desktop:LiftFlow/node_modules/@expo/metro-config/build/transform-worker/metro-transform-worker.js:583:12)
    at Object.transform (/Users/timothybarrett/Desktop/:Desktop:LiftFlow/node_modules/@expo/metro-config/build/transform-worker/transform-worker.js:178:19)
    at transformFile (/Users/timothybarrett/Desktop/:Desktop:LiftFlow/node_modules/metro/src/DeltaBundler/Worker.flow.js:67:36)
    at Object.transform (/Users/timothybarrett/Desktop/:Desktop:LiftFlow/node_modules/metro/src/DeltaBundler/Worker.flow.js:42:10)
    at execFunction (/Users/timothybarrett/Desktop/:Desktop:LiftFlow/node_modules/jest-worker/build/workers/processChild.js:149:17)
    at execHelper (/Users/timothybarrett/Desktop/:Desktop:LiftFlow/node_modules/jest-worker/build/workers/processChild.js:137:5)
    at execMethod (/Users/timothybarrett/Desktop/:Desktop:LiftFlow/node_modules/jest-worker/build/workers/processChild.js:140:5)
2026-05-28T22:43:45.724Z expo:start:server:metro:metroWatchTypeScriptFiles Detected TypeScript file changed in the project:  /Users/timothybarrett/Desktop/:Desktop:LiftFlow/src/services/workoutService.ts
 ERROR  SyntaxError: /Users/timothybarrett/Desktop/:Desktop:LiftFlow/src/services/workoutService.ts: 'return' outside of function. (352:17)

  350 |         .single();
  351 |
> 352 |       if (error) return fail(error.message);
      |                  ^
  353 |
  354 |       return ok({
  355 |         id: data.id,
    at constructor (/Users/timothybarrett/Desktop/:Desktop:LiftFlow/node_modules/@babel/parser/lib/index.js:365:19)
    at TypeScriptParserMixin.raise (/Users/timothybarrett/Desktop/:Desktop:LiftFlow/node_modules/@babel/parser/lib/index.js:6616:19)
    at TypeScriptParserMixin.parseReturnStatement (/Users/timothybarrett/Desktop/:Desktop:LiftFlow/node_modules/@babel/parser/lib/index.js:13153:12)
    at TypeScriptParserMixin.parseStatementContent (/Users/timothybarrett/Desktop/:Desktop:LiftFlow/node_modules/@babel/parser/lib/index.js:12815:21)
    at TypeScriptParserMixin.parseStatementContent (/Users/timothybarrett/Desktop/:Desktop:LiftFlow/node_modules/@babel/parser/lib/index.js:9525:18)
    at TypeScriptParserMixin.parseStatementLike (/Users/timothybarrett/Desktop/:Desktop:LiftFlow/node_modules/@babel/parser/lib/index.js:12784:17)
    at TypeScriptParserMixin.parseStatementOrSloppyAnnexBFunctionDeclaration (/Users/timothybarrett/Desktop/:Desktop:LiftFlow/node_modules/@babel/parser/lib/index.js:12774:17)
    at TypeScriptParserMixin.parseIfStatement (/Users/timothybarrett/Desktop/:Desktop:LiftFlow/node_modules/@babel/parser/lib/index.js:13147:28)
    at TypeScriptParserMixin.parseStatementContent (/Users/timothybarrett/Desktop/:Desktop:LiftFlow/node_modules/@babel/parser/lib/index.js:12813:21)
    at TypeScriptParserMixin.parseStatementContent (/Users/timothybarrett/Desktop/:Desktop:LiftFlow/node_modules/@babel/parser/lib/index.js:9525:18)
    at TypeScriptParserMixin.parseStatementLike (/Users/timothybarrett/Desktop/:Desktop:LiftFlow/node_modules/@babel/parser/lib/index.js:12784:17)
    at TypeScriptParserMixin.parseStatementListItem (/Users/timothybarrett/Desktop/:Desktop:LiftFlow/node_modules/@babel/parser/lib/index.js:12764:17)
    at TypeScriptParserMixin.parseBlockOrModuleBlockBody (/Users/timothybarrett/Desktop/:Desktop:LiftFlow/node_modules/@babel/parser/lib/index.js:13333:61)
    at TypeScriptParserMixin.parseBlockBody (/Users/timothybarrett/Desktop/:Desktop:LiftFlow/node_modules/@babel/parser/lib/index.js:13326:10)
    at TypeScriptParserMixin.parseBlock (/Users/timothybarrett/Desktop/:Desktop:LiftFlow/node_modules/@babel/parser/lib/index.js:13314:10)
    at TypeScriptParserMixin.parseTryStatement (/Users/timothybarrett/Desktop/:Desktop:LiftFlow/node_modules/@babel/parser/lib/index.js:13222:23)
    at TypeScriptParserMixin.parseStatementContent (/Users/timothybarrett/Desktop/:Desktop:LiftFlow/node_modules/@babel/parser/lib/index.js:12821:21)
    at TypeScriptParserMixin.parseStatementContent (/Users/timothybarrett/Desktop/:Desktop:LiftFlow/node_modules/@babel/parser/lib/index.js:9525:18)
    at TypeScriptParserMixin.parseStatementLike (/Users/timothybarrett/Desktop/:Desktop:LiftFlow/node_modules/@babel/parser/lib/index.js:12784:17)
    at TypeScriptParserMixin.parseModuleItem (/Users/timothybarrett/Desktop/:Desktop:LiftFlow/node_modules/@babel/parser/lib/index.js:12761:17)
    at TypeScriptParserMixin.parseBlockOrModuleBlockBody (/Users/timothybarrett/Desktop/:Desktop:LiftFlow/node_modules/@babel/parser/lib/index.js:13333:36)
    at TypeScriptParserMixin.parseBlockBody (/Users/timothybarrett/Desktop/:Desktop:LiftFlow/node_modules/@babel/parser/lib/index.js:13326:10)
    at TypeScriptParserMixin.parseProgram (/Users/timothybarrett/Desktop/:Desktop:LiftFlow/node_modules/@babel/parser/lib/index.js:12639:10)
    at TypeScriptParserMixin.parseTopLevel (/Users/timothybarrett/Desktop/:Desktop:LiftFlow/node_modules/@babel/parser/lib/index.js:12629:25)
    at TypeScriptParserMixin.parse (/Users/timothybarrett/Desktop/:Desktop:LiftFlow/node_modules/@babel/parser/lib/index.js:14505:25)
    at TypeScriptParserMixin.parse (/Users/timothybarrett/Desktop/:Desktop:LiftFlow/node_modules/@babel/parser/lib/index.js:10143:18)
    at parse (/Users/timothybarrett/Desktop/:Desktop:LiftFlow/node_modules/@babel/parser/lib/index.js:14518:26)
    at parser (/Users/timothybarrett/Desktop/:Desktop:LiftFlow/node_modules/@babel/core/lib/parser/index.js:41:34)
    at parser.next (<anonymous>)
    at normalizeFile (/Users/timothybarrett/Desktop/:Desktop:LiftFlow/node_modules/@babel/core/lib/transformation/normalize-file.js:51:37)
    at normalizeFile.next (<anonymous>)
    at run (/Users/timothybarrett/Desktop/:Desktop:LiftFlow/node_modules/@babel/core/lib/transformation/index.js:22:50)
    at run.next (<anonymous>)
    at transform (/Users/timothybarrett/Desktop/:Desktop:LiftFlow/node_modules/@babel/core/lib/transform.js:22:33)
    at transform.next (<anonymous>)
    at evaluateSync (/Users/timothybarrett/Desktop/:Desktop:LiftFlow/node_modules/gensync/index.js:251:28)
    at sync (/Users/timothybarrett/Desktop/:Desktop:LiftFlow/node_modules/gensync/index.js:89:14)
    at stopHiding - secret - don't use this - v1 (/Users/timothybarrett/Desktop/:Desktop:LiftFlow/node_modules/@babel/core/lib/errors/rewrite-stack-trace.js:47:12)
    at Object.transformSync (/Users/timothybarrett/Desktop/:Desktop:LiftFlow/node_modules/@babel/core/lib/transform.js:40:76)
    at parseWithBabel (/Users/timothybarrett/Desktop/:Desktop:LiftFlow/node_modules/@expo/metro-config/build/transformSync.js:75:18)
    at transformSync (/Users/timothybarrett/Desktop/:Desktop:LiftFlow/node_modules/@expo/metro-config/build/transformSync.js:54:16)
    at Object.transform (/Users/timothybarrett/Desktop/:Desktop:LiftFlow/node_modules/@expo/metro-config/build/babel-transformer.js:127:58)
    at transformJSWithBabel (/Users/timothybarrett/Desktop/:Desktop:LiftFlow/node_modules/@expo/metro-config/build/transform-worker/metro-transform-worker.js:468:47)
    at Object.transform (/Users/timothybarrett/Desktop/:Desktop:LiftFlow/node_modules/@expo/metro-config/build/transform-worker/metro-transform-worker.js:583:12)
    at Object.transform (/Users/timothybarrett/Desktop/:Desktop:LiftFlow/node_modules/@expo/metro-config/build/transform-worker/transform-worker.js:178:19)
    at transformFile (/Users/timothybarrett/Desktop/:Desktop:LiftFlow/node_modules/metro/src/DeltaBundler/Worker.flow.js:67:36)
    at Object.transform (/Users/timothybarrett/Desktop/:Desktop:LiftFlow/node_modules/metro/src/DeltaBundler/Worker.flow.js:42:10)
    at execFunction (/Users/timothybarrett/Desktop/:Desktop:LiftFlow/node_modules/jest-worker/build/workers/processChild.js:149:17)
    at execHelper (/Users/timothybarrett/Desktop/:Desktop:LiftFlow/node_modules/jest-worker/build/workers/processChild.js:137:5)
    at execMethod (/Users/timothybarrett/Desktop/:Desktop:LiftFlow/node_modules/jest-worker/build/workers/processChild.js:140:5)
2026-05-28T22:43:46.344Z expo:start:server:metro:metroWatchTypeScriptFiles Detected TypeScript file changed in the project:  /Users/timothybarrett/Desktop/:Desktop:LiftFlow/src/services/nutritionService.ts
2026-05-28T22:43:46.426Z expo:metro:tsconfig-paths @/lib/db-mappers -> /Users/timothybarrett/Desktop/:Desktop:LiftFlow/src/lib/db-mappers
2026-05-28T22:43:46.426Z expo:metro:tsconfig-paths @/lib/serviceResult -> /Users/timothybarrett/Desktop/:Desktop:LiftFlow/src/lib/serviceResult
2026-05-28T22:43:46.426Z expo:metro:tsconfig-paths @/supabase/client -> /Users/timothybarrett/Desktop/:Desktop:LiftFlow/src/supabase/client
2026-05-28T22:43:46.426Z expo:metro:tsconfig-paths @/api/client -> /Users/timothybarrett/Desktop/:Desktop:LiftFlow/src/api/client
 ERROR  SyntaxError: /Users/timothybarrett/Desktop/:Desktop:LiftFlow/src/services/workoutService.ts: 'return' outside of function. (352:17)

  350 |         .single();
  351 |
> 352 |       if (error) return fail(error.message);
      |                  ^
  353 |
  354 |       return ok({
  355 |         id: data.id,
    at constructor (/Users/timothybarrett/Desktop/:Desktop:LiftFlow/node_modules/@babel/parser/lib/index.js:365:19)
    at TypeScriptParserMixin.raise (/Users/timothybarrett/Desktop/:Desktop:LiftFlow/node_modules/@babel/parser/lib/index.js:6616:19)
    at TypeScriptParserMixin.parseReturnStatement (/Users/timothybarrett/Desktop/:Desktop:LiftFlow/node_modules/@babel/parser/lib/index.js:13153:12)
    at TypeScriptParserMixin.parseStatementContent (/Users/timothybarrett/Desktop/:Desktop:LiftFlow/node_modules/@babel/parser/lib/index.js:12815:21)
    at TypeScriptParserMixin.parseStatementContent (/Users/timothybarrett/Desktop/:Desktop:LiftFlow/node_modules/@babel/parser/lib/index.js:9525:18)
    at TypeScriptParserMixin.parseStatementLike (/Users/timothybarrett/Desktop/:Desktop:LiftFlow/node_modules/@babel/parser/lib/index.js:12784:17)
    at TypeScriptParserMixin.parseStatementOrSloppyAnnexBFunctionDeclaration (/Users/timothybarrett/Desktop/:Desktop:LiftFlow/node_modules/@babel/parser/lib/index.js:12774:17)
    at TypeScriptParserMixin.parseIfStatement (/Users/timothybarrett/Desktop/:Desktop:LiftFlow/node_modules/@babel/parser/lib/index.js:13147:28)
    at TypeScriptParserMixin.parseStatementContent (/Users/timothybarrett/Desktop/:Desktop:LiftFlow/node_modules/@babel/parser/lib/index.js:12813:21)
    at TypeScriptParserMixin.parseStatementContent (/Users/timothybarrett/Desktop/:Desktop:LiftFlow/node_modules/@babel/parser/lib/index.js:9525:18)
    at TypeScriptParserMixin.parseStatementLike (/Users/timothybarrett/Desktop/:Desktop:LiftFlow/node_modules/@babel/parser/lib/index.js:12784:17)
    at TypeScriptParserMixin.parseStatementListItem (/Users/timothybarrett/Desktop/:Desktop:LiftFlow/node_modules/@babel/parser/lib/index.js:12764:17)
    at TypeScriptParserMixin.parseBlockOrModuleBlockBody (/Users/timothybarrett/Desktop/:Desktop:LiftFlow/node_modules/@babel/parser/lib/index.js:13333:61)
    at TypeScriptParserMixin.parseBlockBody (/Users/timothybarrett/Desktop/:Desktop:LiftFlow/node_modules/@babel/parser/lib/index.js:13326:10)
    at TypeScriptParserMixin.parseBlock (/Users/timothybarrett/Desktop/:Desktop:LiftFlow/node_modules/@babel/parser/lib/index.js:13314:10)
    at TypeScriptParserMixin.parseTryStatement (/Users/timothybarrett/Desktop/:Desktop:LiftFlow/node_modules/@babel/parser/lib/index.js:13222:23)
    at TypeScriptParserMixin.parseStatementContent (/Users/timothybarrett/Desktop/:Desktop:LiftFlow/node_modules/@babel/parser/lib/index.js:12821:21)
    at TypeScriptParserMixin.parseStatementContent (/Users/timothybarrett/Desktop/:Desktop:LiftFlow/node_modules/@babel/parser/lib/index.js:9525:18)
    at TypeScriptParserMixin.parseStatementLike (/Users/timothybarrett/Desktop/:Desktop:LiftFlow/node_modules/@babel/parser/lib/index.js:12784:17)
    at TypeScriptParserMixin.parseModuleItem (/Users/timothybarrett/Desktop/:Desktop:LiftFlow/node_modules/@babel/parser/lib/index.js:12761:17)
    at TypeScriptParserMixin.parseBlockOrModuleBlockBody (/Users/timothybarrett/Desktop/:Desktop:LiftFlow/node_modules/@babel/parser/lib/index.js:13333:36)
    at TypeScriptParserMixin.parseBlockBody (/Users/timothybarrett/Desktop/:Desktop:LiftFlow/node_modules/@babel/parser/lib/index.js:13326:10)
    at TypeScriptParserMixin.parseProgram (/Users/timothybarrett/Desktop/:Desktop:LiftFlow/node_modules/@babel/parser/lib/index.js:12639:10)
    at TypeScriptParserMixin.parseTopLevel (/Users/timothybarrett/Desktop/:Desktop:LiftFlow/node_modules/@babel/parser/lib/index.js:12629:25)
    at TypeScriptParserMixin.parse (/Users/timothybarrett/Desktop/:Desktop:LiftFlow/node_modules/@babel/parser/lib/index.js:14505:25)
    at TypeScriptParserMixin.parse (/Users/timothybarrett/Desktop/:Desktop:LiftFlow/node_modules/@babel/parser/lib/index.js:10143:18)
    at parse (/Users/timothybarrett/Desktop/:Desktop:LiftFlow/node_modules/@babel/parser/lib/index.js:14518:26)
    at parser (/Users/timothybarrett/Desktop/:Desktop:LiftFlow/node_modules/@babel/core/lib/parser/index.js:41:34)
    at parser.next (<anonymous>)
    at normalizeFile (/Users/timothybarrett/Desktop/:Desktop:LiftFlow/node_modules/@babel/core/lib/transformation/normalize-file.js:51:37)
    at normalizeFile.next (<anonymous>)
    at run (/Users/timothybarrett/Desktop/:Desktop:LiftFlow/node_modules/@babel/core/lib/transformation/index.js:22:50)
    at run.next (<anonymous>)
    at transform (/Users/timothybarrett/Desktop/:Desktop:LiftFlow/node_modules/@babel/core/lib/transform.js:22:33)
    at transform.next (<anonymous>)
    at evaluateSync (/Users/timothybarrett/Desktop/:Desktop:LiftFlow/node_modules/gensync/index.js:251:28)
    at sync (/Users/timothybarrett/Desktop/:Desktop:LiftFlow/node_modules/gensync/index.js:89:14)
    at stopHiding - secret - don't use this - v1 (/Users/timothybarrett/Desktop/:Desktop:LiftFlow/node_modules/@babel/core/lib/errors/rewrite-stack-trace.js:47:12)
    at Object.transformSync (/Users/timothybarrett/Desktop/:Desktop:LiftFlow/node_modules/@babel/core/lib/transform.js:40:76)
    at parseWithBabel (/Users/timothybarrett/Desktop/:Desktop:LiftFlow/node_modules/@expo/metro-config/build/transformSync.js:75:18)
    at transformSync (/Users/timothybarrett/Desktop/:Desktop:LiftFlow/node_modules/@expo/metro-config/build/transformSync.js:54:16)
    at Object.transform (/Users/timothybarrett/Desktop/:Desktop:LiftFlow/node_modules/@expo/metro-config/build/babel-transformer.js:127:58)
    at transformJSWithBabel (/Users/timothybarrett/Desktop/:Desktop:LiftFlow/node_modules/@expo/metro-config/build/transform-worker/metro-transform-worker.js:468:47)
    at Object.transform (/Users/timothybarrett/Desktop/:Desktop:LiftFlow/node_modules/@expo/metro-config/build/transform-worker/metro-transform-worker.js:583:12)
    at Object.transform (/Users/timothybarrett/Desktop/:Desktop:LiftFlow/node_modules/@expo/metro-config/build/transform-worker/transform-worker.js:178:19)
    at transformFile (/Users/timothybarrett/Desktop/:Desktop:LiftFlow/node_modules/metro/src/DeltaBundler/Worker.flow.js:67:36)
    at Object.transform (/Users/timothybarrett/Desktop/:Desktop:LiftFlow/node_modules/metro/src/DeltaBundler/Worker.flow.js:42:10)
    at execFunction (/Users/timothybarrett/Desktop/:Desktop:LiftFlow/node_modules/jest-worker/build/workers/processChild.js:149:17)
    at execHelper (/Users/timothybarrett/Desktop/:Desktop:LiftFlow/node_modules/jest-worker/build/workers/processChild.js:137:5)
    at execMethod (/Users/timothybarrett/Desktop/:Desktop:LiftFlow/node_modules/jest-worker/build/workers/processChild.js:140:5)
2026-05-28T22:43:46.559Z expo:start:server:metro:metroWatchTypeScriptFiles Detected TypeScript file changed in the project:  /Users/timothybarrett/Desktop/:Desktop:LiftFlow/src/services/aiService.ts
2026-05-28T22:43:46.612Z expo:metro:tsconfig-paths @/lib/db-mappers -> /Users/timothybarrett/Desktop/:Desktop:LiftFlow/src/lib/db-mappers
2026-05-28T22:43:46.612Z expo:metro:tsconfig-paths @/lib/serviceResult -> /Users/timothybarrett/Desktop/:Desktop:LiftFlow/src/lib/serviceResult
2026-05-28T22:43:46.612Z expo:metro:tsconfig-paths @/supabase/client -> /Users/timothybarrett/Desktop/:Desktop:LiftFlow/src/supabase/client
2026-05-28T22:43:46.612Z expo:metro:tsconfig-paths @/api/client -> /Users/timothybarrett/Desktop/:Desktop:LiftFlow/src/api/client
| 2026-05-28T22:43:46.628Z expo:babel:env-vars Referencing environment variable in /Users/timothybarrett/Desktop/:Desktop:LiftFlow/src/services/aiService.ts: EXPO_PUBLIC_API_URL
 ERROR  SyntaxError: /Users/timothybarrett/Desktop/:Desktop:LiftFlow/src/services/workoutService.ts: 'return' outside of function. (352:17)

  350 |         .single();
  351 |
> 352 |       if (error) return fail(error.message);
      |                  ^
  353 |
  354 |       return ok({
  355 |         id: data.id,
    at constructor (/Users/timothybarrett/Desktop/:Desktop:LiftFlow/node_modules/@babel/parser/lib/index.js:365:19)
    at TypeScriptParserMixin.raise (/Users/timothybarrett/Desktop/:Desktop:LiftFlow/node_modules/@babel/parser/lib/index.js:6616:19)
    at TypeScriptParserMixin.parseReturnStatement (/Users/timothybarrett/Desktop/:Desktop:LiftFlow/node_modules/@babel/parser/lib/index.js:13153:12)
    at TypeScriptParserMixin.parseStatementContent (/Users/timothybarrett/Desktop/:Desktop:LiftFlow/node_modules/@babel/parser/lib/index.js:12815:21)
    at TypeScriptParserMixin.parseStatementContent (/Users/timothybarrett/Desktop/:Desktop:LiftFlow/node_modules/@babel/parser/lib/index.js:9525:18)
    at TypeScriptParserMixin.parseStatementLike (/Users/timothybarrett/Desktop/:Desktop:LiftFlow/node_modules/@babel/parser/lib/index.js:12784:17)
    at TypeScriptParserMixin.parseStatementOrSloppyAnnexBFunctionDeclaration (/Users/timothybarrett/Desktop/:Desktop:LiftFlow/node_modules/@babel/parser/lib/index.js:12774:17)
    at TypeScriptParserMixin.parseIfStatement (/Users/timothybarrett/Desktop/:Desktop:LiftFlow/node_modules/@babel/parser/lib/index.js:13147:28)
    at TypeScriptParserMixin.parseStatementContent (/Users/timothybarrett/Desktop/:Desktop:LiftFlow/node_modules/@babel/parser/lib/index.js:12813:21)
    at TypeScriptParserMixin.parseStatementContent (/Users/timothybarrett/Desktop/:Desktop:LiftFlow/node_modules/@babel/parser/lib/index.js:9525:18)
    at TypeScriptParserMixin.parseStatementLike (/Users/timothybarrett/Desktop/:Desktop:LiftFlow/node_modules/@babel/parser/lib/index.js:12784:17)
    at TypeScriptParserMixin.parseStatementListItem (/Users/timothybarrett/Desktop/:Desktop:LiftFlow/node_modules/@babel/parser/lib/index.js:12764:17)
    at TypeScriptParserMixin.parseBlockOrModuleBlockBody (/Users/timothybarrett/Desktop/:Desktop:LiftFlow/node_modules/@babel/parser/lib/index.js:13333:61)
    at TypeScriptParserMixin.parseBlockBody (/Users/timothybarrett/Desktop/:Desktop:LiftFlow/node_modules/@babel/parser/lib/index.js:13326:10)
    at TypeScriptParserMixin.parseBlock (/Users/timothybarrett/Desktop/:Desktop:LiftFlow/node_modules/@babel/parser/lib/index.js:13314:10)
    at TypeScriptParserMixin.parseTryStatement (/Users/timothybarrett/Desktop/:Desktop:LiftFlow/node_modules/@babel/parser/lib/index.js:13222:23)
    at TypeScriptParserMixin.parseStatementContent (/Users/timothybarrett/Desktop/:Desktop:LiftFlow/node_modules/@babel/parser/lib/index.js:12821:21)
    at TypeScriptParserMixin.parseStatementContent (/Users/timothybarrett/Desktop/:Desktop:LiftFlow/node_modules/@babel/parser/lib/index.js:9525:18)
    at TypeScriptParserMixin.parseStatementLike (/Users/timothybarrett/Desktop/:Desktop:LiftFlow/node_modules/@babel/parser/lib/index.js:12784:17)
    at TypeScriptParserMixin.parseModuleItem (/Users/timothybarrett/Desktop/:Desktop:LiftFlow/node_modules/@babel/parser/lib/index.js:12761:17)
    at TypeScriptParserMixin.parseBlockOrModuleBlockBody (/Users/timothybarrett/Desktop/:Desktop:LiftFlow/node_modules/@babel/parser/lib/index.js:13333:36)
    at TypeScriptParserMixin.parseBlockBody (/Users/timothybarrett/Desktop/:Desktop:LiftFlow/node_modules/@babel/parser/lib/index.js:13326:10)
    at TypeScriptParserMixin.parseProgram (/Users/timothybarrett/Desktop/:Desktop:LiftFlow/node_modules/@babel/parser/lib/index.js:12639:10)
    at TypeScriptParserMixin.parseTopLevel (/Users/timothybarrett/Desktop/:Desktop:LiftFlow/node_modules/@babel/parser/lib/index.js:12629:25)
    at TypeScriptParserMixin.parse (/Users/timothybarrett/Desktop/:Desktop:LiftFlow/node_modules/@babel/parser/lib/index.js:14505:25)
    at TypeScriptParserMixin.parse (/Users/timothybarrett/Desktop/:Desktop:LiftFlow/node_modules/@babel/parser/lib/index.js:10143:18)
    at parse (/Users/timothybarrett/Desktop/:Desktop:LiftFlow/node_modules/@babel/parser/lib/index.js:14518:26)
    at parser (/Users/timothybarrett/Desktop/:Desktop:LiftFlow/node_modules/@babel/core/lib/parser/index.js:41:34)
    at parser.next (<anonymous>)
    at normalizeFile (/Users/timothybarrett/Desktop/:Desktop:LiftFlow/node_modules/@babel/core/lib/transformation/normalize-file.js:51:37)
    at normalizeFile.next (<anonymous>)
    at run (/Users/timothybarrett/Desktop/:Desktop:LiftFlow/node_modules/@babel/core/lib/transformation/index.js:22:50)
    at run.next (<anonymous>)
    at transform (/Users/timothybarrett/Desktop/:Desktop:LiftFlow/node_modules/@babel/core/lib/transform.js:22:33)
    at transform.next (<anonymous>)
    at evaluateSync (/Users/timothybarrett/Desktop/:Desktop:LiftFlow/node_modules/gensync/index.js:251:28)
    at sync (/Users/timothybarrett/Desktop/:Desktop:LiftFlow/node_modules/gensync/index.js:89:14)
    at stopHiding - secret - don't use this - v1 (/Users/timothybarrett/Desktop/:Desktop:LiftFlow/node_modules/@babel/core/lib/errors/rewrite-stack-trace.js:47:12)
    at Object.transformSync (/Users/timothybarrett/Desktop/:Desktop:LiftFlow/node_modules/@babel/core/lib/transform.js:40:76)
    at parseWithBabel (/Users/timothybarrett/Desktop/:Desktop:LiftFlow/node_modules/@expo/metro-config/build/transformSync.js:75:18)
    at transformSync (/Users/timothybarrett/Desktop/:Desktop:LiftFlow/node_modules/@expo/metro-config/build/transformSync.js:54:16)
    at Object.transform (/Users/timothybarrett/Desktop/:Desktop:LiftFlow/node_modules/@expo/metro-config/build/babel-transformer.js:127:58)
    at transformJSWithBabel (/Users/timothybarrett/Desktop/:Desktop:LiftFlow/node_modules/@expo/metro-config/build/transform-worker/metro-transform-worker.js:468:47)
    at Object.transform (/Users/timothybarrett/Desktop/:Desktop:LiftFlow/node_modules/@expo/metro-config/build/transform-worker/metro-transform-worker.js:583:12)
    at Object.transform (/Users/timothybarrett/Desktop/:Desktop:LiftFlow/node_modules/@expo/metro-config/build/transform-worker/transform-worker.js:178:19)
    at transformFile (/Users/timothybarrett/Desktop/:Desktop:LiftFlow/node_modules/metro/src/DeltaBundler/Worker.flow.js:67:36)
    at Object.transform (/Users/timothybarrett/Desktop/:Desktop:LiftFlow/node_modules/metro/src/DeltaBundler/Worker.flow.js:42:10)
    at execFunction (/Users/timothybarrett/Desktop/:Desktop:LiftFlow/node_modules/jest-worker/build/workers/processChild.js:149:17)
    at execHelper (/Users/timothybarrett/Desktop/:Desktop:LiftFlow/node_modules/jest-worker/build/workers/processChild.js:137:5)
    at execMethod (/Users/timothybarrett/Desktop/:Desktop:LiftFlow/node_modules/jest-worker/build/workers/processChild.js:140:5)
2026-05-28T22:43:46.805Z expo:start:server:metro:metroWatchTypeScriptFiles Detected TypeScript file changed in the project:  /Users/timothybarrett/Desktop/:Desktop:LiftFlow/src/services/exportService.ts
2026-05-28T22:43:46.858Z expo:metro:tsconfig-paths @/lib/db-mappers -> /Users/timothybarrett/Desktop/:Desktop:LiftFlow/src/lib/db-mappers
2026-05-28T22:43:46.858Z expo:metro:tsconfig-paths @/lib/serviceResult -> /Users/timothybarrett/Desktop/:Desktop:LiftFlow/src/lib/serviceResult
2026-05-28T22:43:46.858Z expo:metro:tsconfig-paths @/supabase/client -> /Users/timothybarrett/Desktop/:Desktop:LiftFlow/src/supabase/client
2026-05-28T22:43:46.858Z expo:metro:tsconfig-paths @/api/client -> /Users/timothybarrett/Desktop/:Desktop:LiftFlow/src/api/client
 ERROR  SyntaxError: /Users/timothybarrett/Desktop/:Desktop:LiftFlow/src/services/workoutService.ts: 'return' outside of function. (352:17)

  350 |         .single();
  351 |
> 352 |       if (error) return fail(error.message);
      |                  ^
  353 |
  354 |       return ok({
  355 |         id: data.id,
    at constructor (/Users/timothybarrett/Desktop/:Desktop:LiftFlow/node_modules/@babel/parser/lib/index.js:365:19)
    at TypeScriptParserMixin.raise (/Users/timothybarrett/Desktop/:Desktop:LiftFlow/node_modules/@babel/parser/lib/index.js:6616:19)
    at TypeScriptParserMixin.parseReturnStatement (/Users/timothybarrett/Desktop/:Desktop:LiftFlow/node_modules/@babel/parser/lib/index.js:13153:12)
    at TypeScriptParserMixin.parseStatementContent (/Users/timothybarrett/Desktop/:Desktop:LiftFlow/node_modules/@babel/parser/lib/index.js:12815:21)
    at TypeScriptParserMixin.parseStatementContent (/Users/timothybarrett/Desktop/:Desktop:LiftFlow/node_modules/@babel/parser/lib/index.js:9525:18)
    at TypeScriptParserMixin.parseStatementLike (/Users/timothybarrett/Desktop/:Desktop:LiftFlow/node_modules/@babel/parser/lib/index.js:12784:17)
    at TypeScriptParserMixin.parseStatementOrSloppyAnnexBFunctionDeclaration (/Users/timothybarrett/Desktop/:Desktop:LiftFlow/node_modules/@babel/parser/lib/index.js:12774:17)
    at TypeScriptParserMixin.parseIfStatement (/Users/timothybarrett/Desktop/:Desktop:LiftFlow/node_modules/@babel/parser/lib/index.js:13147:28)
    at TypeScriptParserMixin.parseStatementContent (/Users/timothybarrett/Desktop/:Desktop:LiftFlow/node_modules/@babel/parser/lib/index.js:12813:21)
    at TypeScriptParserMixin.parseStatementContent (/Users/timothybarrett/Desktop/:Desktop:LiftFlow/node_modules/@babel/parser/lib/index.js:9525:18)
    at TypeScriptParserMixin.parseStatementLike (/Users/timothybarrett/Desktop/:Desktop:LiftFlow/node_modules/@babel/parser/lib/index.js:12784:17)
    at TypeScriptParserMixin.parseStatementListItem (/Users/timothybarrett/Desktop/:Desktop:LiftFlow/node_modules/@babel/parser/lib/index.js:12764:17)
    at TypeScriptParserMixin.parseBlockOrModuleBlockBody (/Users/timothybarrett/Desktop/:Desktop:LiftFlow/node_modules/@babel/parser/lib/index.js:13333:61)
    at TypeScriptParserMixin.parseBlockBody (/Users/timothybarrett/Desktop/:Desktop:LiftFlow/node_modules/@babel/parser/lib/index.js:13326:10)
    at TypeScriptParserMixin.parseBlock (/Users/timothybarrett/Desktop/:Desktop:LiftFlow/node_modules/@babel/parser/lib/index.js:13314:10)
    at TypeScriptParserMixin.parseTryStatement (/Users/timothybarrett/Desktop/:Desktop:LiftFlow/node_modules/@babel/parser/lib/index.js:13222:23)
    at TypeScriptParserMixin.parseStatementContent (/Users/timothybarrett/Desktop/:Desktop:LiftFlow/node_modules/@babel/parser/lib/index.js:12821:21)
    at TypeScriptParserMixin.parseStatementContent (/Users/timothybarrett/Desktop/:Desktop:LiftFlow/node_modules/@babel/parser/lib/index.js:9525:18)
    at TypeScriptParserMixin.parseStatementLike (/Users/timothybarrett/Desktop/:Desktop:LiftFlow/node_modules/@babel/parser/lib/index.js:12784:17)
    at TypeScriptParserMixin.parseModuleItem (/Users/timothybarrett/Desktop/:Desktop:LiftFlow/node_modules/@babel/parser/lib/index.js:12761:17)
    at TypeScriptParserMixin.parseBlockOrModuleBlockBody (/Users/timothybarrett/Desktop/:Desktop:LiftFlow/node_modules/@babel/parser/lib/index.js:13333:36)
    at TypeScriptParserMixin.parseBlockBody (/Users/timothybarrett/Desktop/:Desktop:LiftFlow/node_modules/@babel/parser/lib/index.js:13326:10)
    at TypeScriptParserMixin.parseProgram (/Users/timothybarrett/Desktop/:Desktop:LiftFlow/node_modules/@babel/parser/lib/index.js:12639:10)
    at TypeScriptParserMixin.parseTopLevel (/Users/timothybarrett/Desktop/:Desktop:LiftFlow/node_modules/@babel/parser/lib/index.js:12629:25)
    at TypeScriptParserMixin.parse (/Users/timothybarrett/Desktop/:Desktop:LiftFlow/node_modules/@babel/parser/lib/index.js:14505:25)
    at TypeScriptParserMixin.parse (/Users/timothybarrett/Desktop/:Desktop:LiftFlow/node_modules/@babel/parser/lib/index.js:10143:18)
    at parse (/Users/timothybarrett/Desktop/:Desktop:LiftFlow/node_modules/@babel/parser/lib/index.js:14518:26)
    at parser (/Users/timothybarrett/Desktop/:Desktop:LiftFlow/node_modules/@babel/core/lib/parser/index.js:41:34)
    at parser.next (<anonymous>)
    at normalizeFile (/Users/timothybarrett/Desktop/:Desktop:LiftFlow/node_modules/@babel/core/lib/transformation/normalize-file.js:51:37)
    at normalizeFile.next (<anonymous>)
    at run (/Users/timothybarrett/Desktop/:Desktop:LiftFlow/node_modules/@babel/core/lib/transformation/index.js:22:50)
    at run.next (<anonymous>)
    at transform (/Users/timothybarrett/Desktop/:Desktop:LiftFlow/node_modules/@babel/core/lib/transform.js:22:33)
    at transform.next (<anonymous>)
    at evaluateSync (/Users/timothybarrett/Desktop/:Desktop:LiftFlow/node_modules/gensync/index.js:251:28)
    at sync (/Users/timothybarrett/Desktop/:Desktop:LiftFlow/node_modules/gensync/index.js:89:14)
    at stopHiding - secret - don't use this - v1 (/Users/timothybarrett/Desktop/:Desktop:LiftFlow/node_modules/@babel/core/lib/errors/rewrite-stack-trace.js:47:12)
    at Object.transformSync (/Users/timothybarrett/Desktop/:Desktop:LiftFlow/node_modules/@babel/core/lib/transform.js:40:76)
    at parseWithBabel (/Users/timothybarrett/Desktop/:Desktop:LiftFlow/node_modules/@expo/metro-config/build/transformSync.js:75:18)
    at transformSync (/Users/timothybarrett/Desktop/:Desktop:LiftFlow/node_modules/@expo/metro-config/build/transformSync.js:54:16)
    at Object.transform (/Users/timothybarrett/Desktop/:Desktop:LiftFlow/node_modules/@expo/metro-config/build/babel-transformer.js:127:58)
    at transformJSWithBabel (/Users/timothybarrett/Desktop/:Desktop:LiftFlow/node_modules/@expo/metro-config/build/transform-worker/metro-transform-worker.js:468:47)
    at Object.transform (/Users/timothybarrett/Desktop/:Desktop:LiftFlow/node_modules/@expo/metro-config/build/transform-worker/metro-transform-worker.js:583:12)
    at Object.transform (/Users/timothybarrett/Desktop/:Desktop:LiftFlow/node_modules/@expo/metro-config/build/transform-worker/transform-worker.js:178:19)
    at transformFile (/Users/timothybarrett/Desktop/:Desktop:LiftFlow/node_modules/metro/src/DeltaBundler/Worker.flow.js:67:36)
    at Object.transform (/Users/timothybarrett/Desktop/:Desktop:LiftFlow/node_modules/metro/src/DeltaBundler/Worker.flow.js:42:10)
    at execFunction (/Users/timothybarrett/Desktop/:Desktop:LiftFlow/node_modules/jest-worker/build/workers/processChild.js:149:17)
    at execHelper (/Users/timothybarrett/Desktop/:Desktop:LiftFlow/node_modules/jest-worker/build/workers/processChild.js:137:5)
    at execMethod (/Users/timothybarrett/Desktop/:Desktop:LiftFlow/node_modules/jest-worker/build/workers/processChild.js:140:5)
2026-05-28T22:43:54.333Z expo:start:server:metro:metroWatchTypeScriptFiles Detected TypeScript file changed in the project:  /Users/timothybarrett/Desktop/:Desktop:LiftFlow/src/services/workoutService.ts
2026-05-28T22:43:54.385Z expo:metro:tsconfig-paths @/lib/db-mappers -> /Users/timothybarrett/Desktop/:Desktop:LiftFlow/src/lib/db-mappers
2026-05-28T22:43:54.385Z expo:metro:tsconfig-paths @/lib/serviceResult -> /Users/timothybarrett/Desktop/:Desktop:LiftFlow/src/lib/serviceResult
2026-05-28T22:43:54.385Z expo:metro:tsconfig-paths @/supabase/client -> /Users/timothybarrett/Desktop/:Desktop:LiftFlow/src/supabase/client
2026-05-28T22:43:54.385Z expo:metro:tsconfig-paths @/api/client -> /Users/timothybarrett/Desktop/:Desktop:LiftFlow/src/api/client
2026-05-28T22:43:58.079Z expo:start:server:metro:metroWatchTypeScriptFiles Detected TypeScript file changed in the project:  /Users/timothybarrett/Desktop/:Desktop:LiftFlow/src/services/analyticsService.ts
2026-05-28T22:43:58.151Z expo:metro:tsconfig-paths @/lib/db-mappers -> /Users/timothybarrett/Desktop/:Desktop:LiftFlow/src/lib/db-mappers
2026-05-28T22:43:58.151Z expo:metro:tsconfig-paths @/lib/serviceResult -> /Users/timothybarrett/Desktop/:Desktop:LiftFlow/src/lib/serviceResult
2026-05-28T22:43:58.151Z expo:metro:tsconfig-paths @/supabase/client -> /Users/timothybarrett/Desktop/:Desktop:LiftFlow/src/supabase/client
2026-05-28T22:44:03.927Z expo:start:server:metro:metroWatchTypeScriptFiles Detected TypeScript file changed in the project:  /Users/timothybarrett/Desktop/:Desktop:LiftFlow/backend/src/routes/body.ts
2026-05-28T22:44:03.927Z expo:start:server:metro:metroWatchTypeScriptFiles Detected TypeScript file changed in the project:  /Users/timothybarrett/Desktop/:Desktop:LiftFlow/backend/src/lib/pdfExport.ts
2026-05-28T22:44:03.927Z expo:start:server:metro:metroWatchTypeScriptFiles Detected TypeScript file changed in the project:  /Users/timothybarrett/Desktop/:Desktop:LiftFlow/backend/src/lib/aiCoach.ts
2026-05-28T22:44:04.870Z expo:start:server:metro:multi-platform Skipping production module: ./cjs/react.production.js
2026-05-28T22:44:04.878Z expo:start:server:metro:multi-platform Skipping production module: ./cjs/react-jsx-dev-runtime.production.js
2026-05-28T22:44:04.878Z expo:start:server:metro:multi-platform Skipping production module: ../implementations/ReactFabric-prod
2026-05-28T22:44:04.898Z expo:start:server:metro:multi-platform Skipping production module: ../implementations/ReactNativeRenderer-prod
2026-05-28T22:44:04.899Z expo:start:server:metro:multi-platform Skipping production module: ./cjs/scheduler.native.production.js
2026-05-28T22:44:04.905Z expo:start:server:metro:multi-platform Skipping production module: ./cjs/react-is.production.min.js
2026-05-28T22:44:04.933Z expo:start:server:metro:multi-platform Skipping production module: ./cjs/react-refresh-runtime.production.min.js
2026-05-28T22:44:05.018Z expo:metro:tsconfig-paths @/constants/theme -> /Users/timothybarrett/Desktop/:Desktop:LiftFlow/src/constants/theme
2026-05-28T22:44:05.023Z expo:start:server:metro:multi-platform Skipping production module: ./cjs/react-jsx-runtime.production.js
2026-05-28T22:44:05.024Z expo:start:server:metro:multi-platform Skipping production module: ./cjs/react-is.production.js
2026-05-28T22:44:05.045Z expo:metro:withMetroResolvers Custom resolver (requestPostRewrites) threw: FailedToResolveNameError. (module: @react-native-masked-view/masked-view, platform: ios, env: undefined, origin: /Users/timothybarrett/Desktop/:Desktop:LiftFlow/node_modules/@react-navigation/elements/lib/module/MaskedViewNative.js)
2026-05-28T22:44:05.045Z expo:metro:withMetroResolvers Custom resolver (requestPostRewrites) threw: FailedToResolveNameError. (module: @react-native-masked-view/masked-view, platform: ios, env: undefined, origin: /Users/timothybarrett/Desktop/:Desktop:LiftFlow/node_modules/@react-navigation/elements/lib/module/MaskedViewNative.js)
2026-05-28T22:44:05.074Z expo:metro:withMetroResolvers Number of explored stacks: 2
2026-05-28T22:44:05.074Z expo:metro:withMetroResolvers Found inverse graph: {
  "frames": [
    {
      "origin": "/Users/timothybarrett/Desktop/:Desktop:LiftFlow/node_modules/@react-navigation/elements/lib/module/MaskedViewNative.js",
      "request": "@react-native-masked-view/masked-view"
    },
    {
      "origin": "/Users/timothybarrett/Desktop/:Desktop:LiftFlow/node_modules/@react-navigation/elements/lib/module/MaskedView.ios.js",
      "request": "./MaskedViewNative.js"
    },
    {
      "origin": "/Users/timothybarrett/Desktop/:Desktop:LiftFlow/node_modules/@react-navigation/elements/lib/module/Header/HeaderBackButton.js",
      "request": "../MaskedView"
    },
    {
      "origin": "/Users/timothybarrett/Desktop/:Desktop:LiftFlow/node_modules/@react-navigation/elements/lib/module/index.js",
      "request": "./Header/HeaderBackButton.js"
    },
    {
      "origin": "/Users/timothybarrett/Desktop/:Desktop:LiftFlow/node_modules/@react-navigation/bottom-tabs/lib/module/views/BottomTabView.js",
      "request": "@react-navigation/elements"
    },
    {
      "origin": "/Users/timothybarrett/Desktop/:Desktop:LiftFlow/node_modules/@react-navigation/bottom-tabs/lib/module/index.js",
      "request": "./views/BottomTabView.js"
    },
    {
      "origin": "/Users/timothybarrett/Desktop/:Desktop:LiftFlow/node_modules/expo-router/build/views/ErrorBoundary.js",
      "request": "@react-navigation/bottom-tabs"
    },
    {
      "origin": "/Users/timothybarrett/Desktop/:Desktop:LiftFlow/node_modules/expo-router/build/exports.js",
      "request": "./views/ErrorBoundary"
    },
    {
      "origin": "/Users/timothybarrett/Desktop/:Desktop:LiftFlow/node_modules/expo-router/build/index.js",
      "request": "./exports"
    },
    {
      "origin": "/Users/timothybarrett/Desktop/:Desktop:LiftFlow/src/app/(auth)/login.tsx",
      "request": "expo-router"
    },
    {
      "origin": "/Users/timothybarrett/Desktop/:Desktop:LiftFlow/src/app?ctx=3ab07f305c4346b25020dd398f4d6d4dc9229acb",
      "request": "/Users/timothybarrett/Desktop/:Desktop:LiftFlow/src/app/(auth)/login.tsx"
    }
  ],
  "serverRoot": true
}
2026-05-28T22:44:05.110Z expo:metro:tsconfig-paths @/components/ui/AppText -> /Users/timothybarrett/Desktop/:Desktop:LiftFlow/src/components/ui/AppText
2026-05-28T22:44:05.110Z expo:metro:tsconfig-paths @/constants/theme -> /Users/timothybarrett/Desktop/:Desktop:LiftFlow/src/constants/theme
2026-05-28T22:44:05.110Z expo:metro:tsconfig-paths @/components/auth/AuthFormContainer -> /Users/timothybarrett/Desktop/:Desktop:LiftFlow/src/components/auth/AuthFormContainer
2026-05-28T22:44:05.110Z expo:metro:tsconfig-paths @/components/layout/PrimaryButton -> /Users/timothybarrett/Desktop/:Desktop:LiftFlow/src/components/layout/PrimaryButton
2026-05-28T22:44:05.110Z expo:metro:tsconfig-paths @/components/layout/TextField -> /Users/timothybarrett/Desktop/:Desktop:LiftFlow/src/components/layout/TextField
2026-05-28T22:44:05.110Z expo:metro:tsconfig-paths @/components/ui/AppSymbol -> /Users/timothybarrett/Desktop/:Desktop:LiftFlow/src/components/ui/AppSymbol
2026-05-28T22:44:05.110Z expo:metro:tsconfig-paths @/components/ui/AppText -> /Users/timothybarrett/Desktop/:Desktop:LiftFlow/src/components/ui/AppText
2026-05-28T22:44:05.110Z expo:metro:tsconfig-paths @/hooks/useAuth -> /Users/timothybarrett/Desktop/:Desktop:LiftFlow/src/hooks/useAuth
2026-05-28T22:44:05.110Z expo:metro:tsconfig-paths @/constants/theme -> /Users/timothybarrett/Desktop/:Desktop:LiftFlow/src/constants/theme
2026-05-28T22:44:05.110Z expo:metro:tsconfig-paths @/components/ui/AppText -> /Users/timothybarrett/Desktop/:Desktop:LiftFlow/src/components/ui/AppText
2026-05-28T22:44:05.110Z expo:metro:tsconfig-paths @/constants/theme -> /Users/timothybarrett/Desktop/:Desktop:LiftFlow/src/constants/theme
2026-05-28T22:44:05.111Z expo:metro:tsconfig-paths @/contexts/AuthContext -> /Users/timothybarrett/Desktop/:Desktop:LiftFlow/src/contexts/AuthContext
2026-05-28T22:44:05.111Z expo:metro:tsconfig-paths @/services/authService -> /Users/timothybarrett/Desktop/:Desktop:LiftFlow/src/services/authService
2026-05-28T22:44:05.111Z expo:metro:tsconfig-paths @/lib/db-mappers -> /Users/timothybarrett/Desktop/:Desktop:LiftFlow/src/lib/db-mappers
2026-05-28T22:44:05.111Z expo:metro:tsconfig-paths @/supabase/client -> /Users/timothybarrett/Desktop/:Desktop:LiftFlow/src/supabase/client
2026-05-28T22:44:05.129Z expo:metro:tsconfig-paths @/components/features/FeaturePlaceholderScreen -> /Users/timothybarrett/Desktop/:Desktop:LiftFlow/src/components/features/FeaturePlaceholderScreen
2026-05-28T22:44:05.130Z expo:metro:tsconfig-paths @/components/ui/AppText -> /Users/timothybarrett/Desktop/:Desktop:LiftFlow/src/components/ui/AppText
2026-05-28T22:44:05.130Z expo:metro:tsconfig-paths @/constants/features -> /Users/timothybarrett/Desktop/:Desktop:LiftFlow/src/constants/features
2026-05-28T22:44:05.130Z expo:metro:tsconfig-paths @/constants/theme -> /Users/timothybarrett/Desktop/:Desktop:LiftFlow/src/constants/theme
2026-05-28T22:44:05.130Z expo:metro:tsconfig-paths @/components/layout/Card -> /Users/timothybarrett/Desktop/:Desktop:LiftFlow/src/components/layout/Card
2026-05-28T22:44:05.130Z expo:metro:tsconfig-paths @/components/layout/PrimaryButton -> /Users/timothybarrett/Desktop/:Desktop:LiftFlow/src/components/layout/PrimaryButton
2026-05-28T22:44:05.130Z expo:metro:tsconfig-paths @/components/layout/ScreenContainer -> /Users/timothybarrett/Desktop/:Desktop:LiftFlow/src/components/layout/ScreenContainer
2026-05-28T22:44:05.130Z expo:metro:tsconfig-paths @/components/ui/AppSymbol -> /Users/timothybarrett/Desktop/:Desktop:LiftFlow/src/components/ui/AppSymbol
2026-05-28T22:44:05.130Z expo:metro:tsconfig-paths @/components/ui/AppText -> /Users/timothybarrett/Desktop/:Desktop:LiftFlow/src/components/ui/AppText
2026-05-28T22:44:05.130Z expo:metro:tsconfig-paths @/constants/features -> /Users/timothybarrett/Desktop/:Desktop:LiftFlow/src/constants/features
2026-05-28T22:44:05.131Z expo:metro:tsconfig-paths @/constants/theme -> /Users/timothybarrett/Desktop/:Desktop:LiftFlow/src/constants/theme
2026-05-28T22:44:05.131Z expo:metro:tsconfig-paths @/constants/theme -> /Users/timothybarrett/Desktop/:Desktop:LiftFlow/src/constants/theme
2026-05-28T22:44:05.131Z expo:metro:tsconfig-paths @/components/auth/AuthFormContainer -> /Users/timothybarrett/Desktop/:Desktop:LiftFlow/src/components/auth/AuthFormContainer
2026-05-28T22:44:05.131Z expo:metro:tsconfig-paths @/components/layout/PrimaryButton -> /Users/timothybarrett/Desktop/:Desktop:LiftFlow/src/components/layout/PrimaryButton
2026-05-28T22:44:05.131Z expo:metro:tsconfig-paths @/components/layout/TextField -> /Users/timothybarrett/Desktop/:Desktop:LiftFlow/src/components/layout/TextField
2026-05-28T22:44:05.131Z expo:metro:tsconfig-paths @/components/ui/AppText -> /Users/timothybarrett/Desktop/:Desktop:LiftFlow/src/components/ui/AppText
2026-05-28T22:44:05.131Z expo:metro:tsconfig-paths @/components/ui/AppSymbol -> /Users/timothybarrett/Desktop/:Desktop:LiftFlow/src/components/ui/AppSymbol
2026-05-28T22:44:05.131Z expo:metro:tsconfig-paths @/constants/theme -> /Users/timothybarrett/Desktop/:Desktop:LiftFlow/src/constants/theme
2026-05-28T22:44:05.132Z expo:metro:tsconfig-paths @/components/layout/Card -> /Users/timothybarrett/Desktop/:Desktop:LiftFlow/src/components/layout/Card
2026-05-28T22:44:05.133Z expo:metro:tsconfig-paths @/components/layout/Card -> /Users/timothybarrett/Desktop/:Desktop:LiftFlow/src/components/layout/Card
2026-05-28T22:44:05.133Z expo:metro:tsconfig-paths @/components/layout/ScreenContainer -> /Users/timothybarrett/Desktop/:Desktop:LiftFlow/src/components/layout/ScreenContainer
2026-05-28T22:44:05.133Z expo:metro:tsconfig-paths @/components/layout/SectionHeader -> /Users/timothybarrett/Desktop/:Desktop:LiftFlow/src/components/layout/SectionHeader
2026-05-28T22:44:05.133Z expo:metro:tsconfig-paths @/components/ui/AppText -> /Users/timothybarrett/Desktop/:Desktop:LiftFlow/src/components/ui/AppText
2026-05-28T22:44:05.133Z expo:metro:tsconfig-paths @/constants/features -> /Users/timothybarrett/Desktop/:Desktop:LiftFlow/src/constants/features
2026-05-28T22:44:05.133Z expo:metro:tsconfig-paths @/components/history/HistoryCard -> /Users/timothybarrett/Desktop/:Desktop:LiftFlow/src/components/history/HistoryCard
2026-05-28T22:44:05.133Z expo:metro:tsconfig-paths @/hooks/useAuth -> /Users/timothybarrett/Desktop/:Desktop:LiftFlow/src/hooks/useAuth
2026-05-28T22:44:05.133Z expo:metro:tsconfig-paths @/services/analyticsService -> /Users/timothybarrett/Desktop/:Desktop:LiftFlow/src/services/analyticsService
2026-05-28T22:44:05.133Z expo:metro:tsconfig-paths @/services/workoutService -> /Users/timothybarrett/Desktop/:Desktop:LiftFlow/src/services/workoutService
2026-05-28T22:44:05.133Z expo:metro:tsconfig-paths @/components/ui/AppSymbol -> /Users/timothybarrett/Desktop/:Desktop:LiftFlow/src/components/ui/AppSymbol
2026-05-28T22:44:05.133Z expo:metro:tsconfig-paths @/components/layout/Card -> /Users/timothybarrett/Desktop/:Desktop:LiftFlow/src/components/layout/Card
2026-05-28T22:44:05.133Z expo:metro:tsconfig-paths @/components/ui/AppText -> /Users/timothybarrett/Desktop/:Desktop:LiftFlow/src/components/ui/AppText
2026-05-28T22:44:05.133Z expo:metro:tsconfig-paths @/constants/theme -> /Users/timothybarrett/Desktop/:Desktop:LiftFlow/src/constants/theme
2026-05-28T22:44:05.134Z expo:metro:tsconfig-paths @/components/layout/PrimaryButton -> /Users/timothybarrett/Desktop/:Desktop:LiftFlow/src/components/layout/PrimaryButton
2026-05-28T22:44:05.134Z expo:metro:tsconfig-paths @/components/settings/SettingsRow -> /Users/timothybarrett/Desktop/:Desktop:LiftFlow/src/components/settings/SettingsRow
2026-05-28T22:44:05.134Z expo:metro:tsconfig-paths @/services/exportService -> /Users/timothybarrett/Desktop/:Desktop:LiftFlow/src/services/exportService
2026-05-28T22:44:05.134Z expo:metro:tsconfig-paths @/services/userService -> /Users/timothybarrett/Desktop/:Desktop:LiftFlow/src/services/userService
2026-05-28T22:44:05.134Z expo:metro:tsconfig-paths @/components/ui/AppSymbol -> /Users/timothybarrett/Desktop/:Desktop:LiftFlow/src/components/ui/AppSymbol
2026-05-28T22:44:05.134Z expo:metro:tsconfig-paths @/components/ui/AppText -> /Users/timothybarrett/Desktop/:Desktop:LiftFlow/src/components/ui/AppText
2026-05-28T22:44:05.142Z expo:metro:tsconfig-paths @/constants/theme -> /Users/timothybarrett/Desktop/:Desktop:LiftFlow/src/constants/theme
2026-05-28T22:44:05.143Z expo:metro:tsconfig-paths @/constants/theme -> /Users/timothybarrett/Desktop/:Desktop:LiftFlow/src/constants/theme
2026-05-28T22:44:05.143Z expo:metro:tsconfig-paths @/state/AppProviders -> /Users/timothybarrett/Desktop/:Desktop:LiftFlow/src/state/AppProviders
2026-05-28T22:44:05.143Z expo:metro:tsconfig-paths @/components/workout/MicrophoneButton -> /Users/timothybarrett/Desktop/:Desktop:LiftFlow/src/components/workout/MicrophoneButton
2026-05-28T22:44:05.143Z expo:metro:tsconfig-paths @/components/workout/QuickCorrectionButtons -> /Users/timothybarrett/Desktop/:Desktop:LiftFlow/src/components/workout/QuickCorrectionButtons
2026-05-28T22:44:05.143Z expo:metro:tsconfig-paths @/components/workout/RestTimerSection -> /Users/timothybarrett/Desktop/:Desktop:LiftFlow/src/components/workout/RestTimerSection
2026-05-28T22:44:05.143Z expo:metro:tsconfig-paths @/components/workout/VoiceConfirmModal -> /Users/timothybarrett/Desktop/:Desktop:LiftFlow/src/components/workout/VoiceConfirmModal
2026-05-28T22:44:05.143Z expo:metro:tsconfig-paths @/components/workout/WorkoutCard -> /Users/timothybarrett/Desktop/:Desktop:LiftFlow/src/components/workout/WorkoutCard
2026-05-28T22:44:05.143Z expo:metro:tsconfig-paths @/hooks/useVoiceLogging -> /Users/timothybarrett/Desktop/:Desktop:LiftFlow/src/hooks/useVoiceLogging
2026-05-28T22:44:05.143Z expo:metro:tsconfig-paths @/services/voiceService -> /Users/timothybarrett/Desktop/:Desktop:LiftFlow/src/services/voiceService
2026-05-28T22:44:05.144Z expo:metro:tsconfig-paths @/components/layout/Card -> /Users/timothybarrett/Desktop/:Desktop:LiftFlow/src/components/layout/Card
2026-05-28T22:44:05.144Z expo:metro:tsconfig-paths @/components/ui/AppText -> /Users/timothybarrett/Desktop/:Desktop:LiftFlow/src/components/ui/AppText
2026-05-28T22:44:05.144Z expo:metro:tsconfig-paths @/constants/theme -> /Users/timothybarrett/Desktop/:Desktop:LiftFlow/src/constants/theme
2026-05-28T22:44:05.144Z expo:metro:tsconfig-paths @/constants/workout -> /Users/timothybarrett/Desktop/:Desktop:LiftFlow/src/constants/workout
2026-05-28T22:44:05.144Z expo:metro:tsconfig-paths @/components/layout/Card -> /Users/timothybarrett/Desktop/:Desktop:LiftFlow/src/components/layout/Card
2026-05-28T22:44:05.211Z expo:start:server:metro:multi-platform Skipping production module: ./cjs/react-is.production.min.js
2026-05-28T22:44:05.221Z expo:metro:tsconfig-paths @/services/workoutService -> /Users/timothybarrett/Desktop/:Desktop:LiftFlow/src/services/workoutService
2026-05-28T22:44:05.222Z expo:metro:tsconfig-paths @/hooks/useAuth -> /Users/timothybarrett/Desktop/:Desktop:LiftFlow/src/hooks/useAuth
2026-05-28T22:44:05.223Z expo:metro:tsconfig-paths @/lib/serviceResult -> /Users/timothybarrett/Desktop/:Desktop:LiftFlow/src/lib/serviceResult
2026-05-28T22:44:05.225Z expo:metro:tsconfig-paths @/api/client -> /Users/timothybarrett/Desktop/:Desktop:LiftFlow/src/api/client
2026-05-28T22:44:05.225Z expo:metro:tsconfig-paths @/contexts/AuthContext -> /Users/timothybarrett/Desktop/:Desktop:LiftFlow/src/contexts/AuthContext
2026-05-28T22:44:05.225Z expo:metro:tsconfig-paths @/state/workout/WorkoutSessionContext -> /Users/timothybarrett/Desktop/:Desktop:LiftFlow/src/state/workout/WorkoutSessionContext
2026-05-28T22:44:05.226Z expo:metro:tsconfig-paths @/services/aiService -> /Users/timothybarrett/Desktop/:Desktop:LiftFlow/src/services/aiService
2026-05-28T22:44:05.227Z expo:metro:tsconfig-paths @/services/nutritionService -> /Users/timothybarrett/Desktop/:Desktop:LiftFlow/src/services/nutritionService
2026-05-28T22:44:05.228Z expo:metro:tsconfig-paths @/services/bodyService -> /Users/timothybarrett/Desktop/:Desktop:LiftFlow/src/services/bodyService
2026-05-28T22:44:05.231Z expo:metro:tsconfig-paths @/components/layout/PrimaryButton -> /Users/timothybarrett/Desktop/:Desktop:LiftFlow/src/components/layout/PrimaryButton
2026-05-28T22:44:05.362Z expo:start:server:metro:multi-platform Skipping production module: ./cjs/react.production.js
2026-05-28T22:44:05.366Z expo:start:server:metro:multi-platform Skipping production module: ./cjs/react-jsx-dev-runtime.production.js
2026-05-28T22:44:05.367Z expo:start:server:metro:multi-platform Skipping production module: ../implementations/ReactFabric-prod
2026-05-28T22:44:05.380Z expo:start:server:metro:multi-platform Skipping production module: ./cjs/scheduler.native.production.js
2026-05-28T22:44:05.380Z expo:start:server:metro:multi-platform Skipping production module: ../implementations/ReactNativeRenderer-prod
2026-05-28T22:44:05.386Z expo:start:server:metro:multi-platform Skipping production module: ./cjs/react-is.production.min.js
2026-05-28T22:44:05.410Z expo:start:server:metro:multi-platform Skipping production module: ./cjs/react-refresh-runtime.production.min.js
2026-05-28T22:44:05.504Z expo:metro:tsconfig-paths @/constants/theme -> /Users/timothybarrett/Desktop/:Desktop:LiftFlow/src/constants/theme
2026-05-28T22:44:05.505Z expo:start:server:metro:multi-platform Skipping production module: ./cjs/react-jsx-runtime.production.js
2026-05-28T22:44:05.506Z expo:start:server:metro:multi-platform Skipping production module: ./cjs/react-is.production.js
2026-05-28T22:44:05.525Z expo:metro:withMetroResolvers Custom resolver (requestPostRewrites) threw: FailedToResolveNameError. (module: @react-native-masked-view/masked-view, platform: ios, env: undefined, origin: /Users/timothybarrett/Desktop/:Desktop:LiftFlow/node_modules/@react-navigation/elements/lib/module/MaskedViewNative.js)
2026-05-28T22:44:05.525Z expo:metro:withMetroResolvers Custom resolver (requestPostRewrites) threw: FailedToResolveNameError. (module: @react-native-masked-view/masked-view, platform: ios, env: undefined, origin: /Users/timothybarrett/Desktop/:Desktop:LiftFlow/node_modules/@react-navigation/elements/lib/module/MaskedViewNative.js)
2026-05-28T22:44:05.554Z expo:metro:withMetroResolvers Number of explored stacks: 2
2026-05-28T22:44:05.554Z expo:metro:withMetroResolvers Found inverse graph: {
  "frames": [
    {
      "origin": "/Users/timothybarrett/Desktop/:Desktop:LiftFlow/node_modules/@react-navigation/elements/lib/module/MaskedViewNative.js",
      "request": "@react-native-masked-view/masked-view"
    },
    {
      "origin": "/Users/timothybarrett/Desktop/:Desktop:LiftFlow/node_modules/@react-navigation/elements/lib/module/MaskedView.ios.js",
      "request": "./MaskedViewNative.js"
    },
    {
      "origin": "/Users/timothybarrett/Desktop/:Desktop:LiftFlow/node_modules/@react-navigation/elements/lib/module/Header/HeaderBackButton.js",
      "request": "../MaskedView"
    },
    {
      "origin": "/Users/timothybarrett/Desktop/:Desktop:LiftFlow/node_modules/@react-navigation/elements/lib/module/index.js",
      "request": "./Header/HeaderBackButton.js"
    },
    {
      "origin": "/Users/timothybarrett/Desktop/:Desktop:LiftFlow/node_modules/@react-navigation/bottom-tabs/lib/module/views/BottomTabView.js",
      "request": "@react-navigation/elements"
    },
    {
      "origin": "/Users/timothybarrett/Desktop/:Desktop:LiftFlow/node_modules/@react-navigation/bottom-tabs/lib/module/index.js",
      "request": "./views/BottomTabView.js"
    },
    {
      "origin": "/Users/timothybarrett/Desktop/:Desktop:LiftFlow/node_modules/expo-router/build/views/ErrorBoundary.js",
      "request": "@react-navigation/bottom-tabs"
    },
    {
      "origin": "/Users/timothybarrett/Desktop/:Desktop:LiftFlow/node_modules/expo-router/build/exports.js",
      "request": "./views/ErrorBoundary"
    },
    {
      "origin": "/Users/timothybarrett/Desktop/:Desktop:LiftFlow/node_modules/expo-router/build/index.js",
      "request": "./exports"
    },
    {
      "origin": "/Users/timothybarrett/Desktop/:Desktop:LiftFlow/src/app/(auth)/login.tsx",
      "request": "expo-router"
    },
    {
      "origin": "/Users/timothybarrett/Desktop/:Desktop:LiftFlow/src/app?ctx=3ab07f305c4346b25020dd398f4d6d4dc9229acb",
      "request": "/Users/timothybarrett/Desktop/:Desktop:LiftFlow/src/app/(auth)/login.tsx"
    }
  ],
  "serverRoot": true
}
2026-05-28T22:44:05.589Z expo:metro:tsconfig-paths @/components/auth/AuthFormContainer -> /Users/timothybarrett/Desktop/:Desktop:LiftFlow/src/components/auth/AuthFormContainer
2026-05-28T22:44:05.589Z expo:metro:tsconfig-paths @/components/layout/PrimaryButton -> /Users/timothybarrett/Desktop/:Desktop:LiftFlow/src/components/layout/PrimaryButton
2026-05-28T22:44:05.589Z expo:metro:tsconfig-paths @/components/layout/TextField -> /Users/timothybarrett/Desktop/:Desktop:LiftFlow/src/components/layout/TextField
2026-05-28T22:44:05.589Z expo:metro:tsconfig-paths @/components/ui/AppSymbol -> /Users/timothybarrett/Desktop/:Desktop:LiftFlow/src/components/ui/AppSymbol
2026-05-28T22:44:05.589Z expo:metro:tsconfig-paths @/components/ui/AppText -> /Users/timothybarrett/Desktop/:Desktop:LiftFlow/src/components/ui/AppText
2026-05-28T22:44:05.589Z expo:metro:tsconfig-paths @/hooks/useAuth -> /Users/timothybarrett/Desktop/:Desktop:LiftFlow/src/hooks/useAuth
2026-05-28T22:44:05.590Z expo:metro:tsconfig-paths @/constants/theme -> /Users/timothybarrett/Desktop/:Desktop:LiftFlow/src/constants/theme
2026-05-28T22:44:05.591Z expo:metro:tsconfig-paths @/components/ui/AppText -> /Users/timothybarrett/Desktop/:Desktop:LiftFlow/src/components/ui/AppText
2026-05-28T22:44:05.591Z expo:metro:tsconfig-paths @/constants/theme -> /Users/timothybarrett/Desktop/:Desktop:LiftFlow/src/constants/theme
2026-05-28T22:44:05.591Z expo:metro:tsconfig-paths @/components/ui/AppText -> /Users/timothybarrett/Desktop/:Desktop:LiftFlow/src/components/ui/AppText
2026-05-28T22:44:05.591Z expo:metro:tsconfig-paths @/constants/theme -> /Users/timothybarrett/Desktop/:Desktop:LiftFlow/src/constants/theme
2026-05-28T22:44:05.592Z expo:metro:tsconfig-paths @/contexts/AuthContext -> /Users/timothybarrett/Desktop/:Desktop:LiftFlow/src/contexts/AuthContext
2026-05-28T22:44:05.592Z expo:metro:tsconfig-paths @/services/authService -> /Users/timothybarrett/Desktop/:Desktop:LiftFlow/src/services/authService
2026-05-28T22:44:05.592Z expo:metro:tsconfig-paths @/lib/db-mappers -> /Users/timothybarrett/Desktop/:Desktop:LiftFlow/src/lib/db-mappers
2026-05-28T22:44:05.592Z expo:metro:tsconfig-paths @/supabase/client -> /Users/timothybarrett/Desktop/:Desktop:LiftFlow/src/supabase/client
2026-05-28T22:44:05.616Z expo:metro:tsconfig-paths @/components/layout/Card -> /Users/timothybarrett/Desktop/:Desktop:LiftFlow/src/components/layout/Card
2026-05-28T22:44:05.616Z expo:metro:tsconfig-paths @/components/layout/PrimaryButton -> /Users/timothybarrett/Desktop/:Desktop:LiftFlow/src/components/layout/PrimaryButton
2026-05-28T22:44:05.616Z expo:metro:tsconfig-paths @/components/layout/ScreenContainer -> /Users/timothybarrett/Desktop/:Desktop:LiftFlow/src/components/layout/ScreenContainer
2026-05-28T22:44:05.616Z expo:metro:tsconfig-paths @/components/ui/AppSymbol -> /Users/timothybarrett/Desktop/:Desktop:LiftFlow/src/components/ui/AppSymbol
2026-05-28T22:44:05.616Z expo:metro:tsconfig-paths @/components/ui/AppText -> /Users/timothybarrett/Desktop/:Desktop:LiftFlow/src/components/ui/AppText
2026-05-28T22:44:05.616Z expo:metro:tsconfig-paths @/constants/features -> /Users/timothybarrett/Desktop/:Desktop:LiftFlow/src/constants/features
2026-05-28T22:44:05.616Z expo:metro:tsconfig-paths @/constants/theme -> /Users/timothybarrett/Desktop/:Desktop:LiftFlow/src/constants/theme
2026-05-28T22:44:05.617Z expo:metro:tsconfig-paths @/components/features/FeaturePlaceholderScreen -> /Users/timothybarrett/Desktop/:Desktop:LiftFlow/src/components/features/FeaturePlaceholderScreen
2026-05-28T22:44:05.617Z expo:metro:tsconfig-paths @/components/ui/AppText -> /Users/timothybarrett/Desktop/:Desktop:LiftFlow/src/components/ui/AppText
2026-05-28T22:44:05.617Z expo:metro:tsconfig-paths @/constants/features -> /Users/timothybarrett/Desktop/:Desktop:LiftFlow/src/constants/features
2026-05-28T22:44:05.617Z expo:metro:tsconfig-paths @/constants/theme -> /Users/timothybarrett/Desktop/:Desktop:LiftFlow/src/constants/theme
2026-05-28T22:44:05.618Z expo:metro:tsconfig-paths @/components/auth/AuthFormContainer -> /Users/timothybarrett/Desktop/:Desktop:LiftFlow/src/components/auth/AuthFormContainer
2026-05-28T22:44:05.618Z expo:metro:tsconfig-paths @/components/layout/Card -> /Users/timothybarrett/Desktop/:Desktop:LiftFlow/src/components/layout/Card
2026-05-28T22:44:05.618Z expo:metro:tsconfig-paths @/components/layout/PrimaryButton -> /Users/timothybarrett/Desktop/:Desktop:LiftFlow/src/components/layout/PrimaryButton
2026-05-28T22:44:05.618Z expo:metro:tsconfig-paths @/components/ui/AppText -> /Users/timothybarrett/Desktop/:Desktop:LiftFlow/src/components/ui/AppText
2026-05-28T22:44:05.618Z expo:metro:tsconfig-paths @/constants/theme -> /Users/timothybarrett/Desktop/:Desktop:LiftFlow/src/constants/theme
2026-05-28T22:44:05.618Z expo:metro:tsconfig-paths @/components/layout/TextField -> /Users/timothybarrett/Desktop/:Desktop:LiftFlow/src/components/layout/TextField
2026-05-28T22:44:05.618Z expo:metro:tsconfig-paths @/components/ui/AppSymbol -> /Users/timothybarrett/Desktop/:Desktop:LiftFlow/src/components/ui/AppSymbol
2026-05-28T22:44:05.618Z expo:metro:tsconfig-paths @/constants/theme -> /Users/timothybarrett/Desktop/:Desktop:LiftFlow/src/constants/theme
2026-05-28T22:44:05.619Z expo:metro:tsconfig-paths @/components/layout/Card -> /Users/timothybarrett/Desktop/:Desktop:LiftFlow/src/components/layout/Card
2026-05-28T22:44:05.619Z expo:metro:tsconfig-paths @/components/layout/ScreenContainer -> /Users/timothybarrett/Desktop/:Desktop:LiftFlow/src/components/layout/ScreenContainer
2026-05-28T22:44:05.619Z expo:metro:tsconfig-paths @/components/layout/SectionHeader -> /Users/timothybarrett/Desktop/:Desktop:LiftFlow/src/components/layout/SectionHeader
2026-05-28T22:44:05.619Z expo:metro:tsconfig-paths @/components/ui/AppText -> /Users/timothybarrett/Desktop/:Desktop:LiftFlow/src/components/ui/AppText
2026-05-28T22:44:05.619Z expo:metro:tsconfig-paths @/constants/features -> /Users/timothybarrett/Desktop/:Desktop:LiftFlow/src/constants/features
2026-05-28T22:44:05.619Z expo:metro:tsconfig-paths @/components/layout/Card -> /Users/timothybarrett/Desktop/:Desktop:LiftFlow/src/components/layout/Card
2026-05-28T22:44:05.619Z expo:metro:tsconfig-paths @/components/ui/AppText -> /Users/timothybarrett/Desktop/:Desktop:LiftFlow/src/components/ui/AppText
2026-05-28T22:44:05.619Z expo:metro:tsconfig-paths @/constants/theme -> /Users/timothybarrett/Desktop/:Desktop:LiftFlow/src/constants/theme
2026-05-28T22:44:05.619Z expo:metro:tsconfig-paths @/components/history/HistoryCard -> /Users/timothybarrett/Desktop/:Desktop:LiftFlow/src/components/history/HistoryCard
2026-05-28T22:44:05.619Z expo:metro:tsconfig-paths @/hooks/useAuth -> /Users/timothybarrett/Desktop/:Desktop:LiftFlow/src/hooks/useAuth
2026-05-28T22:44:05.619Z expo:metro:tsconfig-paths @/services/analyticsService -> /Users/timothybarrett/Desktop/:Desktop:LiftFlow/src/services/analyticsService
2026-05-28T22:44:05.619Z expo:metro:tsconfig-paths @/services/workoutService -> /Users/timothybarrett/Desktop/:Desktop:LiftFlow/src/services/workoutService
2026-05-28T22:44:05.620Z expo:metro:tsconfig-paths @/components/layout/PrimaryButton -> /Users/timothybarrett/Desktop/:Desktop:LiftFlow/src/components/layout/PrimaryButton
2026-05-28T22:44:05.620Z expo:metro:tsconfig-paths @/components/settings/SettingsRow -> /Users/timothybarrett/Desktop/:Desktop:LiftFlow/src/components/settings/SettingsRow
2026-05-28T22:44:05.620Z expo:metro:tsconfig-paths @/services/exportService -> /Users/timothybarrett/Desktop/:Desktop:LiftFlow/src/services/exportService
2026-05-28T22:44:05.620Z expo:metro:tsconfig-paths @/services/userService -> /Users/timothybarrett/Desktop/:Desktop:LiftFlow/src/services/userService
2026-05-28T22:44:05.620Z expo:metro:tsconfig-paths @/components/ui/AppSymbol -> /Users/timothybarrett/Desktop/:Desktop:LiftFlow/src/components/ui/AppSymbol
2026-05-28T22:44:05.620Z expo:metro:tsconfig-paths @/components/ui/AppText -> /Users/timothybarrett/Desktop/:Desktop:LiftFlow/src/components/ui/AppText
2026-05-28T22:44:05.620Z expo:metro:tsconfig-paths @/constants/theme -> /Users/timothybarrett/Desktop/:Desktop:LiftFlow/src/constants/theme
2026-05-28T22:44:05.620Z expo:metro:tsconfig-paths @/components/ui/AppSymbol -> /Users/timothybarrett/Desktop/:Desktop:LiftFlow/src/components/ui/AppSymbol
2026-05-28T22:44:05.620Z expo:metro:tsconfig-paths @/components/layout/Card -> /Users/timothybarrett/Desktop/:Desktop:LiftFlow/src/components/layout/Card
2026-05-28T22:44:05.620Z expo:metro:tsconfig-paths @/components/ui/AppText -> /Users/timothybarrett/Desktop/:Desktop:LiftFlow/src/components/ui/AppText
2026-05-28T22:44:05.620Z expo:metro:tsconfig-paths @/constants/theme -> /Users/timothybarrett/Desktop/:Desktop:LiftFlow/src/constants/theme
2026-05-28T22:44:05.620Z expo:metro:tsconfig-paths @/constants/workout -> /Users/timothybarrett/Desktop/:Desktop:LiftFlow/src/constants/workout
2026-05-28T22:44:05.620Z expo:metro:tsconfig-paths @/components/layout/Card -> /Users/timothybarrett/Desktop/:Desktop:LiftFlow/src/components/layout/Card
2026-05-28T22:44:05.621Z expo:metro:tsconfig-paths @/constants/theme -> /Users/timothybarrett/Desktop/:Desktop:LiftFlow/src/constants/theme
2026-05-28T22:44:05.621Z expo:metro:tsconfig-paths @/state/AppProviders -> /Users/timothybarrett/Desktop/:Desktop:LiftFlow/src/state/AppProviders
2026-05-28T22:44:05.622Z expo:metro:tsconfig-paths @/components/workout/MicrophoneButton -> /Users/timothybarrett/Desktop/:Desktop:LiftFlow/src/components/workout/MicrophoneButton
2026-05-28T22:44:05.622Z expo:metro:tsconfig-paths @/components/workout/QuickCorrectionButtons -> /Users/timothybarrett/Desktop/:Desktop:LiftFlow/src/components/workout/QuickCorrectionButtons
2026-05-28T22:44:05.622Z expo:metro:tsconfig-paths @/components/workout/RestTimerSection -> /Users/timothybarrett/Desktop/:Desktop:LiftFlow/src/components/workout/RestTimerSection
2026-05-28T22:44:05.622Z expo:metro:tsconfig-paths @/components/workout/VoiceConfirmModal -> /Users/timothybarrett/Desktop/:Desktop:LiftFlow/src/components/workout/VoiceConfirmModal
2026-05-28T22:44:05.622Z expo:metro:tsconfig-paths @/components/workout/WorkoutCard -> /Users/timothybarrett/Desktop/:Desktop:LiftFlow/src/components/workout/WorkoutCard
2026-05-28T22:44:05.622Z expo:metro:tsconfig-paths @/hooks/useVoiceLogging -> /Users/timothybarrett/Desktop/:Desktop:LiftFlow/src/hooks/useVoiceLogging
2026-05-28T22:44:05.622Z expo:metro:tsconfig-paths @/services/voiceService -> /Users/timothybarrett/Desktop/:Desktop:LiftFlow/src/services/voiceService
2026-05-28T22:44:05.736Z expo:start:server:metro:multi-platform Skipping production module: ./cjs/react-is.production.min.js
2026-05-28T22:44:05.745Z expo:metro:tsconfig-paths @/contexts/AuthContext -> /Users/timothybarrett/Desktop/:Desktop:LiftFlow/src/contexts/AuthContext
2026-05-28T22:44:05.745Z expo:metro:tsconfig-paths @/state/workout/WorkoutSessionContext -> /Users/timothybarrett/Desktop/:Desktop:LiftFlow/src/state/workout/WorkoutSessionContext
2026-05-28T22:44:05.745Z expo:metro:tsconfig-paths @/services/workoutService -> /Users/timothybarrett/Desktop/:Desktop:LiftFlow/src/services/workoutService
2026-05-28T22:44:05.746Z expo:metro:tsconfig-paths @/hooks/useAuth -> /Users/timothybarrett/Desktop/:Desktop:LiftFlow/src/hooks/useAuth
2026-05-28T22:44:05.747Z expo:metro:tsconfig-paths @/lib/serviceResult -> /Users/timothybarrett/Desktop/:Desktop:LiftFlow/src/lib/serviceResult
2026-05-28T22:44:05.751Z expo:metro:tsconfig-paths @/services/aiService -> /Users/timothybarrett/Desktop/:Desktop:LiftFlow/src/services/aiService
2026-05-28T22:44:05.752Z expo:metro:tsconfig-paths @/api/client -> /Users/timothybarrett/Desktop/:Desktop:LiftFlow/src/api/client
2026-05-28T22:44:05.753Z expo:metro:tsconfig-paths @/services/nutritionService -> /Users/timothybarrett/Desktop/:Desktop:LiftFlow/src/services/nutritionService
2026-05-28T22:44:05.754Z expo:metro:tsconfig-paths @/services/bodyService -> /Users/timothybarrett/Desktop/:Desktop:LiftFlow/src/services/bodyService
2026-05-28T22:44:05.755Z expo:metro:tsconfig-paths @/components/layout/PrimaryButton -> /Users/timothybarrett/Desktop/:Desktop:LiftFlow/src/components/layout/PrimaryButton
2026-05-28T22:44:33.818Z expo:start:server:metro:metroWatchTypeScriptFiles Detected TypeScript file changed in the project:  /Users/timothybarrett/Desktop/:Desktop:LiftFlow/backend/src/routes/body.ts
2026-05-28T22:44:33.818Z expo:start:server:metro:metroWatchTypeScriptFiles Detected TypeScript file changed in the project:  /Users/timothybarrett/Desktop/:Desktop:LiftFlow/backend/src/lib/pdfExport.ts
2026-05-28T22:44:33.818Z expo:start:server:metro:metroWatchTypeScriptFiles Detected TypeScript file changed in the project:  /Users/timothybarrett/Desktop/:Desktop:LiftFlow/backend/src/lib/aiCoach.ts
2026-05-28T22:44:34.498Z expo:start:server:metro:metroWatchTypeScriptFiles Detected TypeScript file changed in the project:  /Users/timothybarrett/Desktop/:Desktop:LiftFlow/src/services/exportService.ts
2026-05-28T22:44:34.498Z expo:start:server:metro:metroWatchTypeScriptFiles Detected TypeScript file changed in the project:  /Users/timothybarrett/Desktop/:Desktop:LiftFlow/src/services/analyticsService.ts
2026-05-28T22:44:34.499Z expo:start:server:metro:metroWatchTypeScriptFiles Detected TypeScript file changed in the project:  /Users/timothybarrett/Desktop/:Desktop:LiftFlow/src/services/workoutService.ts
2026-05-28T22:44:34.499Z expo:start:server:metro:metroWatchTypeScriptFiles Detected TypeScript file changed in the project:  /Users/timothybarrett/Desktop/:Desktop:LiftFlow/src/services/aiService.ts
2026-05-28T22:44:34.499Z expo:start:server:metro:metroWatchTypeScriptFiles Detected TypeScript file changed in the project:  /Users/timothybarrett/Desktop/:Desktop:LiftFlow/src/services/nutritionService.ts
2026-05-28T22:44:34.499Z expo:start:server:metro:metroWatchTypeScriptFiles Detected TypeScript file changed in the project:  /Users/timothybarrett/Desktop/:Desktop:LiftFlow/src/app/(tabs)/dashboard.tsx
2026-05-28T22:44:34.499Z expo:start:server:metro:metroWatchTypeScriptFiles Detected TypeScript file changed in the project:  /Users/timothybarrett/Desktop/:Desktop:LiftFlow/src/lib/db-mappers.ts
2026-05-28T22:44:34.499Z expo:start:server:metro:metroWatchTypeScriptFiles Detected TypeScript file changed in the project:  /Users/timothybarrett/Desktop/:Desktop:LiftFlow/src/types/training.ts
2026-05-28T22:44:34.499Z expo:start:server:metro:metroWatchTypeScriptFiles Detected TypeScript file changed in the project:  /Users/timothybarrett/Desktop/:Desktop:LiftFlow/src/types/analytics.ts
2026-05-28T22:44:34.499Z expo:start:server:metro:metroWatchTypeScriptFiles Detected TypeScript file changed in the project:  /Users/timothybarrett/Desktop/:Desktop:LiftFlow/src/services/interfaces/index.ts
2026-05-28T22:44:34.499Z expo:start:server:metro:metroWatchTypeScriptFiles Detected TypeScript file changed in the project:  /Users/timothybarrett/Desktop/:Desktop:LiftFlow/backend/src/routes/export.ts
2026-05-28T22:44:34.499Z expo:start:server:metro:metroWatchTypeScriptFiles Detected TypeScript file changed in the project:  /Users/timothybarrett/Desktop/:Desktop:LiftFlow/src/services/bodyService.ts
2026-05-28T22:44:34.499Z expo:start:server:metro:metroWatchTypeScriptFiles Detected TypeScript file changed in the project:  /Users/timothybarrett/Desktop/:Desktop:LiftFlow/src/components/workout/RestTimerSection.tsx
2026-05-28T22:44:34.499Z expo:start:server:metro:metroWatchTypeScriptFiles Detected TypeScript file changed in the project:  /Users/timothybarrett/Desktop/:Desktop:LiftFlow/src/components/workout/QuickCorrectionButtons.tsx
2026-05-28T22:44:34.499Z expo:start:server:metro:metroWatchTypeScriptFiles Detected TypeScript file changed in the project:  /Users/timothybarrett/Desktop/:Desktop:LiftFlow/src/constants/workout.ts
2026-05-28T22:44:34.499Z expo:start:server:metro:metroWatchTypeScriptFiles Detected TypeScript file changed in the project:  /Users/timothybarrett/Desktop/:Desktop:LiftFlow/src/components/ui/AppSymbol.tsx
2026-05-28T22:44:34.499Z expo:start:server:metro:metroWatchTypeScriptFiles Detected TypeScript file changed in the project:  /Users/timothybarrett/Desktop/:Desktop:LiftFlow/src/app/(tabs)/progress.tsx
2026-05-28T22:44:34.499Z expo:start:server:metro:metroWatchTypeScriptFiles Detected TypeScript file changed in the project:  /Users/timothybarrett/Desktop/:Desktop:LiftFlow/src/app/index.tsx
2026-05-28T22:44:34.499Z expo:start:server:metro:metroWatchTypeScriptFiles Detected TypeScript file changed in the project:  /Users/timothybarrett/Desktop/:Desktop:LiftFlow/src/app/(tabs)/_layout.tsx
2026-05-28T22:44:34.529Z expo:start:server:metro:metroWatchTypeScriptFiles Detected TypeScript file changed in the project:  /Users/timothybarrett/Desktop/:Desktop:LiftFlow/src/app/(tabs)/settings.tsx
2026-05-28T22:44:34.529Z expo:start:server:metro:metroWatchTypeScriptFiles Detected TypeScript file changed in the project:  /Users/timothybarrett/Desktop/:Desktop:LiftFlow/src/app/(tabs)/workout.tsx
2026-05-28T22:44:34.529Z expo:start:server:metro:metroWatchTypeScriptFiles Detected TypeScript file changed in the project:  /Users/timothybarrett/Desktop/:Desktop:LiftFlow/src/app/(tabs)/coaching.tsx
2026-05-28T22:44:34.529Z expo:start:server:metro:metroWatchTypeScriptFiles Detected TypeScript file changed in the project:  /Users/timothybarrett/Desktop/:Desktop:LiftFlow/src/app/(tabs)/nutrition.tsx
2026-05-28T22:44:34.529Z expo:start:server:metro:metroWatchTypeScriptFiles Detected TypeScript file changed in the project:  /Users/timothybarrett/Desktop/:Desktop:LiftFlow/src/app/(tabs)/history.tsx
2026-05-28T22:44:34.529Z expo:start:server:metro:metroWatchTypeScriptFiles Detected TypeScript file changed in the project:  /Users/timothybarrett/Desktop/:Desktop:LiftFlow/src/hooks/useVoiceLogging.ts
2026-05-28T22:44:34.529Z expo:start:server:metro:metroWatchTypeScriptFiles Detected TypeScript file changed in the project:  /Users/timothybarrett/Desktop/:Desktop:LiftFlow/src/contexts/AuthContext.tsx
2026-05-28T22:44:34.529Z expo:start:server:metro:metroWatchTypeScriptFiles Detected TypeScript file changed in the project:  /Users/timothybarrett/Desktop/:Desktop:LiftFlow/src/components/workout/VoiceConfirmModal.tsx
2026-05-28T22:44:34.529Z expo:start:server:metro:metroWatchTypeScriptFiles Detected TypeScript file changed in the project:  /Users/timothybarrett/Desktop/:Desktop:LiftFlow/src/api/client.ts
2026-05-28T22:44:34.529Z expo:start:server:metro:metroWatchTypeScriptFiles Detected TypeScript file changed in the project:  /Users/timothybarrett/Desktop/:Desktop:LiftFlow/backend/src/routes/nutrition.ts
2026-05-28T22:44:34.529Z expo:start:server:metro:metroWatchTypeScriptFiles Detected TypeScript file changed in the project:  /Users/timothybarrett/Desktop/:Desktop:LiftFlow/backend/src/routes/training.ts
2026-05-28T22:44:34.529Z expo:start:server:metro:metroWatchTypeScriptFiles Detected TypeScript file changed in the project:  /Users/timothybarrett/Desktop/:Desktop:LiftFlow/backend/src/routes/ai.ts
2026-05-28T22:44:34.529Z expo:start:server:metro:metroWatchTypeScriptFiles Detected TypeScript file changed in the project:  /Users/timothybarrett/Desktop/:Desktop:LiftFlow/backend/src/routes/voice.ts
2026-05-28T22:44:34.529Z expo:start:server:metro:metroWatchTypeScriptFiles Detected TypeScript file changed in the project:  /Users/timothybarrett/Desktop/:Desktop:LiftFlow/backend/src/lib/voiceParser.ts
2026-05-28T22:44:34.529Z expo:start:server:metro:metroWatchTypeScriptFiles Detected TypeScript file changed in the project:  /Users/timothybarrett/Desktop/:Desktop:LiftFlow/backend/src/lib/openai.ts
2026-05-28T22:44:34.529Z expo:start:server:metro:metroWatchTypeScriptFiles Detected TypeScript file changed in the project:  /Users/timothybarrett/Desktop/:Desktop:LiftFlow/backend/src/lib/supabase.ts
2026-05-28T22:44:34.529Z expo:start:server:metro:metroWatchTypeScriptFiles Detected TypeScript file changed in the project:  /Users/timothybarrett/Desktop/:Desktop:LiftFlow/src/services/index.ts
2026-05-28T22:44:34.529Z expo:start:server:metro:metroWatchTypeScriptFiles Detected TypeScript file changed in the project:  /Users/timothybarrett/Desktop/:Desktop:LiftFlow/src/services/goalService.ts
2026-05-28T22:44:34.529Z expo:start:server:metro:metroWatchTypeScriptFiles Detected TypeScript file changed in the project:  /Users/timothybarrett/Desktop/:Desktop:LiftFlow/src/services/voiceService.ts
2026-05-28T22:44:34.529Z expo:start:server:metro:metroWatchTypeScriptFiles Detected TypeScript file changed in the project:  /Users/timothybarrett/Desktop/:Desktop:LiftFlow/src/services/userService.ts
2026-05-28T22:44:34.529Z expo:start:server:metro:metroWatchTypeScriptFiles Detected TypeScript file changed in the project:  /Users/timothybarrett/Desktop/:Desktop:LiftFlow/src/services/authService.ts
2026-05-28T22:44:34.529Z expo:start:server:metro:metroWatchTypeScriptFiles Detected TypeScript file changed in the project:  /Users/timothybarrett/Desktop/:Desktop:LiftFlow/src/supabase/client.ts
2026-05-28T22:44:34.586Z expo:metro:tsconfig-paths @/lib/db-mappers -> /Users/timothybarrett/Desktop/:Desktop:LiftFlow/src/lib/db-mappers
2026-05-28T22:44:34.586Z expo:metro:tsconfig-paths @/lib/serviceResult -> /Users/timothybarrett/Desktop/:Desktop:LiftFlow/src/lib/serviceResult
2026-05-28T22:44:34.586Z expo:metro:tsconfig-paths @/supabase/client -> /Users/timothybarrett/Desktop/:Desktop:LiftFlow/src/supabase/client
2026-05-28T22:44:34.586Z expo:metro:tsconfig-paths @/components/layout/Card -> /Users/timothybarrett/Desktop/:Desktop:LiftFlow/src/components/layout/Card
2026-05-28T22:44:34.587Z expo:metro:tsconfig-paths @/components/ui/AppText -> /Users/timothybarrett/Desktop/:Desktop:LiftFlow/src/components/ui/AppText
2026-05-28T22:44:34.587Z expo:metro:tsconfig-paths @/constants/theme -> /Users/timothybarrett/Desktop/:Desktop:LiftFlow/src/constants/theme
2026-05-28T22:44:34.587Z expo:metro:tsconfig-paths @/constants/workout -> /Users/timothybarrett/Desktop/:Desktop:LiftFlow/src/constants/workout
2026-05-28T22:44:34.587Z expo:metro:tsconfig-paths @/constants/theme -> /Users/timothybarrett/Desktop/:Desktop:LiftFlow/src/constants/theme
2026-05-28T22:44:34.587Z expo:metro:tsconfig-paths @/hooks/useAuth -> /Users/timothybarrett/Desktop/:Desktop:LiftFlow/src/hooks/useAuth
2026-05-28T22:44:34.588Z expo:metro:tsconfig-paths @/components/ui/AppSymbol -> /Users/timothybarrett/Desktop/:Desktop:LiftFlow/src/components/ui/AppSymbol
2026-05-28T22:44:34.588Z expo:metro:tsconfig-paths @/constants/theme -> /Users/timothybarrett/Desktop/:Desktop:LiftFlow/src/constants/theme
2026-05-28T22:44:34.588Z expo:metro:tsconfig-paths @/components/layout/Card -> /Users/timothybarrett/Desktop/:Desktop:LiftFlow/src/components/layout/Card
2026-05-28T22:44:34.588Z expo:metro:tsconfig-paths @/components/layout/PrimaryButton -> /Users/timothybarrett/Desktop/:Desktop:LiftFlow/src/components/layout/PrimaryButton
2026-05-28T22:44:34.588Z expo:metro:tsconfig-paths @/components/layout/ScreenContainer -> /Users/timothybarrett/Desktop/:Desktop:LiftFlow/src/components/layout/ScreenContainer
2026-05-28T22:44:34.588Z expo:metro:tsconfig-paths @/components/layout/SectionHeader -> /Users/timothybarrett/Desktop/:Desktop:LiftFlow/src/components/layout/SectionHeader
2026-05-28T22:44:34.588Z expo:metro:tsconfig-paths @/components/settings/SettingsRow -> /Users/timothybarrett/Desktop/:Desktop:LiftFlow/src/components/settings/SettingsRow
2026-05-28T22:44:34.588Z expo:metro:tsconfig-paths @/components/ui/AppText -> /Users/timothybarrett/Desktop/:Desktop:LiftFlow/src/components/ui/AppText
2026-05-28T22:44:34.588Z expo:metro:tsconfig-paths @/hooks/useAuth -> /Users/timothybarrett/Desktop/:Desktop:LiftFlow/src/hooks/useAuth
2026-05-28T22:44:34.588Z expo:metro:tsconfig-paths @/services/exportService -> /Users/timothybarrett/Desktop/:Desktop:LiftFlow/src/services/exportService
2026-05-28T22:44:34.588Z expo:metro:tsconfig-paths @/services/userService -> /Users/timothybarrett/Desktop/:Desktop:LiftFlow/src/services/userService
2026-05-28T22:44:34.589Z expo:metro:tsconfig-paths @/services/aiService -> /Users/timothybarrett/Desktop/:Desktop:LiftFlow/src/services/aiService
2026-05-28T22:44:34.589Z expo:metro:tsconfig-paths @/services/authService -> /Users/timothybarrett/Desktop/:Desktop:LiftFlow/src/services/authService
2026-05-28T22:44:34.589Z expo:metro:tsconfig-paths @/components/history/HistoryCard -> /Users/timothybarrett/Desktop/:Desktop:LiftFlow/src/components/history/HistoryCard
2026-05-28T22:44:34.590Z expo:metro:tsconfig-paths @/services/analyticsService -> /Users/timothybarrett/Desktop/:Desktop:LiftFlow/src/services/analyticsService
2026-05-28T22:44:34.590Z expo:metro:tsconfig-paths @/services/workoutService -> /Users/timothybarrett/Desktop/:Desktop:LiftFlow/src/services/workoutService
2026-05-28T22:44:34.590Z expo:metro:tsconfig-paths @/components/layout/PrimaryButton -> /Users/timothybarrett/Desktop/:Desktop:LiftFlow/src/components/layout/PrimaryButton
| 2026-05-28T22:44:34.585Z expo:babel:env-vars Referencing environment variable in /Users/timothybarrett/Desktop/:Desktop:LiftFlow/src/supabase/client.ts: EXPO_PUBLIC_SUPABASE_URL
2026-05-28T22:44:34.590Z expo:start:server:metro:metroWatchTypeScriptFiles Detected TypeScript file changed in the project:  /Users/timothybarrett/Desktop/:Desktop:LiftFlow/src/supabase/authStorage.ts
2026-05-28T22:44:34.590Z expo:start:server:metro:metroWatchTypeScriptFiles Detected TypeScript file changed in the project:  /Users/timothybarrett/Desktop/:Desktop:LiftFlow/src/lib/serviceResult.ts
2026-05-28T22:44:34.591Z expo:metro:tsconfig-paths @/components/layout/Card -> /Users/timothybarrett/Desktop/:Desktop:LiftFlow/src/components/layout/Card
2026-05-28T22:44:34.592Z expo:metro:tsconfig-paths @/components/layout/PrimaryButton -> /Users/timothybarrett/Desktop/:Desktop:LiftFlow/src/components/layout/PrimaryButton
2026-05-28T22:44:34.592Z expo:metro:tsconfig-paths @/components/layout/ScreenContainer -> /Users/timothybarrett/Desktop/:Desktop:LiftFlow/src/components/layout/ScreenContainer
2026-05-28T22:44:34.592Z expo:metro:tsconfig-paths @/components/layout/SectionHeader -> /Users/timothybarrett/Desktop/:Desktop:LiftFlow/src/components/layout/SectionHeader
2026-05-28T22:44:34.592Z expo:metro:tsconfig-paths @/components/ui/AppText -> /Users/timothybarrett/Desktop/:Desktop:LiftFlow/src/components/ui/AppText
2026-05-28T22:44:34.592Z expo:metro:tsconfig-paths @/constants/theme -> /Users/timothybarrett/Desktop/:Desktop:LiftFlow/src/constants/theme
2026-05-28T22:44:34.592Z expo:metro:tsconfig-paths @/hooks/useAuth -> /Users/timothybarrett/Desktop/:Desktop:LiftFlow/src/hooks/useAuth
2026-05-28T22:44:34.592Z expo:metro:tsconfig-paths @/services/nutritionService -> /Users/timothybarrett/Desktop/:Desktop:LiftFlow/src/services/nutritionService
2026-05-28T22:44:34.592Z expo:metro:tsconfig-paths @/lib/db-mappers -> /Users/timothybarrett/Desktop/:Desktop:LiftFlow/src/lib/db-mappers
2026-05-28T22:44:34.592Z expo:metro:tsconfig-paths @/supabase/client -> /Users/timothybarrett/Desktop/:Desktop:LiftFlow/src/supabase/client
2026-05-28T22:44:34.606Z expo:metro:tsconfig-paths @/api/client -> /Users/timothybarrett/Desktop/:Desktop:LiftFlow/src/api/client
2026-05-28T22:44:34.606Z expo:metro:tsconfig-paths @/lib/serviceResult -> /Users/timothybarrett/Desktop/:Desktop:LiftFlow/src/lib/serviceResult
2026-05-28T22:44:34.621Z expo:start:server:metro:metroWatchTypeScriptFiles Detected TypeScript file changed in the project:  /Users/timothybarrett/Desktop/:Desktop:LiftFlow/src/components/workout/RestTimerSection.tsx
2026-05-28T22:44:34.621Z expo:start:server:metro:metroWatchTypeScriptFiles Detected TypeScript file changed in the project:  /Users/timothybarrett/Desktop/:Desktop:LiftFlow/src/constants/workout.ts
2026-05-28T22:44:34.621Z expo:start:server:metro:metroWatchTypeScriptFiles Detected TypeScript file changed in the project:  /Users/timothybarrett/Desktop/:Desktop:LiftFlow/src/components/workout/QuickCorrectionButtons.tsx
2026-05-28T22:44:34.621Z expo:start:server:metro:metroWatchTypeScriptFiles Detected TypeScript file changed in the project:  /Users/timothybarrett/Desktop/:Desktop:LiftFlow/src/components/ui/AppSymbol.tsx
2026-05-28T22:44:34.621Z expo:start:server:metro:metroWatchTypeScriptFiles Detected TypeScript file changed in the project:  /Users/timothybarrett/Desktop/:Desktop:LiftFlow/src/app/(tabs)/_layout.tsx
2026-05-28T22:44:34.621Z expo:start:server:metro:metroWatchTypeScriptFiles Detected TypeScript file changed in the project:  /Users/timothybarrett/Desktop/:Desktop:LiftFlow/src/app/(tabs)/progress.tsx
2026-05-28T22:44:34.621Z expo:start:server:metro:metroWatchTypeScriptFiles Detected TypeScript file changed in the project:  /Users/timothybarrett/Desktop/:Desktop:LiftFlow/src/app/index.tsx
| 2026-05-28T22:44:34.586Z expo:babel:env-vars Referencing environment variable in /Users/timothybarrett/Desktop/:Desktop:LiftFlow/src/supabase/client.ts: EXPO_PUBLIC_SUPABASE_ANON_KEY
| 2026-05-28T22:44:34.601Z expo:babel:env-vars Referencing environment variable in /Users/timothybarrett/Desktop/:Desktop:LiftFlow/src/services/aiService.ts: EXPO_PUBLIC_API_URL
2026-05-28T22:44:34.643Z expo:metro:tsconfig-paths @/api/client -> /Users/timothybarrett/Desktop/:Desktop:LiftFlow/src/api/client
2026-05-28T22:44:34.643Z expo:metro:tsconfig-paths @/lib/db-mappers -> /Users/timothybarrett/Desktop/:Desktop:LiftFlow/src/lib/db-mappers
2026-05-28T22:44:34.643Z expo:metro:tsconfig-paths @/lib/serviceResult -> /Users/timothybarrett/Desktop/:Desktop:LiftFlow/src/lib/serviceResult
2026-05-28T22:44:34.643Z expo:metro:tsconfig-paths @/supabase/client -> /Users/timothybarrett/Desktop/:Desktop:LiftFlow/src/supabase/client
2026-05-28T22:44:34.677Z expo:metro:tsconfig-paths @/components/layout/PrimaryButton -> /Users/timothybarrett/Desktop/:Desktop:LiftFlow/src/components/layout/PrimaryButton
2026-05-28T22:44:34.677Z expo:metro:tsconfig-paths @/components/layout/ScreenContainer -> /Users/timothybarrett/Desktop/:Desktop:LiftFlow/src/components/layout/ScreenContainer
2026-05-28T22:44:34.677Z expo:metro:tsconfig-paths @/components/layout/SectionHeader -> /Users/timothybarrett/Desktop/:Desktop:LiftFlow/src/components/layout/SectionHeader
2026-05-28T22:44:34.677Z expo:metro:tsconfig-paths @/components/ui/AppText -> /Users/timothybarrett/Desktop/:Desktop:LiftFlow/src/components/ui/AppText
2026-05-28T22:44:34.677Z expo:metro:tsconfig-paths @/components/workout/MicrophoneButton -> /Users/timothybarrett/Desktop/:Desktop:LiftFlow/src/components/workout/MicrophoneButton
2026-05-28T22:44:34.677Z expo:metro:tsconfig-paths @/components/workout/QuickCorrectionButtons -> /Users/timothybarrett/Desktop/:Desktop:LiftFlow/src/components/workout/QuickCorrectionButtons
2026-05-28T22:44:34.677Z expo:metro:tsconfig-paths @/components/workout/RestTimerSection -> /Users/timothybarrett/Desktop/:Desktop:LiftFlow/src/components/workout/RestTimerSection
2026-05-28T22:44:34.677Z expo:metro:tsconfig-paths @/components/workout/VoiceConfirmModal -> /Users/timothybarrett/Desktop/:Desktop:LiftFlow/src/components/workout/VoiceConfirmModal
2026-05-28T22:44:34.678Z expo:metro:tsconfig-paths @/components/workout/WorkoutCard -> /Users/timothybarrett/Desktop/:Desktop:LiftFlow/src/components/workout/WorkoutCard
2026-05-28T22:44:34.678Z expo:metro:tsconfig-paths @/constants/theme -> /Users/timothybarrett/Desktop/:Desktop:LiftFlow/src/constants/theme
2026-05-28T22:44:34.678Z expo:metro:tsconfig-paths @/hooks/useAuth -> /Users/timothybarrett/Desktop/:Desktop:LiftFlow/src/hooks/useAuth
2026-05-28T22:44:34.678Z expo:metro:tsconfig-paths @/hooks/useVoiceLogging -> /Users/timothybarrett/Desktop/:Desktop:LiftFlow/src/hooks/useVoiceLogging
2026-05-28T22:44:34.678Z expo:metro:tsconfig-paths @/services/voiceService -> /Users/timothybarrett/Desktop/:Desktop:LiftFlow/src/services/voiceService
2026-05-28T22:44:34.678Z expo:metro:tsconfig-paths @/services/workoutService -> /Users/timothybarrett/Desktop/:Desktop:LiftFlow/src/services/workoutService
2026-05-28T22:44:34.682Z expo:start:server:metro:metroWatchTypeScriptFiles Detected TypeScript file changed in the project:  /Users/timothybarrett/Desktop/:Desktop:LiftFlow/backend/src/routes/voice.ts
2026-05-28T22:44:34.682Z expo:start:server:metro:metroWatchTypeScriptFiles Detected TypeScript file changed in the project:  /Users/timothybarrett/Desktop/:Desktop:LiftFlow/backend/src/routes/ai.ts
2026-05-28T22:44:34.682Z expo:start:server:metro:metroWatchTypeScriptFiles Detected TypeScript file changed in the project:  /Users/timothybarrett/Desktop/:Desktop:LiftFlow/backend/src/lib/voiceParser.ts
2026-05-28T22:44:34.682Z expo:start:server:metro:metroWatchTypeScriptFiles Detected TypeScript file changed in the project:  /Users/timothybarrett/Desktop/:Desktop:LiftFlow/backend/src/lib/openai.ts
2026-05-28T22:44:34.682Z expo:start:server:metro:metroWatchTypeScriptFiles Detected TypeScript file changed in the project:  /Users/timothybarrett/Desktop/:Desktop:LiftFlow/backend/src/lib/supabase.ts
2026-05-28T22:44:34.682Z expo:start:server:metro:metroWatchTypeScriptFiles Detected TypeScript file changed in the project:  /Users/timothybarrett/Desktop/:Desktop:LiftFlow/src/services/goalService.ts
2026-05-28T22:44:34.682Z expo:start:server:metro:metroWatchTypeScriptFiles Detected TypeScript file changed in the project:  /Users/timothybarrett/Desktop/:Desktop:LiftFlow/src/services/index.ts
2026-05-28T22:44:34.682Z expo:start:server:metro:metroWatchTypeScriptFiles Detected TypeScript file changed in the project:  /Users/timothybarrett/Desktop/:Desktop:LiftFlow/src/services/voiceService.ts
2026-05-28T22:44:34.682Z expo:start:server:metro:metroWatchTypeScriptFiles Detected TypeScript file changed in the project:  /Users/timothybarrett/Desktop/:Desktop:LiftFlow/src/services/authService.ts
2026-05-28T22:44:34.682Z expo:start:server:metro:metroWatchTypeScriptFiles Detected TypeScript file changed in the project:  /Users/timothybarrett/Desktop/:Desktop:LiftFlow/src/services/userService.ts
2026-05-28T22:44:34.682Z expo:start:server:metro:metroWatchTypeScriptFiles Detected TypeScript file changed in the project:  /Users/timothybarrett/Desktop/:Desktop:LiftFlow/src/supabase/client.ts
2026-05-28T22:44:34.682Z expo:start:server:metro:metroWatchTypeScriptFiles Detected TypeScript file changed in the project:  /Users/timothybarrett/Desktop/:Desktop:LiftFlow/src/supabase/authStorage.ts
2026-05-28T22:44:34.682Z expo:start:server:metro:metroWatchTypeScriptFiles Detected TypeScript file changed in the project:  /Users/timothybarrett/Desktop/:Desktop:LiftFlow/src/lib/serviceResult.ts
2026-05-28T22:44:34.691Z expo:metro:tsconfig-paths @/api/client -> /Users/timothybarrett/Desktop/:Desktop:LiftFlow/src/api/client
2026-05-28T22:44:34.691Z expo:metro:tsconfig-paths @/lib/serviceResult -> /Users/timothybarrett/Desktop/:Desktop:LiftFlow/src/lib/serviceResult
2026-05-28T22:44:34.691Z expo:metro:tsconfig-paths @/supabase/client -> /Users/timothybarrett/Desktop/:Desktop:LiftFlow/src/supabase/client
2026-05-28T22:44:34.700Z expo:metro:tsconfig-paths @/components/history/HistoryCard -> /Users/timothybarrett/Desktop/:Desktop:LiftFlow/src/components/history/HistoryCard
2026-05-28T22:44:34.701Z expo:metro:tsconfig-paths @/components/layout/Card -> /Users/timothybarrett/Desktop/:Desktop:LiftFlow/src/components/layout/Card
2026-05-28T22:44:34.701Z expo:metro:tsconfig-paths @/components/layout/PrimaryButton -> /Users/timothybarrett/Desktop/:Desktop:LiftFlow/src/components/layout/PrimaryButton
2026-05-28T22:44:34.701Z expo:metro:tsconfig-paths @/components/layout/ScreenContainer -> /Users/timothybarrett/Desktop/:Desktop:LiftFlow/src/components/layout/ScreenContainer
2026-05-28T22:44:34.701Z expo:metro:tsconfig-paths @/components/layout/SectionHeader -> /Users/timothybarrett/Desktop/:Desktop:LiftFlow/src/components/layout/SectionHeader
2026-05-28T22:44:34.701Z expo:metro:tsconfig-paths @/components/ui/AppText -> /Users/timothybarrett/Desktop/:Desktop:LiftFlow/src/components/ui/AppText
2026-05-28T22:44:34.701Z expo:metro:tsconfig-paths @/constants/theme -> /Users/timothybarrett/Desktop/:Desktop:LiftFlow/src/constants/theme
2026-05-28T22:44:34.701Z expo:metro:tsconfig-paths @/hooks/useAuth -> /Users/timothybarrett/Desktop/:Desktop:LiftFlow/src/hooks/useAuth
2026-05-28T22:44:34.701Z expo:metro:tsconfig-paths @/services/aiService -> /Users/timothybarrett/Desktop/:Desktop:LiftFlow/src/services/aiService
2026-05-28T22:44:34.701Z expo:metro:tsconfig-paths @/services/analyticsService -> /Users/timothybarrett/Desktop/:Desktop:LiftFlow/src/services/analyticsService
2026-05-28T22:44:34.709Z expo:metro:tsconfig-paths @/lib/db-mappers -> /Users/timothybarrett/Desktop/:Desktop:LiftFlow/src/lib/db-mappers
| 2026-05-28T22:44:34.731Z expo:babel:env-vars Referencing environment variable in /Users/timothybarrett/Desktop/:Desktop:LiftFlow/src/services/bodyService.ts: EXPO_PUBLIC_API_URL
| 2026-05-28T22:44:34.732Z expo:babel:env-vars Referencing environment variable in /Users/timothybarrett/Desktop/:Desktop:LiftFlow/src/services/bodyService.ts: EXPO_PUBLIC_API_URL
2026-05-28T22:44:34.790Z expo:metro:tsconfig-paths @/services/bodyService -> /Users/timothybarrett/Desktop/:Desktop:LiftFlow/src/services/bodyService
2026-05-28T22:44:34.804Z expo:metro:tsconfig-paths @/components/layout/Card -> /Users/timothybarrett/Desktop/:Desktop:LiftFlow/src/components/layout/Card
2026-05-28T22:44:34.804Z expo:metro:tsconfig-paths @/components/ui/AppText -> /Users/timothybarrett/Desktop/:Desktop:LiftFlow/src/components/ui/AppText
2026-05-28T22:44:34.804Z expo:metro:tsconfig-paths @/constants/theme -> /Users/timothybarrett/Desktop/:Desktop:LiftFlow/src/constants/theme
2026-05-28T22:44:34.804Z expo:metro:tsconfig-paths @/constants/workout -> /Users/timothybarrett/Desktop/:Desktop:LiftFlow/src/constants/workout
2026-05-28T22:44:34.805Z expo:metro:tsconfig-paths @/components/ui/AppSymbol -> /Users/timothybarrett/Desktop/:Desktop:LiftFlow/src/components/ui/AppSymbol
2026-05-28T22:44:34.805Z expo:metro:tsconfig-paths @/constants/theme -> /Users/timothybarrett/Desktop/:Desktop:LiftFlow/src/constants/theme
2026-05-28T22:44:34.805Z expo:metro:tsconfig-paths @/hooks/useAuth -> /Users/timothybarrett/Desktop/:Desktop:LiftFlow/src/hooks/useAuth
2026-05-28T22:56:58.888Z expo:start:server:metro:waitForTypescript Observed change: /Users/timothybarrett/Desktop/:Desktop:LiftFlow/.env
2026-05-28T22:56:58.889Z expo:start:server:metro Reloading environment variables...
2026-05-28T22:56:58.890Z expo:env Loaded environment variables from: /Users/timothybarrett/Desktop/:Desktop:LiftFlow/.env
2026-05-28T22:56:58.891Z expo:env /Users/timothybarrett/Desktop/:Desktop:LiftFlow/.env.development does not exist, skipping this env file
2026-05-28T22:56:58.891Z expo:env /Users/timothybarrett/Desktop/:Desktop:LiftFlow/.env.local does not exist, skipping this env file
2026-05-28T22:56:58.891Z expo:env /Users/timothybarrett/Desktop/:Desktop:LiftFlow/.env.development.local does not exist, skipping this env file
2026-05-28T22:58:23.510Z expo:start:server:metro:waitForTypescript Observed change: /Users/timothybarrett/Desktop/:Desktop:LiftFlow/.env
2026-05-28T22:58:23.510Z expo:start:server:metro Reloading environment variables...
2026-05-28T22:58:23.510Z expo:env Loaded environment variables from: /Users/timothybarrett/Desktop/:Desktop:LiftFlow/.env
2026-05-28T22:58:23.511Z expo:env /Users/timothybarrett/Desktop/:Desktop:LiftFlow/.env.development does not exist, skipping this env file
2026-05-28T22:58:23.511Z expo:env /Users/timothybarrett/Desktop/:Desktop:LiftFlow/.env.local does not exist, skipping this env file
2026-05-28T22:58:23.511Z expo:env /Users/timothybarrett/Desktop/:Desktop:LiftFlow/.env.development.local does not exist, skipping this env file
2026-05-28T22:58:23.511Z expo:env "EXPO_PUBLIC_SUPABASE_URL" is already defined and IS NOT overwritten
2026-05-28T22:58:23.511Z expo:env "EXPO_PUBLIC_SUPABASE_ANON_KEY" is already defined and IS NOT overwritten
2026-05-28T22:58:23.511Z expo:env "EXPO_PUBLIC_API_URL" is already defined and IS NOT overwritten
2026-05-28T22:58:23.511Z expo:env "PORT" is already defined and IS NOT overwritten
2026-05-28T22:58:23.511Z expo:env "OPENAI_API_KEY" is already defined and IS NOT overwritten
2026-05-28T22:58:23.511Z expo:env "SUPABASE_URL" is already defined and IS NOT overwritten
2026-05-28T22:58:23.511Z expo:env "SUPABASE_SERVICE_ROLE_KEY" is already defined and IS NOT overwritten
2026-05-28T22:59:21.848Z expo:start:server:metro:waitForTypescript Observed change: /Users/timothybarrett/Desktop/:Desktop:LiftFlow/.env
2026-05-28T22:59:21.848Z expo:start:server:metro Reloading environment variables...
2026-05-28T22:59:21.848Z expo:env Loaded environment variables from: /Users/timothybarrett/Desktop/:Desktop:LiftFlow/.env
2026-05-28T22:59:21.848Z expo:env /Users/timothybarrett/Desktop/:Desktop:LiftFlow/.env.development does not exist, skipping this env file
2026-05-28T22:59:21.848Z expo:env /Users/timothybarrett/Desktop/:Desktop:LiftFlow/.env.local does not exist, skipping this env file
2026-05-28T22:59:21.848Z expo:env /Users/timothybarrett/Desktop/:Desktop:LiftFlow/.env.development.local does not exist, skipping this env file
2026-05-28T22:59:21.849Z expo:env "EXPO_PUBLIC_SUPABASE_URL" is already defined and IS NOT overwritten
2026-05-28T22:59:21.849Z expo:env "EXPO_PUBLIC_SUPABASE_ANON_KEY" is already defined and IS NOT overwritten
2026-05-28T22:59:21.849Z expo:env "EXPO_PUBLIC_API_URL" is already defined and IS NOT overwritten
2026-05-28T22:59:21.849Z expo:env "PORT" is already defined and IS NOT overwritten
2026-05-28T22:59:21.849Z expo:env "OPENAI_API_KEY" is already defined and IS NOT overwritten
2026-05-28T22:59:21.849Z expo:env "SUPABASE_URL" is already defined and IS NOT overwritten
2026-05-28T22:59:21.849Z expo:env "SUPABASE_SERVICE_ROLE_KEY" is already defined and IS NOT overwritten
2026-05-28T23:00:01.346Z expo:start:server:metro:waitForTypescript Observed change: /Users/timothybarrett/Desktop/:Desktop:LiftFlow/.env
2026-05-28T23:00:01.346Z expo:start:server:metro Reloading environment variables...
2026-05-28T23:00:01.347Z expo:env Loaded environment variables from: /Users/timothybarrett/Desktop/:Desktop:LiftFlow/.env
2026-05-28T23:00:01.347Z expo:env /Users/timothybarrett/Desktop/:Desktop:LiftFlow/.env.development does not exist, skipping this env file
2026-05-28T23:00:01.347Z expo:env /Users/timothybarrett/Desktop/:Desktop:LiftFlow/.env.local does not exist, skipping this env file
2026-05-28T23:00:01.347Z expo:env /Users/timothybarrett/Desktop/:Desktop:LiftFlow/.env.development.local does not exist, skipping this env file
2026-05-28T23:00:01.348Z expo:env "EXPO_PUBLIC_SUPABASE_URL" is already defined and IS NOT overwritten
2026-05-28T23:00:01.348Z expo:env "EXPO_PUBLIC_SUPABASE_ANON_KEY" is already defined and IS NOT overwritten
2026-05-28T23:00:01.348Z expo:env "EXPO_PUBLIC_API_URL" is already defined and IS NOT overwritten
2026-05-28T23:00:01.348Z expo:env "PORT" is already defined and IS NOT overwritten
2026-05-28T23:00:01.348Z expo:env "OPENAI_API_KEY" is already defined and IS NOT overwritten
2026-05-28T23:00:01.348Z expo:env "SUPABASE_URL" is already defined and IS NOT overwritten
2026-05-28T23:00:01.348Z expo:env "SUPABASE_SERVICE_ROLE_KEY" is already defined and IS NOT overwritten
2026-05-28T23:00:15.863Z expo:start:server:metro:waitForTypescript Observed change: /Users/timothybarrett/Desktop/:Desktop:LiftFlow/.env
2026-05-28T23:00:15.863Z expo:start:server:metro Reloading environment variables...
2026-05-28T23:00:15.864Z expo:env Loaded environment variables from: /Users/timothybarrett/Desktop/:Desktop:LiftFlow/.env
2026-05-28T23:00:15.864Z expo:env /Users/timothybarrett/Desktop/:Desktop:LiftFlow/.env.development does not exist, skipping this env file
2026-05-28T23:00:15.864Z expo:env /Users/timothybarrett/Desktop/:Desktop:LiftFlow/.env.local does not exist, skipping this env file
2026-05-28T23:00:15.864Z expo:env /Users/timothybarrett/Desktop/:Desktop:LiftFlow/.env.development.local does not exist, skipping this env file
2026-05-28T23:00:15.864Z expo:env "EXPO_PUBLIC_SUPABASE_URL" is already defined and IS NOT overwritten
2026-05-28T23:00:15.864Z expo:env "EXPO_PUBLIC_SUPABASE_ANON_KEY" is already defined and IS NOT overwritten
2026-05-28T23:00:15.864Z expo:env "EXPO_PUBLIC_API_URL" is already defined and IS NOT overwritten
2026-05-28T23:00:15.864Z expo:env "PORT" is already defined and IS NOT overwritten
2026-05-28T23:00:15.864Z expo:env "OPENAI_API_KEY" is already defined and IS NOT overwritten
2026-05-28T23:00:15.864Z expo:env "SUPABASE_URL" is already defined and IS NOT overwritten
2026-05-28T23:00:15.864Z expo:env "SUPABASE_SERVICE_ROLE_KEY" is already defined and IS NOT overwritten
2026-05-28T23:01:04.311Z expo:start:server:metro:waitForTypescript Observed change: /Users/timothybarrett/Desktop/:Desktop:LiftFlow/.env
2026-05-28T23:01:04.311Z expo:start:server:metro Reloading environment variables...
2026-05-28T23:01:04.311Z expo:env Loaded environment variables from: /Users/timothybarrett/Desktop/:Desktop:LiftFlow/.env
2026-05-28T23:01:04.311Z expo:env /Users/timothybarrett/Desktop/:Desktop:LiftFlow/.env.development does not exist, skipping this env file
2026-05-28T23:01:04.312Z expo:env /Users/timothybarrett/Desktop/:Desktop:LiftFlow/.env.local does not exist, skipping this env file
2026-05-28T23:01:04.312Z expo:env /Users/timothybarrett/Desktop/:Desktop:LiftFlow/.env.development.local does not exist, skipping this env file
2026-05-28T23:01:04.312Z expo:env "EXPO_PUBLIC_SUPABASE_URL" is already defined and IS NOT overwritten
2026-05-28T23:01:04.312Z expo:env "EXPO_PUBLIC_SUPABASE_ANON_KEY" is already defined and IS NOT overwritten
2026-05-28T23:01:04.312Z expo:env "EXPO_PUBLIC_API_URL" is already defined and IS NOT overwritten
2026-05-28T23:01:04.312Z expo:env "PORT" is already defined and IS NOT overwritten
2026-05-28T23:01:04.312Z expo:env "OPENAI_API_KEY" is already defined and IS NOT overwritten
2026-05-28T23:01:04.312Z expo:env "SUPABASE_URL" is already defined and IS NOT overwritten
2026-05-28T23:01:04.312Z expo:env "SUPABASE_SERVICE_ROLE_KEY" is already defined and IS NOT overwritten
2026-05-28T23:01:45.820Z expo:start:server:metro:waitForTypescript Observed change: /Users/timothybarrett/Desktop/:Desktop:LiftFlow/.env
2026-05-28T23:01:45.820Z expo:start:server:metro Reloading environment variables...
2026-05-28T23:01:45.820Z expo:env Loaded environment variables from: /Users/timothybarrett/Desktop/:Desktop:LiftFlow/.env
2026-05-28T23:01:45.820Z expo:env /Users/timothybarrett/Desktop/:Desktop:LiftFlow/.env.development does not exist, skipping this env file
2026-05-28T23:01:45.820Z expo:env /Users/timothybarrett/Desktop/:Desktop:LiftFlow/.env.local does not exist, skipping this env file
2026-05-28T23:01:45.821Z expo:env /Users/timothybarrett/Desktop/:Desktop:LiftFlow/.env.development.local does not exist, skipping this env file
2026-05-28T23:01:45.821Z expo:env "EXPO_PUBLIC_SUPABASE_URL" is already defined and IS NOT overwritten
2026-05-28T23:01:45.821Z expo:env "EXPO_PUBLIC_SUPABASE_ANON_KEY" is already defined and IS NOT overwritten
2026-05-28T23:01:45.821Z expo:env "EXPO_PUBLIC_API_URL" is already defined and IS NOT overwritten
2026-05-28T23:01:45.821Z expo:env "PORT" is already defined and IS NOT overwritten
2026-05-28T23:01:45.821Z expo:env "OPENAI_API_KEY" is already defined and IS NOT overwritten
2026-05-28T23:01:45.821Z expo:env "SUPABASE_URL" is already defined and IS NOT overwritten
2026-05-28T23:01:45.821Z expo:env "SUPABASE_SERVICE_ROLE_KEY" is already defined and IS NOT overwritten
2026-05-28T23:02:25.474Z expo:start:server:metro:waitForTypescript Observed change: /Users/timothybarrett/Desktop/:Desktop:LiftFlow/.env
2026-05-28T23:02:25.474Z expo:start:server:metro Reloading environment variables...
2026-05-28T23:02:25.474Z expo:env Loaded environment variables from: /Users/timothybarrett/Desktop/:Desktop:LiftFlow/.env
2026-05-28T23:02:25.475Z expo:env /Users/timothybarrett/Desktop/:Desktop:LiftFlow/.env.development does not exist, skipping this env file
2026-05-28T23:02:25.475Z expo:env /Users/timothybarrett/Desktop/:Desktop:LiftFlow/.env.local does not exist, skipping this env file
2026-05-28T23:02:25.475Z expo:env /Users/timothybarrett/Desktop/:Desktop:LiftFlow/.env.development.local does not exist, skipping this env file
2026-05-28T23:02:25.476Z expo:env "EXPO_PUBLIC_SUPABASE_URL" is already defined and IS NOT overwritten
2026-05-28T23:02:25.476Z expo:env "EXPO_PUBLIC_SUPABASE_ANON_KEY" is already defined and IS NOT overwritten
2026-05-28T23:02:25.476Z expo:env "EXPO_PUBLIC_API_URL" is already defined and IS NOT overwritten
2026-05-28T23:02:25.476Z expo:env "PORT" is already defined and IS NOT overwritten
2026-05-28T23:02:25.476Z expo:env "OPENAI_API_KEY" is already defined and IS NOT overwritten
2026-05-28T23:02:25.476Z expo:env "SUPABASE_URL" is already defined and IS NOT overwritten
2026-05-28T23:02:25.476Z expo:env "SUPABASE_SERVICE_ROLE_KEY" is already defined and IS NOT overwritten
2026-05-28T23:02:52.077Z expo:start:server:metro:waitForTypescript Observed change: /Users/timothybarrett/Desktop/:Desktop:LiftFlow/.env
2026-05-28T23:02:52.078Z expo:start:server:metro Reloading environment variables...
2026-05-28T23:02:52.078Z expo:env Loaded environment variables from: /Users/timothybarrett/Desktop/:Desktop:LiftFlow/.env
2026-05-28T23:02:52.079Z expo:env /Users/timothybarrett/Desktop/:Desktop:LiftFlow/.env.development does not exist, skipping this env file
2026-05-28T23:02:52.079Z expo:env /Users/timothybarrett/Desktop/:Desktop:LiftFlow/.env.local does not exist, skipping this env file
2026-05-28T23:02:52.079Z expo:env /Users/timothybarrett/Desktop/:Desktop:LiftFlow/.env.development.local does not exist, skipping this env file
2026-05-28T23:02:52.079Z expo:env "EXPO_PUBLIC_SUPABASE_URL" is already defined and IS NOT overwritten
2026-05-28T23:02:52.079Z expo:env "EXPO_PUBLIC_SUPABASE_ANON_KEY" is already defined and IS NOT overwritten
2026-05-28T23:02:52.079Z expo:env "EXPO_PUBLIC_API_URL" is already defined and IS NOT overwritten
2026-05-28T23:02:52.079Z expo:env "PORT" is already defined and IS NOT overwritten
2026-05-28T23:02:52.079Z expo:env "OPENAI_API_KEY" is already defined and IS NOT overwritten
2026-05-28T23:02:52.080Z expo:env "SUPABASE_URL" is already defined and IS NOT overwritten
2026-05-28T23:02:52.080Z expo:env "SUPABASE_SERVICE_ROLE_KEY" is already defined and IS NOT overwritten
2026-05-28T23:04:41.720Z expo:start:server:metro:waitForTypescript Observed change: /Users/timothybarrett/Desktop/:Desktop:LiftFlow/.env
2026-05-28T23:04:41.720Z expo:start:server:metro Reloading environment variables...
2026-05-28T23:04:41.720Z expo:env Loaded environment variables from: /Users/timothybarrett/Desktop/:Desktop:LiftFlow/.env
2026-05-28T23:04:41.720Z expo:env /Users/timothybarrett/Desktop/:Desktop:LiftFlow/.env.development does not exist, skipping this env file
2026-05-28T23:04:41.720Z expo:env /Users/timothybarrett/Desktop/:Desktop:LiftFlow/.env.local does not exist, skipping this env file
2026-05-28T23:04:41.720Z expo:env /Users/timothybarrett/Desktop/:Desktop:LiftFlow/.env.development.local does not exist, skipping this env file
2026-05-28T23:04:41.720Z expo:env "EXPO_PUBLIC_SUPABASE_URL" is already defined and IS NOT overwritten
2026-05-28T23:04:41.720Z expo:env "EXPO_PUBLIC_SUPABASE_ANON_KEY" is already defined and IS NOT overwritten
2026-05-28T23:04:41.720Z expo:env "EXPO_PUBLIC_API_URL" is already defined and IS NOT overwritten
2026-05-28T23:04:41.720Z expo:env "PORT" is already defined and IS NOT overwritten
2026-05-28T23:04:41.720Z expo:env "OPENAI_API_KEY" is already defined and IS NOT overwritten
2026-05-28T23:04:41.720Z expo:env "SUPABASE_URL" is already defined and IS NOT overwritten
2026-05-28T23:04:41.720Z expo:env "SUPABASE_SERVICE_ROLE_KEY" is already defined and IS NOT overwritten
